years,discount,spot,forward
0.0,1.0,0.009999999999999998,0.009999999999999998
0.05,0.9994723757529724,0.01055526979362515,0.011103370454451054
0.1,0.9988909832204128,0.011096321937410747,0.012164448290611612
0.15000000000000002,0.9982579919973581,0.011623513753215985,0.01318464931029498
0.2,0.9975755051174476,0.01213719364730303,0.014165345184370706
0.25,0.9968455603991521,0.012637701332001297,0.015107864768884949
0.30000000000000004,0.9960701318100333,0.013125368041871624,0.01601349538309281
0.35000000000000003,0.9952511308446301,0.013600516744506748,0.016883484050481134
0.4,0.9943904079119145,0.014063462346100907,0.01771903870383027
0.45,0.9934897537285863,0.014514511891918306,0.018521329355333953
0.5,0.9925509007147849,0.014953964761786778,0.01929148923276818
0.55,0.991575524389084,0.015382112860739997,0.020030615882672288
0.6000000000000001,0.990565244759908,0.01579924080492842,0.020739772241478528
0.65,0.9895216277107658,0.01620562610291631,0.021419987675500393
0.7000000000000001,0.988446186376936,0.016601539332479116,0.02207225899066447
0.75,0.9873403825114624,0.01698724431301273,0.02269755141284592
0.8,0.9862056278385284,0.017362998273663527,0.023296799539643608
0.8500000000000001,0.9850432853924764,0.017729052017285023,0.023870908264407683
0.9,0.9838546708409207,0.018085650080324853,0.02442075367330948
0.9500000000000001,0.9826410537905722,0.018433030888742707,0.024947183916221714
1.0,0.9814036590745547,0.01877142691005783,0.02545102005215525
1.05,0.9801436680201384,0.01910106480162186,0.025933056869978145
1.1,0.9788622196959534,0.01942216555521068,0.026394063685121958
1.1500000000000001,0.9775604121378755,0.019734944638026494,0.026834785112960873
1.2000000000000002,0.9762393035528915,0.02003961213019912,0.027255941819529866
1.25,0.9748999135003631,0.020336372858873318,0.027658231250229415
1.3,0.9735432240502068,0.020625426528966782,0.028042328337146188
1.35,0.9721701809176018,0.020906967850681274,0.028408886185601407
1.4000000000000001,0.9707816945739212,0.02118118666384755,0.028758536740521475
1.4500000000000002,0.9693786413336644,0.021448268059182405,0.029091891433208696
1.5,0.9679618644172334,0.021708392496534536,0.029409541809073732
1.55,0.9665321749894706,0.021961735920193817,0.029712060136875648
1.6,0.9650903531739271,0.022208469871336824,0.03
1.6500000000000001,0.9636371490428913,0.02244876159767961,0.030273896870290595
1.7000000000000002,0.9621732835832557,0.02268277416040697,0.030534268664935908
1.75,0.9606994496383421,0.022910666538445812,0.0307816162868972
1.8,0.9592163128258513,0.023132593730148362,0.031016424149351497
1.85,0.957724512432136,0.02334870685244954,0.031239160684609354
1.9000000000000001,0.9562246622830288,0.02355915323756115,0.03145027883795438
1.9500000000000002,0.9547173515914906,0.023764076527263863,0.03165021654683881
2.0,0.9532031457823646,0.02396361676485673,0.03183939720585721
2.0500000000000003,0.9516825872945501,0.024157910484822177,0.032018230117908476
2.1,0.9501561963609264,0.024347090800263232,0.03218711093194472
2.15,0.9486244717663778,0.024531287488168206,0.03234642206769433
2.2,0.9470878915842834,0.024710627072556737,0.032496533127735594
2.25,0.9455469138918523,0.024885232905559697,0.03263780129728659
2.3000000000000003,0.9440019774646892,0.02505522524648431,0.03277057173206672
2.35,0.9424535024509941,0.025220721338914308,0.032895177934575186
2.4000000000000004,0.9409018910257982,0.025381835485894105,0.03301194211912202
2.45,0.9393475280256496,0.025538679123244198,0.033121175565937536
2.5,0.9377907815641644,0.025691360891054484,0.033223178964677136
2.5500000000000003,0.9362320036288637,0.025839986703400472,0.03331824274762921
2.6,0.9346715306597163,0.025984659816326562,0.03340664741292516
2.6500000000000004,0.9331096841098109,0.026125480894139373,0.033488663838042165
2.7,0.9315467709885785,0.026262548074053114,0.03356455358388101
2.75,0.9299830843879865,0.026395957029227715,0.03363456918969323
2.8000000000000003,0.9284189039921232,0.026525801030239812,0.033698954459124096
2.85,0.9268544965705893,0.026652171005025333,0.033757944737630344
2.9000000000000004,0.9252901164561081,0.026775155597331617,0.03381176718152421
2.95,0.9237260060067655,0.026894841223716142,0.03386064101888813
3.0,0.9221623960532819,0.027011312129127822,0.03390477780259752
3.0500000000000003,0.920599506331717,0.02712465044110612,0.033944381655682344
3.1,0.9190375459020017,0.027234936222632254,0.03397964950925143
3.1500000000000004,0.917476713552684,0.02734224752366594,0.03401077133319733
3.2,0.9159171981922734,0.027446660431400316,0.03403793035989311
3.25,0.9143591792275578,0.027548249119266857,0.034061303301086504
3.3000000000000003,0.912802826929265,0.027647085894721285,0.034081060558191024
3.35,0.911248302785427,0.027743241245840756,0.034097366426167806
3.4000000000000004,0.909695759842809,0.027836783886761824,0.03411037929118653
3.45,0.9081453430367454,0.02792778080198798,0.034120251822248274
3.5,0.9065971895097301,0.028016297289594743,0.03412713115694807
3.5500000000000003,0.9050514289190906,0.028102397003359814,0.03413115908154958
3.6,0.9035081837340765,0.028186141993844817,0.034132472205539666
3.6500000000000004,0.9019675695226794,0.02826759274845482,0.03413120213082553
3.7,0.9004296952284989,0.028346808230500856,0.034127475615732726
3.75,0.8988946634379571,0.02842384591729031,0.03412141473395745
3.8000000000000003,0.8973625706381614,0.028498761837269293,0.03411313702862247
3.85,0.8958335074657048,0.02857161060624048,0.03410275566158139
3.9000000000000004,0.8943075589466862,0.028642445462679432,0.03409037955811226
3.95,0.8927848047282295,0.0287113183021718,0.034076113547136806
4.0,0.8912653193017652,0.02877827971099315,0.03406005849709838
4.05,0.8897491722183416,0.02884337899885281,0.0340423114476273
4.1000000000000005,0.8882364282962169,0.028906664230822447,0.03402296573711888
4.15,0.886727147820981,0.02896818225846959,0.03400211112634566
4.2,0.885221386738449,0.02902797875021597,0.03397983391822191
4.25,0.8837191968405592,0.029086098220939726,0.03395621707383509
4.3,0.8822206259445057,0.029142584060840488,0.03393134032485552
4.3500000000000005,0.8807257180653248,0.029197478563585472,0.033905280282432504
4.4,0.879234513582153,0.02925082295375453,0.03387811054268169
4.45,0.8777470493983627,0.029302657413601562,0.033849901788865794
4.5,0.8762633590957813,0.029353021109149245,0.03382072189036758
4.55,0.8747834730831895,0.029401952215633693,0.033790635998551186
4.6000000000000005,0.8733074187392891,0.029449487942315118,0.03375970663960514
4.65,0.8718352205503285,0.029495664556670336,0.03372799380445772
4.7,0.8703669002425625,0.029540517407982428,0.033695555035852545
4.75,0.8689024769097244,0.029584080950342543,0.03366244551266988
4.800000000000001,0.8674419671356769,0.02962638876507841,0.0336287181315765
4.8500000000000005,0.8659853851124072,0.029667473582623925,0.0335944235860848
4.9,0.8645327427535259,0.02970736730384355,0.03355961044309903
4.95,0.863084049803422,0.0297461010208252,0.03352432521702487
5.0,0.861639313942226,0.02978370503715473,0.0334886124415157
5.050000000000001,0.8601985408867223,0.029820208887685017,0.033452514738927325
5.1000000000000005,0.8587617344873554,0.029855641357812046,0.03341607288755045
5.15,0.8573288968214607,0.029890030502270445,0.033379325886688335
5.2,0.8559000282828563,0.02992340366346024,0.03334231101964502
5.25,0.854475127667919,0.029955787489316568,0.033305063914687724
5.300000000000001,0.8530541922582697,0.029987207950733733,0.03326761860404487
5.3500000000000005,0.8516372179001874,0.030017690358554623,0.03323000758099981
5.4,0.8502241990808657,0.03004725938013635,0.033192261855138114
5.45,0.8488151290016257,0.030075939055502557,0.03315441100580492
5.5,0.8474099996481909,0.03010375281309284,0.033116483233826995
5.550000000000001,0.8460088018581307,0.030130723485119113,0.033078505411552626
5.6000000000000005,0.844611525385571,0.030156873322538802,0.0330405031312609
5.65,0.8432181589632735,0.030182224009654406,0.033002500751990335
5.7,0.8418286903621729,0.03020679667834862,0.03296452144483547
5.75,0.8404431064484688,0.030230611921964214,0.032926587236758446
5.800000000000001,0.8390613932383565,0.030253689808837393,0.032888719052961375
5.8500000000000005,0.8376835359504851,0.030276049895493318,0.03285093675786378
5.9,0.836309519056222,0.030297711239512186,0.03281325919472824
5.95,0.834939326327808,0.030318692412074032,0.032775704223975896
6.0,0.8335729408844763,0.030339011510190292,0.03273828876023251
6.050000000000001,0.8322103452366107,0.0303586861686299,0.0327010288081443
6.1000000000000005,0.8308515213280181,0.030377733571547473,0.03266393949700168
6.15,0.829496450576379,0.030396170463821117,0.03262703511420806
6.2,0.828145113911949,0.030414013162106925,0.032590329137629576
6.25,0.8267974918145731,0.03043127756561736,0.03255383426686056
6.300000000000001,0.8254535643490751,0.030447979166630283,0.032517562453438606
6.3500000000000005,0.8241133111990852,0.030464133060735393,0.03248152493004212
6.4,0.822776711699361,0.030479753956824646,0.03244573223870197
6.45,0.8214437448666613,0.030494856186832883,0.03241019425805842
6.5,0.8201143894292254,0.030509453715235068,0.032374920229692974
6.550000000000001,0.8187886238549109,0.030523560148306067,0.032339918783564486
6.6000000000000005,0.8174664263780411,0.030537188743148938,0.0323051979625775
6.65,0.8161477750250109,0.030550352416497447,0.03227076524631024
6.7,0.8148326476386983,0.03056306375329851,0.03223662757392887
6.75,0.8135210219017278,0.030575335015079953,0.0322027913663135
6.800000000000001,0.8122128753586287,0.030587178148109014,0.032169262547421196
6.8500000000000005,0.8109081854369319,0.030598604791346712,0.03213604656490991
6.9,0.8096069294672458,0.030609626284203276,0.032103148410047
6.95,0.8083090847023511,0.030620253674099457,0.032070572636924956
7.0,0.8070146283353519,0.030630497723838725,0.0320383233810065
7.050000000000001,0.8057235375169217,0.03064036891879486,0.03200640437702043
7.1000000000000005,0.8044357893716776,0.030649877473919732,0.03197481897622896
7.15,0.803151361013719,0.03065903334057561,0.03194357016308664
7.2,0.8018702295613621,0.03066784621319645,0.03191266057131048
7.25,0.800592372151105,0.030676325535782346,0.03188209249938011
7.300000000000001,0.7993177659508491,0.03068448050823145,0.03185186792548632
7.3500000000000005,0.7980463881724128,0.030692320092513204,0.03182198852194586
7.4,0.7967782160833602,0.030699853018687003,0.031792455669099606
7.45,0.7955132270181765,0.030707087790770093,0.03176327046871098
7.5,0.794251398388815,0.030714032692458426,0.03173443375688067
7.550000000000001,0.792992707694641,0.030720695792704186,0.03170594611649346
7.6000000000000005,0.7917371325317979,0.030727084951153533,0.03167780788921242
7.65,0.7904846506020196,0.030733207823448058,0.03165001918703511
7.7,0.7892352397209108,0.030739071866393325,0.031622579903426255
7.75,0.7879888778257195,0.030744684342997892,0.031595489724040665
7.800000000000001,0.7867455429826202,0.03075005232738591,0.03156874813704984
7.8500000000000005,0.785505213393531,0.030755182709586572,0.03154235444308537
7.9,0.7842678674024819,0.030760082200203445,0.03151630776481172
7.95,0.7830334835015561,0.03076475733496662,0.031490607056140575
8.0,0.7818020403364194,0.030769214479170727,0.031465251111098734
8.05,0.7805735167114579,0.03077345983200154,0.031440238572360946
8.1,0.7793478915945404,0.03077749943075403,0.03141556793945885
8.15,0.778125144121421,0.03078133915494452,0.03139123757667684
8.200000000000001,0.7769052535997976,0.030784984730319674,0.0313672457206453
8.25,0.7756881995130441,0.03078844173276474,0.031343590487641286
8.3,0.7744739615236266,0.03079171559211375,0.031320269880606565
8.35,0.7732625194762214,0.03079481159586396,0.03129728179589243
8.4,0.7720538534005458,0.030797734892797014,0.03127462402974061
8.450000000000001,0.7708479435139169,0.030800490496509146,0.03125229428450901
8.5,0.769644770223549,0.030803083288852666,0.031230290174651183
8.55,0.7684443141286017,0.030805518023290956,0.031208609232457704
8.6,0.7672465560219928,0.03080779932816916,0.03118724891356758
8.65,0.7660514768919833,0.030809931709902615,0.03116620660225767
8.700000000000001,0.7648590579235488,0.030811919556085154,0.031145479616517587
8.75,0.7636692804995452,0.030813767138519226,0.031125065212917538
8.8,0.7624821262016791,0.030815478616169803,0.031104960591276157
8.85,0.7612975768112933,0.030817058038043976,0.031085162899135328
8.9,0.7601156143099759,0.030818509345998096,0.031065669236048584
8.950000000000001,0.7589362208800017,0.0308198363774743,0.031046476657689663
9.0,0.7577593789046139,0.030821042868168117,0.031027582179787412
9.05,0.7565850709681562,0.030822132454628944,0.031008982781893117
9.1,0.7554132798560598,0.030823108676795052,0.030990675410986185
9.15,0.7542439885546965,0.030823974980464734,0.030972656984923817
9.200000000000001,0.7530771802511019,0.030824734719705208,0.03095492439574019
9.25,0.7519128383325774,0.03082539115920086,0.03093747451280046
9.3,0.7507509463861773,0.030825947476542277,0.03092030418581481
9.35,0.749591488198087,0.030826406764457616,0.03090341024771743
9.4,0.7484344477528985,0.030826772032987716,0.03088678951741534
9.450000000000001,0.7472798092327895,0.030827046211606365,0.03087043880241171
9.5,0.7461275570166107,0.030827232151287118,0.03085435490130816
9.55,0.7449776756788884,0.030827332626517948,0.030838534606190494
9.600000000000001,0.7438301499887451,0.0308273503372651,0.030822974704902
9.65,0.7426849649087455,0.03082728791088738,0.030807671983208513
9.700000000000001,0.7415421055936712,0.03082714790400211,0.03079262322685911
9.75,0.7404015573892287,0.030826932804304027,0.030777825223546357
9.8,0.7392633058306963,0.030826645032338194,0.030763274764769744
9.850000000000001,0.7381273366415115,0.030826286943228164,0.030748968647605908
9.9,0.7369936357318062,0.030825860828360512,0.030734903676389157
9.950000000000001,0.7358621891968903,0.03082536891702675,0.030721076664305565
10.0,0.7347329833156904,0.03082481337802378,0.030707484434903974
10.05,0.7336060045491438,0.030824196321213894,0.030694123823526938
10.100000000000001,0.7324812395385543,0.030823519799045317,0.03068099167866474
10.15,0.7313586751039113,0.03082278580803428,0.0306680848632353
10.200000000000001,0.7302382982421741,0.030821996290209642,0.030655400255792928
10.25,0.7291200961255286,0.03082115313452091,0.030642934751668544
10.3,0.7280040560996129,0.03082025817821065,0.030630685264044083
10.350000000000001,0.7268901656817209,0.030819313208152184,0.03061864872496362
10.4,0.725778412558981,0.030818319962153323,0.030606822086283684
10.450000000000001,0.7246687845865167,0.030817280130227193,0.030595202320565132
10.5,0.7235612697855881,0.030816195355830765,0.030583786421908926
10.55,0.7224558563417178,0.030815067237072072,0.030572571406738
10.600000000000001,0.7213525326028051,0.030813897327886763,0.0305615543145274
10.65,0.720251287077226,0.030812687139184884,0.03055073220848474
10.700000000000001,0.7191521084319258,0.030811438139968533,0.030540102176183054
10.75,0.7180549854905028,0.03081015175842117,0.030529661330147864
10.8,0.7169599072312867,0.0308088293829693,0.030519406808400457
10.850000000000001,0.7158668627854117,0.030807472363317177,0.030509335774959095
10.9,0.7147758414348875,0.03080608201145527,0.030499445420299958
10.950000000000001,0.7136868326106682,0.030804659602643093,0.030489732961779446
11.0,0.7125998258907225,0.030803206376367066,0.030480195644019527
11.05,0.7115148109981028,0.03080172353727405,0.030470830739257652
11.100000000000001,0.7104317777990199,0.030800212256081136,0.030461635547662787
11.15,0.7093507163009192,0.030798673670462292,0.03045260739761899
11.200000000000001,0.7082716166505619,0.030797108885912493,0.03044374364597795
11.25,0.7071944691321145,0.030795518976589813,0.030435041678281895
11.3,0.7061192641652414,0.030793904986136125,0.030426498908958096
11.350000000000001,0.7050459923032092,0.030792267928476873,0.030418112781486286
11.4,0.703974644230997,0.030790608788600522,0.030409880768540228
11.450000000000001,0.7029052107634179,0.030788928523318083,0.030401800372104562
11.5,0.7018376828432504,0.030787228062003336,0.03039386912356807
11.55,0.7007720515393804,0.030785508307314156,0.030386084583794506
11.600000000000001,0.6997083080449563,0.03078377013589545,0.030378444343171974
11.65,0.6986464436755554,0.03078201439906416,0.030370946021641913
11.700000000000001,0.6975864498673638,0.030780241923476778,0.03036358726870864
11.75,0.6965283181753708,0.03077845351177982,0.030356365763430423
11.8,0.6954720402715753,0.030776649943243698,0.030349279214392965
11.850000000000001,0.6944176079432096,0.03077483197438039,0.03034232535966618
11.9,0.6933650130909766,0.030773000339545324,0.030335501966745095
11.950000000000001,0.6923142477273028,0.03077115575152386,0.03032880683247572
12.0,0.6912653039746074,0.030769298902102785,0.030322237782966624
12.05,0.6902181740635881,0.030767430462627202,0.030315792673486986
12.100000000000001,0.689172850331523,0.030765551084543125,0.030309469388351842
12.15,0.6881293252205896,0.030763661399926197,0.030303265840795224
12.200000000000001,0.6870875912762008,0.03076176202199688,0.030297179972831868
12.25,0.686047641145359,0.03075985354562242,0.030291209755108097
12.3,0.685009467575027,0.03075793654780594,0.030285353186742543
12.350000000000001,0.6839730634105177,0.030756011588162994,0.03027960829515728
12.4,0.6829384215939008,0.030754079209385915,0.030273973135899922
12.450000000000001,0.6819055351624286,0.030752139937696207,0.030268445792457275
12.5,0.6808743972469796,0.030750194283285324,0.030263024376061026
12.55,0.679845001070521,0.03074824274074415,0.030257707025485997
12.600000000000001,0.6788173399465893,0.030746285789481395,0.030252491906841473
12.65,0.6777914072777896,0.030744323894131297,0.030247377213356012
12.700000000000001,0.6767671965543139,0.030742357504950746,0.030242361165156228
12.75,0.6757447013524778,0.030740387058206267,0.030237442009039984
12.8,0.674723915333276,0.030738412976550982,0.03023261801824435
12.850000000000001,0.6737048322409569,0.0307364356693919,0.030227887492208807
12.9,0.6726874459016157,0.03073445553324769,0.03022324875633399
12.950000000000001,0.6716717502218056,0.03073247295209728,0.030218700161736382
13.0,0.6706577391871696,0.030730488297719422,0.030214240084999303
13.05,0.6696454068610889,0.03072850193002351,0.030209866927920513
13.100000000000001,0.6686347473833513,0.030726514197371838,0.030205579117256756
13.15,0.6676257549688378,0.030724525436893545,0.030201375104465533
13.200000000000001,0.6666184239062276,0.030722535974790435,0.030197253365444442
13.25,0.6656127485567218,0.03072054612663487,0.030193212400268305
13.3,0.6646087233527854,0.030718556197659994,0.030189250732924378
13.350000000000001,0.6636063427969074,0.03071656648304239,0.030185366911045928
13.4,0.66260560146038,0.030714577268177435,0.03018155950564434
13.450000000000001,0.6616064939820935,0.03071258882894753,0.03017782711084008
13.5,0.660609015067353,0.030710601431983335,0.030174168343592687
13.55,0.6596131594867088,0.030708615334918272,0.03017058184342997
13.600000000000001,0.6586189220748077,0.030706630786636345,0.030167066272176718
13.65,0.6576262977292602,0.030704648027513614,0.03016362031368299
13.700000000000001,0.6566352814095254,0.03070266728965329,0.030160242673552273
13.75,0.6556458681358142,0.03070068879711479,0.03015693207886961
13.8,0.6546580529880078,0.030698712766136796,0.030153687277929896
13.850000000000001,0.6536718311045953,0.030696739405354476,0.030150507039966523
13.9,0.6526871976816263,0.030694768916011105,0.030147390154880455
13.950000000000001,0.6517041479716819,0.030692801492164107,0.030144335432969932
14.0,0.6507226772828603,0.03069083732088574,0.03014134170466095
14.05,0.649742780977781,0.030688876582458547,0.030138407820238557
14.100000000000001,0.6487644544726033,0.030686919450565685,0.030135532649579216
14.15,0.6477876932360618,0.03068496609247628,0.030132715081884226
14.200000000000001,0.6468124927885176,0.03068301666922591,0.03012995402541438
14.25,0.645838848701025,0.03068107133579241,0.030127248407225953
14.3,0.6448667565944142,0.03067913024126701,0.03012459717290811
14.350000000000001,0.6438962121383884,0.030677193529021013,0.0301219992863218
14.4,0.6429272110506377,0.030675261336868098,0.030119453729340266
14.450000000000001,0.6419597490959652,0.030673333797222355,0.030116959501591243
14.5,0.6409938220854317,0.030671411037252145,0.03011451562020086
14.55,0.6400294258755113,0.030669493179029953,0.03011212111953941
14.600000000000001,0.6390665563672641,0.030667580339678237,0.030109775050968998
14.65,0.6381052095055216,0.0306656726315115,0.03010747648259311
14.700000000000001,0.6371453812780872,0.030663770162174545,0.03010522449900822
14.75,0.6361870677149495,0.03066187303477713,0.030103018201057465
14.8,0.6352302648875103,0.030659981348025053,0.03010085670558638
14.850000000000001,0.6342749689078259,0.03065809519634775,0.030098739145200847
14.9,0.6333211759278611,0.030656214670022542,0.030096664668027212
14.950000000000001,0.6323688821387572,0.030654339855295573,0.03009463243747464
15.0,0.6314180837701127,0.030652470834499537,0.03009264163199976
15.05,0.6304687770892763,0.030650607686168313,0.030090691444873592
15.100000000000001,0.6295209584006533,0.03064875048514851,0.030088781083950834
15.15,0.6285746240450238,0.030646899302708072,0.03008690977144149
15.200000000000001,0.627629770398874,0.030645054206641983,0.030085076743684904
15.25,0.626686393873738,0.030643215261375176,0.030083281250926183
15.3,0.6257444909155534,0.030641382528062665,0.030081522557095064
15.350000000000001,0.6248040580040273,0.030639556064687015,0.030079799939587207
15.4,0.6238650916520144,0.03063773592615323,0.030078112689047972
15.450000000000001,0.6229275884049065,0.030635922164381067,0.030076460109158615
15.5,0.6219915448400325,0.030634114828394912,0.030074841516425026
15.55,0.6210569575660706,0.030632313964411212,0.030073256239968905
15.600000000000001,0.6201238232224705,0.030630519615923595,0.03007170362132146
15.65,0.6191921384788868,0.03062873182378566,0.030070183014219588
15.700000000000001,0.6182619000346219,0.03062695062629161,0.030068693784404545
15.75,0.6173331046180811,0.030625176059254616,0.030067235309423162
15.8,0.6164057489862358,0.03062340815608317,0.030065806978431486
15.850000000000001,0.6154798299240986,0.030621646947855297,0.030064408192001006
15.9,0.6145553442442067,0.030619892463390815,0.0300630383619273
15.950000000000001,0.6136322887861163,0.030618144729321603,0.0300616969110412
16.0,0.6127106604159057,0.03061640377016,0.03006038327302245
16.05,0.6117904560256883,0.03061466960836529,0.030059096892215826
16.1,0.6108716725331338,0.03061294226440848,0.030057837223449718
16.150000000000002,0.6099543068810009,0.0306112217568352,0.03005660373185717
16.2,0.6090383560366758,0.030609508102326988,0.030055395892699392
16.25,0.6081238169917215,0.030607801315760852,0.03005421319119166
16.3,0.607210686761436,0.030606101410267192,0.03005305512233168
16.35,0.606298962384417,0.0306044083972862,0.03005192119073034
16.400000000000002,0.6053886409221374,0.030602722286622662,0.030050810910444845
16.45,0.6044797194585272,0.03060104308649927,0.03004972380481427
16.5,0.6035721950995635,0.030599370803608486,0.030048659406297435
16.55,0.6026660649728707,0.030597705443162947,0.03004761725631314
16.6,0.6017613262273248,0.030596047008944527,0.03004659690508274
16.650000000000002,0.6008579760326692,0.030594395503351995,0.03004559791147503
16.7,0.5999560115791345,0.03059275092744741,0.030044619842853403
16.75,0.5990554300770683,0.03059111328100118,0.030043662274925317
16.8,0.5981562287565714,0.030589482562535898,0.03004272479159398
16.85,0.5972584048671402,0.030587858769368977,0.030041806984812305
16.900000000000002,0.596361955677318,0.030586241897654052,0.030040908454439064
16.95,0.5954668784743512,0.030584631942421284,0.03004002880809724
17.0,0.5945731705638536,0.030583028897616493,0.03003916766103455
17.05,0.5936808292694767,0.03058143275613922,0.030038324635986137
17.1,0.5927898519325872,0.030579843509879728,0.03003749936303938
17.150000000000002,0.5919002359119493,0.030578261149754937,0.030036691479500822
17.2,0.5910119785834156,0.030576685665743387,0.03003590062976518
17.25,0.590125077339622,0.03057511704691918,0.030035126465186426
17.3,0.5892395295896903,0.030573555281484983,0.03003436864395094
17.35,0.5883553327589353,0.030572000356804106,0.030033626830952617
17.400000000000002,0.5874724842885789,0.030570452259431637,0.030032900697670055
17.45,0.5865909816354695,0.030568910975144737,0.030032189922045666
17.5,0.5857108222718067,0.030567376488972037,0.030031494188366755
17.55,0.5848320036848718,0.03056584878522222,0.030030813187148543
17.6,0.5839545233767639,0.03056432784751176,0.030030146615019095
17.650000000000002,0.5830783788641412,0.03056281365879191,0.030029494174606108
17.7,0.582203567677967,0.030561306201374858,0.030028855574425604
17.75,0.5813300873632612,0.030559805456959178,0.03002823052877243
17.8,0.5804579354788575,0.03055831140665453,0.030027618757612607
17.85,0.5795871095971639,0.030556824031005642,0.030027019986477412
17.900000000000002,0.5787176073039297,0.03055534331001559,0.030026433946359322
17.95,0.5778494261980164,0.030553869223168426,0.030025860373609617
18.0,0.5769825638911726,0.03055240174945112,0.030025299009837768
18.05,0.5761170180078155,0.03055094086737488,0.030024749601812506
18.1,0.5752527861848139,0.03054948655499585,0.03002421190136457
18.150000000000002,0.5743898660712787,0.030548038789935165,0.030023685665291094
18.2,0.5735282553283558,0.030546597549398466,0.030023170655261697
18.25,0.5726679516290232,0.030545162810194797,0.030022666637726084
18.3,0.5718089526578926,0.030543734548754975,0.030022173383823323
18.35,0.570951256111016,0.03054231274114938,0.03002169066929264
18.400000000000002,0.570094859695695,0.030540897363105245,0.030021218274385787
18.45,0.5692397611302934,0.030539488390023427,0.03002075598378092
18.5,0.568385958144056,0.030538085796994647,0.03002030358649797
18.55,0.5675334484769293,0.030536689558815264,0.030019860875815516
18.6,0.5666822298793858,0.030535299650002574,0.03001942764918911
18.650000000000002,0.5658323001122527,0.030533916044809647,0.030019003708171024
18.7,0.5649836569465444,0.030532538717239703,0.03001858885833143
18.75,0.5641362981632968,0.030531167641060036,0.03001818290918096
18.8,0.5632902215534069,0.030529802789815576,0.030017785674094674
18.85,0.5624454249174747,0.03052844413684192,0.03001739697023733
18.900000000000002,0.5616019060656482,0.030527091655278116,0.030017016618490024
18.95,0.5607596628174727,0.03052574531807887,0.03001664444337814
19.0,0.5599186930017415,0.03052440509802655,0.030016280273000573
19.05,0.5590789944563512,0.030523070967742694,0.03001592393896025
19.1,0.5582405650281596,0.03052174289969921,0.030015575276295885
19.150000000000002,0.5574034025728456,0.0305204208662292,0.030015234123414967
19.200000000000003,0.5565675049547738,0.030519104839537473,0.030014900322027988
19.25,0.5557328700468599,0.030517794791710694,0.03001457371708383
19.3,0.5548994957304404,0.03051649069472723,0.03001425415670635
19.35,0.5540673798951442,0.03051519252046666,0.030013941492132132
19.400000000000002,0.5532365204387674,0.030513900240719,0.030013635577649342
19.450000000000003,0.5524069152671499,0.030512613827193627,0.03001333627053774
19.5,0.5515785622940558,0.03051133325152789,0.03001304343100978
19.55,0.5507514594410546,0.03051005848529548,0.030012756922152793
19.6,0.549925604637407,0.030508789500014483,0.03001247660987224
19.650000000000002,0.5491009958199508,0.030507526267155204,0.030012202362836006
19.700000000000003,0.5482776309329905,0.0305062687581477,0.03001193405241976
19.75,0.5474555079281899,0.030505016944389084,0.03001167155265327
19.8,0.5466346247644642,0.030503770797250584,0.030011414740167778
19.85,0.5458149794078782,0.030502530288084344,0.030011163494144327
19.900000000000002,0.5449965698315428,0.03050129538823,0.030010917696263042
19.950000000000003,0.5441793940155163,0.030500066069021073,0.030010677230653395
20.0,0.5433634499467068,0.030498842301791056,0.030010441983845372
20.05,0.5425487356187766,0.030497624057879386,0.03001021184472157
20.1,0.5417352490320481,0.030496411308637145,0.030009986704470203
20.150000000000002,0.5409229881934134,0.030495204025432564,0.030009766456538984
20.200000000000003,0.5401119511162438,0.030494002179656386,0.030009550996589883
20.25,0.5393021358203021,0.030492805742726954,0.03000934022245473
20.3,0.5384935403316563,0.030491614686095212,0.030009134034091695
20.35,0.5376861626825967,0.030490428981249422,0.03000893233354255
20.400000000000002,0.5368800009115519,0.030489248599719816,0.030008735024890768
20.450000000000003,0.536075053063009,0.030488073513082973,0.030008542014220433
20.5,0.5352713171874344,0.03048690369296613,0.030008353209575907
20.55,0.5344687913411962,0.03048573911105125,0.030008168520922286
20.6,0.5336674735864887,0.030484579739079004,0.030007987860106607
20.650000000000002,0.5328673619912578,0.03048342554885254,0.030007811140819813
20.700000000000003,0.532068454629129,0.030482276512241172,0.03000763827855942
20.75,0.5312707495793356,0.030481132601183854,0.030007469190592953
20.8,0.5304742449266493,0.03047999378769257,0.030007303795922015
20.85,0.5296789387613119,0.03047886004385561,0.030007142015247127
20.900000000000002,0.5288848291789687,0.030477731341840605,0.030006983770933193
20.950000000000003,0.528091914280603,0.030476607653897585,0.030006828986975657
21.0,0.5273001921724715,0.030475488952361802,0.03000667758896731
21.05,0.5265096609660427,0.030474375209656474,0.030006529504065765
21.1,0.5257203187779343,0.03047326639829543,0.030006384660961515
21.150000000000002,0.5249321637298541,0.030472162490885607,0.030006242989846655
21.200000000000003,0.52414519394854,0.03047106346012948,0.030006104422384217
21.25,0.5233594075657032,0.030469969278827336,0.030005968891678073
21.3,0.5225748027179713,0.030468879919879493,0.030005836332243446
21.35,0.5217913775468332,0.030467795356288397,0.030005706679978008
21.400000000000002,0.5210091301985846,0.03046671556116062,0.03000557987213352
21.450000000000003,0.520228058824275,0.030465640507708773,0.030005455847288056
21.5,0.5194481615796565,0.030464570169253333,0.03000533454531875
21.55,0.5186694366251313,0.030463504519224357,0.030005215907375104
21.6,0.5178918821257037,0.03046244353116314,0.030005099875852793
21.650000000000002,0.5171154962509298,0.030461387178723792,0.030004986394368015
21.700000000000003,0.5163402771748707,0.030460335435674692,0.030004875407732338
21.75,0.5155662230760452,0.030459288275899915,0.030004766861928038
21.8,0.5147933321373835,0.030458245673400566,0.030004660704083932
21.85,0.5140216025461837,0.030457207602296008,0.0300045568824517
21.900000000000002,0.513251032494066,0.030456174036825098,0.030004455346382655
21.950000000000003,0.5124816201769309,0.030455144951347247,0.030004356046304997
22.0,0.5117133637949166,0.03045412032034352,0.03000425893370151
22.05,0.5109462615523572,0.030453100118417602,0.03000416396108771
22.1,0.510180311657743,0.030452084320296724,0.030004071081990415
22.150000000000002,0.5094155123236803,0.03045107290083253,0.030003980250926755
22.200000000000003,0.5086518617668524,0.030450065835001882,0.03000389142338361
22.25,0.5078893582079818,0.03044906309790761,0.030003804555797445
22.3,0.5071279998717929,0.03044806466477921,0.030003719605534544
22.35,0.5063677849869754,0.03044707051097348,0.03000363653087167
22.400000000000002,0.5056087117861481,0.030446080611975113,0.030003555290977077
22.450000000000003,0.5048507785058245,0.030445094943397238,0.030003475845891938
22.5,0.5040939833863779,0.03044411348098191,0.030003398156512123
22.55,0.5033383246720078,0.030443136200600567,0.030003322184570354
22.6,0.5025838006107068,0.030442163078254397,0.03000324789261872
22.650000000000002,0.5018304094542287,0.030441194090074758,0.030003175244011537
22.700000000000003,0.5010781494580565,0.030440229212323415,0.030003104202888573
22.75,0.500327018881371,0.03043926842139289,0.030003034734158607
22.8,0.4995770159870208,0.030438311693806636,0.030002966803483286
22.85,0.49882813904149237,0.030437359006219272,0.030002900377261374
22.900000000000002,0.4980803863148807,0.030436410335416733,0.030002835422613266
22.950000000000003,0.4973337560808608,0.030435465658316396,0.030002771907365847
23.0,0.49658824661665946,0.030434524951967162,0.030002709800037632
23.05,0.49584385620302757,0.030433588193549528,0.030002649069824253
23.1,0.49510058312421357,0.030432655360375604,0.03000258968658419
23.150000000000002,0.49435842566793664,0.030431726429889103,0.030002531620824828
23.200000000000003,0.4936173821253608,0.030430801379665327,0.030002474843688787
23.25,0.4928774507910696,0.030429880187411086,0.030002419326940533
23.3,0.49213862996304075,0.030428962830964607,0.030002365042953266
23.35,0.4914009179426225,0.030428049288295428,0.030002311964696063
23.400000000000002,0.49066431303450886,0.03042713953750424,0.030002260065721306
23.450000000000003,0.4899288135467165,0.030426233556822748,0.030002209320152348
23.5,0.48919441779056166,0.030425331324613433,0.030002159702671446
23.55,0.48846112408063735,0.030424432819369383,0.030002111188507933
23.6,0.48772893073479145,0.030423538019714022,0.030002063753426646
23.650000000000002,0.4869978360741047,0.03042264690440088,0.030002017373716564
23.700000000000003,0.4862678384228697,0.030421759452313298,0.030001972026179723
23.75,0.48553893610856946,0.03042087564246413,0.030001927688120315
23.8,0.48481112746185756,0.03041999545399544,0.030001884337334046
23.85,0.4840844108165373,0.03041911886617815,0.030001841952097697
23.900000000000002,0.4833587845095426,0.03041824585841169,0.030001800511158902
23.950000000000003,0.48263424688091827,0.030417376410223643,0.03000175999372614
24.0,0.48191079627380096,0.030416510501269353,0.030001720379458932
24.05,0.48118843103440045,0.030415648111331517,0.03000168164845825
24.1,0.4804671495119817,0.03041478922031978,0.030001643781257116
24.150000000000002,0.47974695005884666,0.0304139338082703,0.030001606758811392
24.200000000000003,0.4790278310303165,0.030413081855345303,0.030001570562490764
24.25,0.4783097907847144,0.030412233341832642,0.030001535174069935
24.3,0.4775928276833488,0.030411388248145307,0.030001500575719958
24.35,0.4768769400904962,0.030410546554820967,0.0300014667499998
24.400000000000002,0.4761621263733854,0.03040970824252146,0.030001433679848026
24.450000000000003,0.4754483849021808,0.0304088732920323,0.030001401348574715
24.5,0.47473571404996723,0.03040804168426218,0.030001369739853494
24.55,0.4740241121927338,0.030407213400242415,0.03000133883771378
24.6,0.4733135777093594,0.030406388421126446,0.030001308626533135
24.650000000000002,0.4726041089815971,0.030405566728189275,0.030001279091029842
24.700000000000003,0.47189570439405976,0.030404748302826946,0.030001250216255583
24.75,0.4711883623342058,0.03040393312655594,0.030001221987588297
24.8,0.4704820811923244,0.030403121181012672,0.030001194390725183
24.85,0.46977685936152247,0.030402312447952867,0.030001167411675852
24.900000000000002,0.4690726952377101,0.030401506909251023,0.030001141036755604
24.950000000000003,0.4683695872195878,0.030400704546899793,0.030001115252578883
25.0,0.467667533708633,0.030399905343009428,0.030001090046052833
25.05,0.46696653310908687,0.03039910927980715,0.030001065404371006
25.1,0.46626658382794195,0.03039831633963657,0.030001041315007203
25.150000000000002,0.46556768427492945,0.03039752650495709,0.03000101776570945
25.200000000000003,0.46486983286250705,0.03039673975834326,0.03000099474449407
25.25,0.4641730280058465,0.0303959560824842,0.030000972239639927
25.3,0.46347726812282164,0.030395175460182965,0.030000950239682758
25.35,0.4627825516339976,0.030394397874355907,0.030000928733409628
25.400000000000002,0.46208887696261797,0.030393623308032088,0.030000907709853513
25.450000000000003,0.46139624253459444,0.030392851744352613,0.030000887158288005
25.5,0.4607046467784952,0.030392083166570015,0.030000867068222085
25.55,0.46001408812553424,0.030391317558047623,0.030000847429395065
25.6,0.4593245650095602,0.030390554902258914,0.03000082823177161
25.650000000000002,0.4586360758670464,0.030389795182786884,0.03000080946553684
25.700000000000003,0.45794861913707957,0.030389038383323408,0.030000791121091594
25.75,0.4572621932613505,0.03038828448766858,0.030000773189047727
25.8,0.45657679668414286,0.030387533479730097,0.030000755660223574
25.85,0.4558924278523244,0.030386785343522585,0.030000738525639455
25.900000000000002,0.45520908521533626,0.030386040063166975,0.030000721776513306
25.950000000000003,0.45452676722518387,0.030385297622889836,0.030000705404256395
26.0,0.4538454723364273,0.030384558007022743,0.030000689400469127
26.05,0.4531651990061715,0.030383821200001625,0.030000673756936946
26.1,0.4524859456940579,0.030383087186366106,0.0300006584656263
26.150000000000002,0.4518077108622548,0.030382355950758864,0.030000643518680738
26.200000000000003,0.45113049297544855,0.030381627477924986,0.03000062890841704
26.25,0.45045429050083463,0.030380901752711315,0.03000061462732146
26.3,0.4497791019081093,0.030380178760065792,0.03000060066804604
26.35,0.4491049256694608,0.030379458485036828,0.030000587023405013
26.400000000000002,0.44843176025956105,0.030378740912772637,0.03000057368637125
26.450000000000003,0.4477596041555573,0.030378026028520595,0.03000056065007283
26.5,0.44708845583706414,0.030377313817626605,0.03000054790778966
26.55,0.446418313786155,0.03037660426553444,0.030000535452950134
26.6,0.4457491764873547,0.0303758973577851,0.030000523279127948
26.650000000000002,0.44508104242763136,0.030375193080016172,0.030000511380038886
26.700000000000003,0.4444139100963888,0.030374491417961193,0.030000499749537744
26.75,0.4437477779854587,0.03037379235744901,0.0300004883816153
26.8,0.4430826445890936,0.030373095884403123,0.030000477270395325
26.85,0.4424185084039585,0.03037240198484108,0.030000466410131696
26.900000000000002,0.44175536792912484,0.030371710644873817,0.030000455795205553
26.950000000000003,0.4410932216660622,0.030371021850705043,0.030000445420122507
27.0,0.44043206811863184,0.030370335588630587,0.030000435279509925
27.05,0.4397719057930794,0.030369651845037787,0.030000425368114276
27.1,0.4391127331980279,0.030368970606404862,0.030000415680798503
27.150000000000002,0.43845454884447116,0.03036829185930029,0.030000406212539497
27.200000000000003,0.4377973512457668,0.03036761559038216,0.030000396958425584
27.25,0.4371411389176297,0.030366941786397594,0.030000387913654104
27.3,0.4364859103781252,0.030366270434182087,0.030000379073528996
27.35,0.43583166414766306,0.03036560152065892,0.030000370433458486
27.400000000000002,0.43517839874899056,0.030364935032838544,0.030000361988952787
27.450000000000003,0.4345261127071862,0.03036427095781796,0.030000353735621862
27.5,0.433874804549654,0.030363609282780108,0.03000034566917325
27.55,0.4332244728061162,0.030362949994993286,0.030000337785409892
27.6,0.4325751160086083,0.030362293081810515,0.030000330080228076
27.650000000000002,0.43192673269147225,0.030361638530668977,0.030000322549615356
27.700000000000003,0.43127932139135083,0.03036098632908938,0.030000315189648564
27.75,0.4306328806471815,0.030360336464675394,0.03000030799649184
27.8,0.4299874090001907,0.030359688925113044,0.03000030096639471
27.85,0.42934290499388805,0.03035904369817013,0.030000294095690216
27.900000000000002,0.42869936717406054,0.030358400771695646,0.03000028738079307
27.950000000000003,0.4280567940887671,0.03035776013361917,0.030000280818197864
28.0,0.4274151842883327,0.030357121771950334,0.030000274404477303
28.05,0.42677453632534296,0.03035648567477821,0.030000268136280494
28.1,0.4261348487546386,0.030355851830270755,0.030000262010331256
28.150000000000002,0.4254961201333103,0.030355220226674223,0.030000256023426475
28.200000000000003,0.424858349020693,0.030354590852312624,0.03000025017243449
28.25,0.4242215339783608,0.030353963695587148,0.030000244454293522
28.3,0.4235856735701215,0.030353338744975606,0.030000238866010137
28.35,0.4229507663620115,0.03035271598903187,0.03000023340465772
28.400000000000002,0.42231681092229095,0.030352095416385325,0.030000228067375023
28.450000000000003,0.421683805821438,0.03035147701574032,0.0300002228513647
28.5,0.4210517496321444,0.030350860775875625,0.03000021775389191
28.55,0.4204206409293101,0.030350246685643865,0.030000212772282937
28.6,0.4197904782900384,0.030349634733971013,0.03000020790392382
28.650000000000002,0.41916126029363104,0.030349024909855835,0.030000203146259053
28.700000000000003,0.41853298552158347,0.030348417202369346,0.030000198496790285
28.75,0.41790565255757994,0.030347811600654303,0.030000193953075054
28.8,0.4172792599874884,0.030347208093924667,0.03000018951272555
28.85,0.41665380639935634,0.03034660667146508,0.030000185173407405
28.900000000000002,0.41602929038340575,0.030346007322630344,0.030000180932838513
28.950000000000003,0.41540571053202857,0.030345410036844905,0.030000176788787865
29.0,0.414783065439782,0.030344814803602342,0.03000017273907443
29.05,0.41416135370338397,0.030344221612464858,0.03000016878156603
29.1,0.41354057392170857,0.030343630453062768,0.030000164914178278
29.150000000000002,0.41292072469578184,0.030343041315093997,0.030000161134873495
29.200000000000003,0.41230180462877686,0.030342454188323587,0.03000015744165969
29.25,0.41168381232600954,0.03034186906258319,0.030000153832589544
29.3,0.41106674639493423,0.030341285927770592,0.03000015030575941
29.35,0.4104506054451395,0.0303407047738492,0.030000146859308355
29.400000000000002,0.4098353880883435,0.030340125590847568,0.030000143491417202
29.450000000000003,0.4092210929383901,0.030339548368858923,0.030000140200307605
29.5,0.4086077186112442,0.030338973098040675,0.030000136984241147
29.55,0.4079952637249876,0.030338399768613935,0.030000133841518447
29.6,0.4073837268998153,0.030337828370863056,0.030000130770478296
29.650000000000002,0.4067731067580305,0.030337258895135152,0.030000127769496794
29.700000000000003,0.40616340192404127,0.03033669133183964,0.03000012483698655
29.75,0.405554611024356,0.030336125671447774,0.030000121971395833
29.8,0.40494673268757925,0.03033556190449218,0.030000119171207807
29.85,0.4043397655444081,0.030335000021566413,0.03000011643493974
29.900000000000002,0.40373370822762783,0.030334440013324485,0.030000113761142255
29.950000000000003,0.40312855937210795,0.030333881870480438,0.030000111148398564
30.0,0.40252431761479845,0.03033332558380788,0.030000108595323777
