years,observed_zero_yield,NS_yield
1.0,0.045623,0.04620471547112323
2.0,0.048039,0.047063382773898814
3.0,0.048932,0.047874595451755445
4.0,0.049250999999999996,0.048639594662968355
5.0,0.049439000000000004,0.049359593407246743
6.0,0.04968,0.0500357771305959
7.0,0.05003199999999999,0.05066930431753387
8.0,0.050491,0.05126130707092218
9.0,0.05103100000000001,0.05181289167966659
10.0,0.051621,0.05232513917453643
11.0,0.05223,0.052799105872348734
12.0,0.052834000000000006,0.05323582390875578
13.0,0.053411999999999994,0.053636301759871385
14.0,0.053951,0.05400152475296562
15.0,0.054440999999999996,0.05433245556645422
16.0,0.054874,0.054630034719402275
17.0,0.055247000000000004,0.054895181050759315
18.0,0.055559000000000004,0.05512879218853717
19.0,0.055809,0.05533174500913826
20.0,0.055999,0.05550489608703814
21.0,0.056129,0.05564908213502006
22.0,0.056203,0.055765120435158154
23.0,0.056223999999999996,0.055853809260739455
24.0,0.056193999999999994,0.055915928289311904
25.0,0.056116,0.05595223900704238
26.0,0.055994,0.05596348510456329
27.0,0.055831,0.05595039286448442
28.0,0.055629,0.055913671540742664
29.0,0.055393,0.05585401372995729
30.0,0.055124000000000006,0.05577209573495716
