model,month,id,probability_up,actual
tree,25,1,0.44895833333333335,0
tree,25,2,0.44895833333333335,1
tree,25,3,0.44895833333333335,0
tree,25,4,0.44895833333333335,1
tree,25,5,0.44895833333333335,0
tree,25,6,0.44895833333333335,0
tree,25,7,0.44895833333333335,0
tree,25,8,0.44895833333333335,0
tree,25,9,0.44895833333333335,0
tree,25,10,0.44895833333333335,0
tree,25,11,0.44895833333333335,0
tree,25,12,0.44895833333333335,0
tree,25,13,0.44895833333333335,0
tree,25,14,0.44895833333333335,1
tree,25,15,0.44895833333333335,0
tree,25,16,0.44895833333333335,1
tree,25,17,0.44895833333333335,1
tree,25,18,0.44895833333333335,0
tree,25,19,0.44895833333333335,0
tree,25,20,0.44895833333333335,1
tree,25,21,0.44895833333333335,0
tree,25,22,0.44895833333333335,0
tree,25,23,0.44895833333333335,0
tree,25,24,0.44895833333333335,0
tree,25,25,0.44895833333333335,0
tree,25,26,0.44895833333333335,0
tree,25,27,0.44895833333333335,0
tree,25,28,0.44895833333333335,1
tree,25,29,0.44895833333333335,0
tree,25,30,0.44895833333333335,0
tree,25,31,0.44895833333333335,1
tree,25,32,0.44895833333333335,0
tree,25,33,0.44895833333333335,0
tree,25,34,0.44895833333333335,0
tree,25,35,0.44895833333333335,0
tree,25,36,0.44895833333333335,1
tree,25,37,0.44895833333333335,0
tree,25,38,0.44895833333333335,0
tree,25,39,0.44895833333333335,0
tree,25,40,0.44895833333333335,0
forest,25,1,0.5247095857966112,0
forest,25,2,0.5237523510785568,1
forest,25,3,0.4026755604705925,0
forest,25,4,0.4232887852890715,1
forest,25,5,0.5507308559338532,0
forest,25,6,0.4459888294243367,0
forest,25,7,0.3230304417000502,0
forest,25,8,0.3268597721099914,0
forest,25,9,0.3778933417986618,0
forest,25,10,0.3320099870698948,0
forest,25,11,0.3915916758658614,0
forest,25,12,0.40532060291901567,0
forest,25,13,0.5279879366033383,0
forest,25,14,0.4091606070343606,1
forest,25,15,0.40380987286538855,0
forest,25,16,0.3379173687429092,1
forest,25,17,0.33247287483663,1
forest,25,18,0.6212405928999444,0
forest,25,19,0.35782231970459066,0
forest,25,20,0.43493107014327426,1
forest,25,21,0.4956110037670309,0
forest,25,22,0.27100575294660795,0
forest,25,23,0.3805024291235919,0
forest,25,24,0.48047004809055416,0
forest,25,25,0.2753972622460037,0
forest,25,26,0.3458441545505027,0
forest,25,27,0.4805350097234504,0
forest,25,28,0.4571301967330429,1
forest,25,29,0.4586796702663307,0
forest,25,30,0.41575851231472755,0
forest,25,31,0.5208964468053163,1
forest,25,32,0.5193451716804858,0
forest,25,33,0.3933998723214361,0
forest,25,34,0.30849955044638394,0
forest,25,35,0.4033636125692356,0
forest,25,36,0.5727296596023989,1
forest,25,37,0.3664427324061744,0
forest,25,38,0.3654264703196475,0
forest,25,39,0.32155661760367765,0
forest,25,40,0.5390296470291835,0
logistic,25,1,0.44111775169502654,0
logistic,25,2,0.40681197922873247,1
logistic,25,3,0.3935471735435562,0
logistic,25,4,0.4238445388588122,1
logistic,25,5,0.4480116359740404,0
logistic,25,6,0.43973503431863975,0
logistic,25,7,0.37951200862038376,0
logistic,25,8,0.4008009337111875,0
logistic,25,9,0.4077752547187876,0
logistic,25,10,0.35826118758463105,0
logistic,25,11,0.45029956382980235,0
logistic,25,12,0.38664922630924226,0
logistic,25,13,0.4239511416984069,0
logistic,25,14,0.40107520907453964,1
logistic,25,15,0.4110620421513746,0
logistic,25,16,0.3755588746744978,1
logistic,25,17,0.3752720363048013,1
logistic,25,18,0.4097329254012323,0
logistic,25,19,0.3922537131753242,0
logistic,25,20,0.39167033130011475,1
logistic,25,21,0.42825577545685495,0
logistic,25,22,0.34802768284630364,0
logistic,25,23,0.3963843806033945,0
logistic,25,24,0.43822552340560017,0
logistic,25,25,0.37984375387833713,0
logistic,25,26,0.3510756134372665,0
logistic,25,27,0.3901411753279859,0
logistic,25,28,0.3857858753515852,1
logistic,25,29,0.39113123144641204,0
logistic,25,30,0.3766431603900281,0
logistic,25,31,0.4826039088532866,1
logistic,25,32,0.3960424059525228,0
logistic,25,33,0.38921768260913625,0
logistic,25,34,0.3812433473114377,0
logistic,25,35,0.40056911586274824,0
logistic,25,36,0.4025838095077762,1
logistic,25,37,0.3558017601551642,0
logistic,25,38,0.4046305047429056,0
logistic,25,39,0.395008885689656,0
logistic,25,40,0.3971296196098863,0
tree,26,1,0.3375,0
tree,26,2,0.3375,0
tree,26,3,0.3375,0
tree,26,4,0.3375,1
tree,26,5,0.3375,0
tree,26,6,0.3375,0
tree,26,7,0.3375,1
tree,26,8,0.3375,0
tree,26,9,0.3375,0
tree,26,10,0.3375,0
tree,26,11,0.3375,1
tree,26,12,0.3375,1
tree,26,13,0.3375,1
tree,26,14,0.3375,1
tree,26,15,0.3375,0
tree,26,16,0.3375,0
tree,26,17,0.3375,1
tree,26,18,0.3375,0
tree,26,19,0.3375,0
tree,26,20,0.3375,1
tree,26,21,0.3375,0
tree,26,22,0.3375,0
tree,26,23,0.3375,1
tree,26,24,0.3375,1
tree,26,25,0.3375,1
tree,26,26,0.3375,1
tree,26,27,0.3375,0
tree,26,28,0.3375,0
tree,26,29,0.3375,1
tree,26,30,0.3375,1
tree,26,31,0.3375,1
tree,26,32,0.3375,1
tree,26,33,0.3375,1
tree,26,34,0.3375,1
tree,26,35,0.3375,0
tree,26,36,0.3375,0
tree,26,37,0.3375,0
tree,26,38,0.3375,0
tree,26,39,0.3375,1
tree,26,40,0.3375,1
forest,26,1,0.3122848816967532,0
forest,26,2,0.28674986285228227,0
forest,26,3,0.34122814925015676,0
forest,26,4,0.4679272089868892,1
forest,26,5,0.2921316250846677,0
forest,26,6,0.2871989694073704,0
forest,26,7,0.3845401424034488,1
forest,26,8,0.31260685625347906,0
forest,26,9,0.24312911423234224,0
forest,26,10,0.24129463903649953,0
forest,26,11,0.3832502268174048,1
forest,26,12,0.2517289746145515,1
forest,26,13,0.38031880020184444,1
forest,26,14,0.4414893353603211,1
forest,26,15,0.4625448118279057,0
forest,26,16,0.30738018419087537,0
forest,26,17,0.39013079436972115,1
forest,26,18,0.28470573992687176,0
forest,26,19,0.2987942755749438,0
forest,26,20,0.37276542352234154,1
forest,26,21,0.3563807602795922,0
forest,26,22,0.43817029077546665,0
forest,26,23,0.3809293871553928,1
forest,26,24,0.38288773175636753,1
forest,26,25,0.3162110214530294,1
forest,26,26,0.42177188106032026,1
forest,26,27,0.29778037041330224,0
forest,26,28,0.44859523382488253,0
forest,26,29,0.2661656739642404,1
forest,26,30,0.2431962734424473,1
forest,26,31,0.24650077181024405,1
forest,26,32,0.2225728670670777,1
forest,26,33,0.2203794870896209,1
forest,26,34,0.3424673679495454,1
forest,26,35,0.4426494694875761,0
forest,26,36,0.16342981964845438,0
forest,26,37,0.2527774909322428,0
forest,26,38,0.20946990054522616,0
forest,26,39,0.44523127674396734,1
forest,26,40,0.3345884794523271,1
logistic,26,1,0.3623345152228025,0
logistic,26,2,0.3583986156182311,0
logistic,26,3,0.37181351872518575,0
logistic,26,4,0.38858809518844123,1
logistic,26,5,0.3714007978278381,0
logistic,26,6,0.3734834030057512,0
logistic,26,7,0.34330587457167877,1
logistic,26,8,0.3264374950672931,0
logistic,26,9,0.3316707936713767,0
logistic,26,10,0.323978756740427,0
logistic,26,11,0.3360905954728039,1
logistic,26,12,0.3005229240187676,1
logistic,26,13,0.3911898815699785,1
logistic,26,14,0.35271059452798054,1
logistic,26,15,0.3685047403154023,0
logistic,26,16,0.3341101738483096,0
logistic,26,17,0.347987241658642,1
logistic,26,18,0.3550768732121457,0
logistic,26,19,0.34455123781356695,0
logistic,26,20,0.37840525632924604,1
logistic,26,21,0.360977974263895,0
logistic,26,22,0.34817265599324576,0
logistic,26,23,0.3469883156475888,1
logistic,26,24,0.34998462043013745,1
logistic,26,25,0.33894743126360455,1
logistic,26,26,0.36977186570429904,1
logistic,26,27,0.30827610266894684,0
logistic,26,28,0.3572688326992836,0
logistic,26,29,0.2831095083009525,1
logistic,26,30,0.34509885168324617,1
logistic,26,31,0.3545793758405321,1
logistic,26,32,0.3434829420707193,1
logistic,26,33,0.3395494654509766,1
logistic,26,34,0.3498193063771934,1
logistic,26,35,0.36611682814163665,0
logistic,26,36,0.3318549347653244,0
logistic,26,37,0.31012789354775194,0
logistic,26,38,0.3337686236845587,0
logistic,26,39,0.3702540978705454,1
logistic,26,40,0.37569086374529015,1
tree,27,1,0.3607142857142857,0
tree,27,2,0.3607142857142857,0
tree,27,3,0.3607142857142857,0
tree,27,4,0.3607142857142857,0
tree,27,5,0.3607142857142857,0
tree,27,6,0.3607142857142857,1
tree,27,7,0.3607142857142857,0
tree,27,8,0.3607142857142857,1
tree,27,9,0.3607142857142857,1
tree,27,10,0.3607142857142857,0
tree,27,11,0.3607142857142857,1
tree,27,12,0.3607142857142857,0
tree,27,13,0.3607142857142857,0
tree,27,14,0.3607142857142857,0
tree,27,15,0.3607142857142857,0
tree,27,16,0.3607142857142857,0
tree,27,17,0.3607142857142857,0
tree,27,18,0.3607142857142857,1
tree,27,19,0.3607142857142857,0
tree,27,20,0.3607142857142857,0
tree,27,21,0.3607142857142857,0
tree,27,22,0.3607142857142857,0
tree,27,23,0.3607142857142857,1
tree,27,24,0.3607142857142857,1
tree,27,25,0.3607142857142857,0
tree,27,26,0.3607142857142857,0
tree,27,27,0.3607142857142857,0
tree,27,28,0.3607142857142857,0
tree,27,29,0.3607142857142857,1
tree,27,30,0.3607142857142857,1
tree,27,31,0.3607142857142857,0
tree,27,32,0.3607142857142857,0
tree,27,33,0.3607142857142857,0
tree,27,34,0.3607142857142857,0
tree,27,35,0.3607142857142857,0
tree,27,36,0.3607142857142857,1
tree,27,37,0.3607142857142857,0
tree,27,38,0.3607142857142857,0
tree,27,39,0.3607142857142857,0
tree,27,40,0.3607142857142857,0
forest,27,1,0.2582341721840631,0
forest,27,2,0.24924071478543822,0
forest,27,3,0.19329743905758698,0
forest,27,4,0.4682137818226787,0
forest,27,5,0.18036652136750803,0
forest,27,6,0.6565379997718266,1
forest,27,7,0.20080671095085345,0
forest,27,8,0.3479612431842417,1
forest,27,9,0.46984445480305,1
forest,27,10,0.41189095037407897,0
forest,27,11,0.29720160068058077,1
forest,27,12,0.39700103081614735,0
forest,27,13,0.26455533853454966,0
forest,27,14,0.3014588202229598,0
forest,27,15,0.33805721323033944,0
forest,27,16,0.2510897170306173,0
forest,27,17,0.20461813485669722,0
forest,27,18,0.2608479683597978,1
forest,27,19,0.3568212597493307,0
forest,27,20,0.4898868287190964,0
forest,27,21,0.24557101538758136,0
forest,27,22,0.5226872644742196,0
forest,27,23,0.5557117639729084,1
forest,27,24,0.47559437807000504,1
forest,27,25,0.5166637847442129,0
forest,27,26,0.3757752284692689,0
forest,27,27,0.5117775573115471,0
forest,27,28,0.5483344725849586,0
forest,27,29,0.4754985772224673,1
forest,27,30,0.5253098114735011,1
forest,27,31,0.6214880197559655,0
forest,27,32,0.5010649171690627,0
forest,27,33,0.2874419034220217,0
forest,27,34,0.41880006810668713,0
forest,27,35,0.5923464981059738,0
forest,27,36,0.49956606118915625,1
forest,27,37,0.3966965537318343,0
forest,27,38,0.4721736855684966,0
forest,27,39,0.4521917616049994,0
forest,27,40,0.242113040011486,0
logistic,27,1,0.3608242784408329,0
logistic,27,2,0.3790081412754699,0
logistic,27,3,0.3908297594085046,0
logistic,27,4,0.44047795206027524,0
logistic,27,5,0.36440438214800513,0
logistic,27,6,0.436134554208773,1
logistic,27,7,0.3748918899429915,0
logistic,27,8,0.4115523439002081,1
logistic,27,9,0.3968410666327848,1
logistic,27,10,0.4048216253957229,0
logistic,27,11,0.36403434062544804,1
logistic,27,12,0.40146865855481656,0
logistic,27,13,0.36861702399290835,0
logistic,27,14,0.3718381545608635,0
logistic,27,15,0.35562357720472443,0
logistic,27,16,0.39348017338085295,0
logistic,27,17,0.39507997004011813,0
logistic,27,18,0.3991099188958367,1
logistic,27,19,0.33872542133113615,0
logistic,27,20,0.38523883835194606,0
logistic,27,21,0.3574485739031085,0
logistic,27,22,0.45708039888918744,0
logistic,27,23,0.4535556862208887,1
logistic,27,24,0.4417799128347928,1
logistic,27,25,0.39719861223617436,0
logistic,27,26,0.36725450950330724,0
logistic,27,27,0.4493058872848344,0
logistic,27,28,0.40300401803518293,0
logistic,27,29,0.43420035312263194,1
logistic,27,30,0.4534522687592945,1
logistic,27,31,0.41662243021149997,0
logistic,27,32,0.367831485360989,0
logistic,27,33,0.4046692692743662,0
logistic,27,34,0.3908464820483281,0
logistic,27,35,0.3937922672586625,0
logistic,27,36,0.39250758342081987,1
logistic,27,37,0.385081448562438,0
logistic,27,38,0.4287305178203089,0
logistic,27,39,0.451899016746475,0
logistic,27,40,0.3654686730910119,0
tree,28,1,0.346875,0
tree,28,2,0.346875,0
tree,28,3,0.346875,1
tree,28,4,0.346875,1
tree,28,5,0.346875,1
tree,28,6,0.346875,0
tree,28,7,0.346875,0
tree,28,8,0.346875,1
tree,28,9,0.346875,0
tree,28,10,0.346875,1
tree,28,11,0.346875,0
tree,28,12,0.346875,1
tree,28,13,0.346875,0
tree,28,14,0.346875,0
tree,28,15,0.346875,0
tree,28,16,0.346875,0
tree,28,17,0.346875,0
tree,28,18,0.346875,0
tree,28,19,0.346875,0
tree,28,20,0.346875,0
tree,28,21,0.346875,1
tree,28,22,0.346875,1
tree,28,23,0.346875,0
tree,28,24,0.346875,1
tree,28,25,0.346875,1
tree,28,26,0.346875,1
tree,28,27,0.346875,0
tree,28,28,0.346875,0
tree,28,29,0.346875,0
tree,28,30,0.346875,1
tree,28,31,0.346875,1
tree,28,32,0.346875,1
tree,28,33,0.346875,1
tree,28,34,0.346875,1
tree,28,35,0.346875,1
tree,28,36,0.346875,0
tree,28,37,0.346875,1
tree,28,38,0.346875,0
tree,28,39,0.346875,0
tree,28,40,0.346875,1
forest,28,1,0.3942637352792482,0
forest,28,2,0.563749893968117,0
forest,28,3,0.5324638668955121,1
forest,28,4,0.5301609379594434,1
forest,28,5,0.32158198517469566,1
forest,28,6,0.33052585911841237,0
forest,28,7,0.436220135764137,0
forest,28,8,0.20203091085868385,1
forest,28,9,0.4529211717618742,0
forest,28,10,0.31529903185555697,1
forest,28,11,0.3761405788810626,0
forest,28,12,0.45519209294872176,1
forest,28,13,0.5000232182548571,0
forest,28,14,0.4163851126855818,0
forest,28,15,0.37532050378751364,0
forest,28,16,0.3105269903394576,0
forest,28,17,0.5614631377040137,0
forest,28,18,0.39024094066333953,0
forest,28,19,0.41118272819980706,0
forest,28,20,0.2742819866539741,0
forest,28,21,0.30576809976534,1
forest,28,22,0.3731248474730424,1
forest,28,23,0.30673120910476487,0
forest,28,24,0.4704682603118173,1
forest,28,25,0.34674369488935186,1
forest,28,26,0.2503939202743548,1
forest,28,27,0.45088498628417456,0
forest,28,28,0.35074246777866663,0
forest,28,29,0.4360336299759047,0
forest,28,30,0.5846873269740704,1
forest,28,31,0.4381651837580723,1
forest,28,32,0.454248559626965,1
forest,28,33,0.3161143104124773,1
forest,28,34,0.440684861517793,1
forest,28,35,0.5205072396637138,1
forest,28,36,0.39577181862733596,0
forest,28,37,0.4774383352718462,1
forest,28,38,0.451907952954038,0
forest,28,39,0.5059667426724614,0
forest,28,40,0.40704052122884954,1
logistic,28,1,0.3535565730710526,0
logistic,28,2,0.3664412595876606,0
logistic,28,3,0.35395538557387013,1
logistic,28,4,0.36138384452781624,1
logistic,28,5,0.3237218190857705,1
logistic,28,6,0.32120088225879323,0
logistic,28,7,0.35563375829993776,0
logistic,28,8,0.33653376324250267,1
logistic,28,9,0.34100620763282435,0
logistic,28,10,0.33390141224937825,1
logistic,28,11,0.33316518921181104,0
logistic,28,12,0.33174811338175475,1
logistic,28,13,0.33746070400142136,0
logistic,28,14,0.33530053684930533,0
logistic,28,15,0.3014301574452188,0
logistic,28,16,0.3340417920806248,0
logistic,28,17,0.33470083553893604,0
logistic,28,18,0.32517775631167445,0
logistic,28,19,0.27335598874488276,0
logistic,28,20,0.3436897169953786,0
logistic,28,21,0.339155775248984,1
logistic,28,22,0.3450203922110222,1
logistic,28,23,0.32513634378173745,0
logistic,28,24,0.34852786385182344,1
logistic,28,25,0.29023265095106804,1
logistic,28,26,0.34144659370637515,1
logistic,28,27,0.36282303860439225,0
logistic,28,28,0.31424394736664846,0
logistic,28,29,0.3551031681220681,0
logistic,28,30,0.351000657921698,1
logistic,28,31,0.3871270389002991,1
logistic,28,32,0.3528604444501797,1
logistic,28,33,0.36371765459398125,1
logistic,28,34,0.3552074197389622,1
logistic,28,35,0.36633061113217164,1
logistic,28,36,0.36591741198027394,0
logistic,28,37,0.34921086400173595,1
logistic,28,38,0.3620926328533501,0
logistic,28,39,0.33280840924766625,0
logistic,28,40,0.3058965035421113,1
tree,29,1,0.3611111111111111,0
tree,29,2,0.3611111111111111,0
tree,29,3,0.3611111111111111,0
tree,29,4,0.3611111111111111,0
tree,29,5,0.3611111111111111,0
tree,29,6,0.3611111111111111,1
tree,29,7,0.3611111111111111,0
tree,29,8,0.3611111111111111,0
tree,29,9,0.3611111111111111,1
tree,29,10,0.3611111111111111,0
tree,29,11,0.3611111111111111,0
tree,29,12,0.3611111111111111,0
tree,29,13,0.3611111111111111,0
tree,29,14,0.3611111111111111,1
tree,29,15,0.3611111111111111,0
tree,29,16,0.3611111111111111,1
tree,29,17,0.3611111111111111,1
tree,29,18,0.3611111111111111,1
tree,29,19,0.3611111111111111,0
tree,29,20,0.3611111111111111,1
tree,29,21,0.3611111111111111,0
tree,29,22,0.3611111111111111,0
tree,29,23,0.3611111111111111,0
tree,29,24,0.3611111111111111,0
tree,29,25,0.3611111111111111,0
tree,29,26,0.3611111111111111,0
tree,29,27,0.3611111111111111,0
tree,29,28,0.3611111111111111,0
tree,29,29,0.3611111111111111,0
tree,29,30,0.3611111111111111,0
tree,29,31,0.3611111111111111,0
tree,29,32,0.3611111111111111,1
tree,29,33,0.3611111111111111,0
tree,29,34,0.3611111111111111,0
tree,29,35,0.3611111111111111,1
tree,29,36,0.3611111111111111,1
tree,29,37,0.3611111111111111,0
tree,29,38,0.3611111111111111,0
tree,29,39,0.3611111111111111,0
tree,29,40,0.3611111111111111,0
forest,29,1,0.5693353198544009,0
forest,29,2,0.29526678727095407,0
forest,29,3,0.45386124587848764,0
forest,29,4,0.36658755404434623,0
forest,29,5,0.5438129748361845,0
forest,29,6,0.4608808741640333,1
forest,29,7,0.46960958590907176,0
forest,29,8,0.3571159063892755,0
forest,29,9,0.6031050180451651,1
forest,29,10,0.4992525729499239,0
forest,29,11,0.575502579435619,0
forest,29,12,0.3530814558534491,0
forest,29,13,0.5344098990319236,0
forest,29,14,0.42421582652540674,1
forest,29,15,0.5846121320125548,0
forest,29,16,0.5620544345797682,1
forest,29,17,0.5882465037894721,1
forest,29,18,0.4830822236563327,1
forest,29,19,0.4979372121513635,0
forest,29,20,0.44350835464689226,1
forest,29,21,0.44666279092693306,0
forest,29,22,0.45488469155278216,0
forest,29,23,0.5236881294440049,0
forest,29,24,0.5090189718926602,0
forest,29,25,0.37002620842834405,0
forest,29,26,0.4419096851005221,0
forest,29,27,0.4017189708547872,0
forest,29,28,0.5263324638481567,0
forest,29,29,0.4398122773851977,0
forest,29,30,0.5186453129760311,0
forest,29,31,0.4513383536280458,0
forest,29,32,0.4728425284618472,1
forest,29,33,0.4506167527478921,0
forest,29,34,0.48077358167117373,0
forest,29,35,0.5572875636893939,1
forest,29,36,0.5473096114024285,1
forest,29,37,0.5183325411735291,0
forest,29,38,0.3782466402535598,0
forest,29,39,0.5118990986032841,0
forest,29,40,0.5222442095999527,0
logistic,29,1,0.375074911087093,0
logistic,29,2,0.3093960868373451,0
logistic,29,3,0.39536963574020423,0
logistic,29,4,0.3456263618644563,0
logistic,29,5,0.354717595449604,0
logistic,29,6,0.40674147523655746,1
logistic,29,7,0.346055649985267,0
logistic,29,8,0.3619983322709535,0
logistic,29,9,0.395379413715666,1
logistic,29,10,0.3452296629297395,0
logistic,29,11,0.38154900586935697,0
logistic,29,12,0.3391423443525467,0
logistic,29,13,0.36502686503172416,0
logistic,29,14,0.3971410348104062,1
logistic,29,15,0.32850650733182324,0
logistic,29,16,0.407122436068768,1
logistic,29,17,0.4059662238241831,1
logistic,29,18,0.3815895758300259,1
logistic,29,19,0.35735225831343,0
logistic,29,20,0.35362926480165924,1
logistic,29,21,0.3473044571009555,0
logistic,29,22,0.36941623376694,0
logistic,29,23,0.3708306634225242,0
logistic,29,24,0.36557248659791763,0
logistic,29,25,0.3652490164685452,0
logistic,29,26,0.36647986718037445,0
logistic,29,27,0.28125406318345647,0
logistic,29,28,0.3875106875091231,0
logistic,29,29,0.317343754295672,0
logistic,29,30,0.34943752947378137,0
logistic,29,31,0.3671224754514831,0
logistic,29,32,0.3131399357377279,1
logistic,29,33,0.3634209822026333,0
logistic,29,34,0.3502103748082984,0
logistic,29,35,0.41147929098055036,1
logistic,29,36,0.35993953092104564,1
logistic,29,37,0.39670814195278464,0
logistic,29,38,0.2845088723894202,0
logistic,29,39,0.36337747147810684,0
logistic,29,40,0.36887030925698444,0
tree,30,1,0.35,0
tree,30,2,0.35,0
tree,30,3,0.35,1
tree,30,4,0.35,0
tree,30,5,0.35,1
tree,30,6,0.35,0
tree,30,7,0.35,1
tree,30,8,0.35,0
tree,30,9,0.35,1
tree,30,10,0.35,0
tree,30,11,0.35,0
tree,30,12,0.35,1
tree,30,13,0.35,0
tree,30,14,0.35,0
tree,30,15,0.35,1
tree,30,16,0.35,1
tree,30,17,0.35,1
tree,30,18,0.35,0
tree,30,19,0.35,0
tree,30,20,0.35,0
tree,30,21,0.35,0
tree,30,22,0.35,0
tree,30,23,0.35,1
tree,30,24,0.35,0
tree,30,25,0.35,1
tree,30,26,0.35,0
tree,30,27,0.35,1
tree,30,28,0.35,0
tree,30,29,0.35,0
tree,30,30,0.35,0
tree,30,31,0.35,0
tree,30,32,0.35,1
tree,30,33,0.35,0
tree,30,34,0.35,0
tree,30,35,0.35,1
tree,30,36,0.35,0
tree,30,37,0.35,1
tree,30,38,0.35,0
tree,30,39,0.35,0
tree,30,40,0.35,0
forest,30,1,0.22882301266408356,0
forest,30,2,0.21427224056236444,0
forest,30,3,0.2659902751095911,1
forest,30,4,0.5111696907579117,0
forest,30,5,0.36421705900278567,1
forest,30,6,0.2794040359309382,0
forest,30,7,0.15202711451692263,1
forest,30,8,0.27696214688335924,0
forest,30,9,0.3412265449127665,1
forest,30,10,0.22697844636808878,0
forest,30,11,0.3190483379694657,0
forest,30,12,0.26144776569828887,1
forest,30,13,0.12947344987428877,0
forest,30,14,0.20838486276000157,0
forest,30,15,0.21390779713248173,1
forest,30,16,0.2471281223854065,1
forest,30,17,0.385721064338991,1
forest,30,18,0.1652917752264743,0
forest,30,19,0.43590605485356226,0
forest,30,20,0.28306122277402257,0
forest,30,21,0.3743842855942062,0
forest,30,22,0.27304728561083674,0
forest,30,23,0.33623725995480824,1
forest,30,24,0.502546032542899,0
forest,30,25,0.24353963788960636,1
forest,30,26,0.4508084439994339,0
forest,30,27,0.5056616485110033,1
forest,30,28,0.18097686195215112,0
forest,30,29,0.3537819038375044,0
forest,30,30,0.1831012979264386,0
forest,30,31,0.22833972748790538,0
forest,30,32,0.24131501362791621,1
forest,30,33,0.5028720302021794,0
forest,30,34,0.4488507279332445,0
forest,30,35,0.4038969018641902,1
forest,30,36,0.2757429024769654,0
forest,30,37,0.4168542503666107,1
forest,30,38,0.2905081629798284,0
forest,30,39,0.29920108117274663,0
forest,30,40,0.24975627280782678,0
logistic,30,1,0.2631639786891782,0
logistic,30,2,0.2882972849334923,0
logistic,30,3,0.3157929138998329,1
logistic,30,4,0.40123188990819636,0
logistic,30,5,0.36069675416837377,1
logistic,30,6,0.34133226311054726,0
logistic,30,7,0.32237577192803096,1
logistic,30,8,0.2690103001017494,0
logistic,30,9,0.311465660960862,1
logistic,30,10,0.2928121926694754,0
logistic,30,11,0.31530454893872906,0
logistic,30,12,0.3450531262532955,1
logistic,30,13,0.31909968720098614,0
logistic,30,14,0.3420214034788883,0
logistic,30,15,0.3114283983062847,1
logistic,30,16,0.3232810853607505,1
logistic,30,17,0.30686428218459094,1
logistic,30,18,0.3305493208488428,0
logistic,30,19,0.36748201683606724,0
logistic,30,20,0.3125346375118195,0
logistic,30,21,0.3319817596762999,0
logistic,30,22,0.3321776438745597,0
logistic,30,23,0.32431697406150467,1
logistic,30,24,0.391426005201112,0
logistic,30,25,0.3184148272403743,1
logistic,30,26,0.3722242061731331,0
logistic,30,27,0.3753711643892421,1
logistic,30,28,0.33072731019254453,0
logistic,30,29,0.34817451964044266,0
logistic,30,30,0.3151369251107696,0
logistic,30,31,0.34105638180219683,0
logistic,30,32,0.31435031497419247,1
logistic,30,33,0.382721372572382,0
logistic,30,34,0.3827377705814874,0
logistic,30,35,0.3303312576146066,1
logistic,30,36,0.3071427934087813,0
logistic,30,37,0.3508194164276276,1
logistic,30,38,0.314945233074279,0
logistic,30,39,0.3063733959378667,0
logistic,30,40,0.29301776749370584,0
tree,31,1,0.355,1
tree,31,2,0.355,1
tree,31,3,0.355,0
tree,31,4,0.355,0
tree,31,5,0.355,0
tree,31,6,0.355,1
tree,31,7,0.355,0
tree,31,8,0.355,0
tree,31,9,0.355,1
tree,31,10,0.355,0
tree,31,11,0.355,0
tree,31,12,0.355,0
tree,31,13,0.355,1
tree,31,14,0.355,0
tree,31,15,0.355,0
tree,31,16,0.355,0
tree,31,17,0.355,0
tree,31,18,0.355,0
tree,31,19,0.355,0
tree,31,20,0.355,1
tree,31,21,0.355,0
tree,31,22,0.355,0
tree,31,23,0.355,0
tree,31,24,0.355,0
tree,31,25,0.355,0
tree,31,26,0.355,0
tree,31,27,0.355,1
tree,31,28,0.355,0
tree,31,29,0.355,1
tree,31,30,0.355,0
tree,31,31,0.355,0
tree,31,32,0.355,0
tree,31,33,0.355,0
tree,31,34,0.355,1
tree,31,35,0.355,1
tree,31,36,0.355,1
tree,31,37,0.355,0
tree,31,38,0.355,1
tree,31,39,0.355,0
tree,31,40,0.355,0
forest,31,1,0.40324340277379744,1
forest,31,2,0.5487708563028145,1
forest,31,3,0.41289394898450316,0
forest,31,4,0.37179643911337273,0
forest,31,5,0.5389271438636246,0
forest,31,6,0.38196300249568543,1
forest,31,7,0.43822602964161983,0
forest,31,8,0.33440993606192715,0
forest,31,9,0.44949256428430934,1
forest,31,10,0.4870575111135059,0
forest,31,11,0.44486069187943467,0
forest,31,12,0.3183466121506118,0
forest,31,13,0.32548184243252754,1
forest,31,14,0.39308997527617384,0
forest,31,15,0.36183349030179424,0
forest,31,16,0.33126682195578416,0
forest,31,17,0.4130427319210406,0
forest,31,18,0.26137277415670346,0
forest,31,19,0.48393275642422984,0
forest,31,20,0.28601614436845646,1
forest,31,21,0.4681783264370674,0
forest,31,22,0.3931291266086487,0
forest,31,23,0.41788380531675046,0
forest,31,24,0.2738140931646763,0
forest,31,25,0.4392135716658834,0
forest,31,26,0.31721031119370424,0
forest,31,27,0.5524066873888954,1
forest,31,28,0.33837058083831595,0
forest,31,29,0.4899536552958661,1
forest,31,30,0.3306431114674272,0
forest,31,31,0.5330143876166701,0
forest,31,32,0.49681032353909826,0
forest,31,33,0.32260299507262724,0
forest,31,34,0.31783162268324017,1
forest,31,35,0.2138041946296548,1
forest,31,36,0.3237322313942554,1
forest,31,37,0.26220916808148476,0
forest,31,38,0.2995582433939535,1
forest,31,39,0.41621036190664185,0
forest,31,40,0.39860842429676957,0
logistic,31,1,0.37274016381013103,1
logistic,31,2,0.36027103449814024,1
logistic,31,3,0.3623576201716789,0
logistic,31,4,0.36513441483006115,0
logistic,31,5,0.4071076753652545,0
logistic,31,6,0.3908002477521117,1
logistic,31,7,0.3616865652239018,0
logistic,31,8,0.3511518110811231,0
logistic,31,9,0.4186702270921046,1
logistic,31,10,0.36788117553157496,0
logistic,31,11,0.3497282918464624,0
logistic,31,12,0.3643092888256725,0
logistic,31,13,0.3243578126129917,1
logistic,31,14,0.3900933560087199,0
logistic,31,15,0.38322767952072734,0
logistic,31,16,0.34915522842039615,0
logistic,31,17,0.3627169719869934,0
logistic,31,18,0.3339079339033575,0
logistic,31,19,0.3961780308701497,0
logistic,31,20,0.37768416260364956,1
logistic,31,21,0.38526219281615137,0
logistic,31,22,0.39152942177262906,0
logistic,31,23,0.34164393124932735,0
logistic,31,24,0.31912009518279427,0
logistic,31,25,0.4003602054827552,0
logistic,31,26,0.32801695915357354,0
logistic,31,27,0.41421815078027335,1
logistic,31,28,0.3187263894200423,0
logistic,31,29,0.35988206164210007,1
logistic,31,30,0.3554833907294804,0
logistic,31,31,0.3967833812626907,0
logistic,31,32,0.3955342402616159,0
logistic,31,33,0.37229717962453057,0
logistic,31,34,0.3207411370490918,1
logistic,31,35,0.3490951353216557,1
logistic,31,36,0.35745110816328884,1
logistic,31,37,0.3612160309806267,0
logistic,31,38,0.32405931225696333,1
logistic,31,39,0.3484535527683921,0
logistic,31,40,0.34231002867522436,0
tree,32,1,0.345,1
tree,32,2,0.345,1
tree,32,3,0.345,0
tree,32,4,0.345,1
tree,32,5,0.345,0
tree,32,6,0.345,0
tree,32,7,0.345,0
tree,32,8,0.345,0
tree,32,9,0.345,1
tree,32,10,0.345,0
tree,32,11,0.345,1
tree,32,12,0.345,1
tree,32,13,0.345,0
tree,32,14,0.345,0
tree,32,15,0.345,1
tree,32,16,0.345,1
tree,32,17,0.345,1
tree,32,18,0.345,1
tree,32,19,0.345,0
tree,32,20,0.345,0
tree,32,21,0.345,0
tree,32,22,0.345,1
tree,32,23,0.345,0
tree,32,24,0.345,0
tree,32,25,0.345,0
tree,32,26,0.345,0
tree,32,27,0.345,0
tree,32,28,0.345,0
tree,32,29,0.345,0
tree,32,30,0.345,0
tree,32,31,0.345,1
tree,32,32,0.345,0
tree,32,33,0.345,0
tree,32,34,0.345,1
tree,32,35,0.345,0
tree,32,36,0.345,0
tree,32,37,0.345,0
tree,32,38,0.345,0
tree,32,39,0.345,0
tree,32,40,0.345,0
forest,32,1,0.42544012761611755,1
forest,32,2,0.26894508014849366,1
forest,32,3,0.260147333066487,0
forest,32,4,0.4510638099094888,1
forest,32,5,0.3387936043121579,0
forest,32,6,0.3334110588473094,0
forest,32,7,0.29359278721879434,0
forest,32,8,0.3607612592692342,0
forest,32,9,0.4472153974137806,1
forest,32,10,0.2055888339013096,0
forest,32,11,0.2504992609672827,1
forest,32,12,0.2741497720007054,1
forest,32,13,0.23944221728489826,0
forest,32,14,0.4562277625264937,0
forest,32,15,0.4226786929017427,1
forest,32,16,0.32185367805299414,1
forest,32,17,0.41836262680620473,1
forest,32,18,0.43050664283956586,1
forest,32,19,0.15167848490956845,0
forest,32,20,0.3618159133257869,0
forest,32,21,0.39259039495985815,0
forest,32,22,0.4222170991135304,1
forest,32,23,0.31551442218065096,0
forest,32,24,0.2642730705343045,0
forest,32,25,0.2400469877200757,0
forest,32,26,0.29999794502725874,0
forest,32,27,0.3639852426998501,0
forest,32,28,0.3431768384999351,0
forest,32,29,0.548187212064031,0
forest,32,30,0.3589066870931606,0
forest,32,31,0.25100227976381406,1
forest,32,32,0.2757085405882704,0
forest,32,33,0.35273812171185936,0
forest,32,34,0.4081601844049533,1
forest,32,35,0.39404435188256537,0
forest,32,36,0.39136610619322143,0
forest,32,37,0.3242616952847526,0
forest,32,38,0.4115439336424375,0
forest,32,39,0.22699436770505557,0
forest,32,40,0.3707673506384628,0
logistic,32,1,0.41095536460307636,1
logistic,32,2,0.39683385690375467,1
logistic,32,3,0.4069174134520093,0
logistic,32,4,0.40336865667570754,1
logistic,32,5,0.3914972723244311,0
logistic,32,6,0.3710487032746635,0
logistic,32,7,0.3495051745599333,0
logistic,32,8,0.39277877817664036,0
logistic,32,9,0.43579073722884765,1
logistic,32,10,0.4064599356045942,0
logistic,32,11,0.38226512259881934,1
logistic,32,12,0.38343237790099266,1
logistic,32,13,0.3677771100520402,0
logistic,32,14,0.4095203773287574,0
logistic,32,15,0.43052117093610903,1
logistic,32,16,0.4039802229896313,1
logistic,32,17,0.42533419275838724,1
logistic,32,18,0.3936095400349232,1
logistic,32,19,0.39797340183819185,0
logistic,32,20,0.43922888048234393,0
logistic,32,21,0.39812331722904803,0
logistic,32,22,0.39065015541704146,1
logistic,32,23,0.39095153699909607,0
logistic,32,24,0.3848067587881118,0
logistic,32,25,0.4076033884521571,0
logistic,32,26,0.39555993506471226,0
logistic,32,27,0.4117944293171611,0
logistic,32,28,0.39280536892538714,0
logistic,32,29,0.44794496127478495,0
logistic,32,30,0.40259445348162376,0
logistic,32,31,0.37833282708529703,1
logistic,32,32,0.38005031171931797,0
logistic,32,33,0.3960006326105676,0
logistic,32,34,0.3734130947279785,1
logistic,32,35,0.38673993860828304,0
logistic,32,36,0.38541462721403585,0
logistic,32,37,0.39806278930709893,0
logistic,32,38,0.42114060243514523,0
logistic,32,39,0.3811347043388964,0
logistic,32,40,0.417747460175455,0
tree,33,1,0.475,1
tree,33,2,0.475,1
tree,33,3,0.475,1
tree,33,4,0.475,0
tree,33,5,0.475,0
tree,33,6,0.475,1
tree,33,7,0.475,1
tree,33,8,0.475,0
tree,33,9,0.475,0
tree,33,10,0.475,0
tree,33,11,0.475,0
tree,33,12,0.475,0
tree,33,13,0.475,0
tree,33,14,0.475,0
tree,33,15,0.475,0
tree,33,16,0.475,0
tree,33,17,0.475,1
tree,33,18,0.475,1
tree,33,19,0.475,1
tree,33,20,0.475,1
tree,33,21,0.475,1
tree,33,22,0.475,1
tree,33,23,0.475,1
tree,33,24,0.475,0
tree,33,25,0.475,0
tree,33,26,0.475,1
tree,33,27,0.475,0
tree,33,28,0.475,0
tree,33,29,0.475,1
tree,33,30,0.475,0
tree,33,31,0.475,0
tree,33,32,0.475,0
tree,33,33,0.475,0
tree,33,34,0.475,1
tree,33,35,0.475,0
tree,33,36,0.475,1
tree,33,37,0.475,0
tree,33,38,0.475,0
tree,33,39,0.475,1
tree,33,40,0.475,1
forest,33,1,0.4686998861132987,1
forest,33,2,0.4265832760338514,1
forest,33,3,0.5391538913076672,1
forest,33,4,0.4975358665117431,0
forest,33,5,0.398028838480189,0
forest,33,6,0.3385037908615963,1
forest,33,7,0.3526855186097245,1
forest,33,8,0.513469111667136,0
forest,33,9,0.5736386707698833,0
forest,33,10,0.4673780395153231,0
forest,33,11,0.5056526332004976,0
forest,33,12,0.5312027402338302,0
forest,33,13,0.47927652954111144,0
forest,33,14,0.4693400461774928,0
forest,33,15,0.4825189956718921,0
forest,33,16,0.4042120497433176,0
forest,33,17,0.5272647351265892,1
forest,33,18,0.48167706415923844,1
forest,33,19,0.6280200654188711,1
forest,33,20,0.5192697004717202,1
forest,33,21,0.5110991640515694,1
forest,33,22,0.5123275733249231,1
forest,33,23,0.504123144431382,1
forest,33,24,0.5996667503165335,0
forest,33,25,0.4069223311614718,0
forest,33,26,0.49927384220499954,1
forest,33,27,0.5932045231233004,0
forest,33,28,0.4257457424109068,0
forest,33,29,0.5942994527481137,1
forest,33,30,0.3472638372235954,0
forest,33,31,0.5783203790233378,0
forest,33,32,0.5046153611625572,0
forest,33,33,0.5507000144608155,0
forest,33,34,0.36599837762044723,1
forest,33,35,0.46218625083475895,0
forest,33,36,0.5606454492234587,1
forest,33,37,0.43701347587348977,0
forest,33,38,0.43912790164546467,0
forest,33,39,0.47916967101124686,1
forest,33,40,0.5625361540846467,1
logistic,33,1,0.46111326411663367,1
logistic,33,2,0.48575201852943484,1
logistic,33,3,0.4932960503567597,1
logistic,33,4,0.43224902213399896,0
logistic,33,5,0.46960103508914536,0
logistic,33,6,0.4584246450213526,1
logistic,33,7,0.4633816185529181,1
logistic,33,8,0.4365673429344914,0
logistic,33,9,0.4555958178612303,0
logistic,33,10,0.42066361736502,0
logistic,33,11,0.49336802079049624,0
logistic,33,12,0.5132704906623587,0
logistic,33,13,0.4578453866622042,0
logistic,33,14,0.4729528261827732,0
logistic,33,15,0.495186258841352,0
logistic,33,16,0.4421748387461142,0
logistic,33,17,0.40897382615624056,1
logistic,33,18,0.5007105355015586,1
logistic,33,19,0.4871480979650585,1
logistic,33,20,0.47365031085105047,1
logistic,33,21,0.45601243905517164,1
logistic,33,22,0.4205896352954745,1
logistic,33,23,0.5059720206821434,1
logistic,33,24,0.4381964778218861,0
logistic,33,25,0.4717563882389014,0
logistic,33,26,0.45581054551571115,1
logistic,33,27,0.40244809212413757,0
logistic,33,28,0.42107198426488635,0
logistic,33,29,0.5187458154878425,1
logistic,33,30,0.45176284951367884,0
logistic,33,31,0.5048029868625489,0
logistic,33,32,0.46201328179517365,0
logistic,33,33,0.4607780054072525,0
logistic,33,34,0.44166464991279863,1
logistic,33,35,0.4177851740547818,0
logistic,33,36,0.5124318237409455,1
logistic,33,37,0.4420391972918155,0
logistic,33,38,0.43968797295084744,0
logistic,33,39,0.4606495267291913,1
logistic,33,40,0.5057471232849665,1
tree,34,1,0.3525,0
tree,34,2,0.3525,0
tree,34,3,0.3525,0
tree,34,4,0.3525,1
tree,34,5,0.3525,0
tree,34,6,0.3525,1
tree,34,7,0.3525,0
tree,34,8,0.3525,0
tree,34,9,0.3525,0
tree,34,10,0.3525,0
tree,34,11,0.3525,0
tree,34,12,0.3525,0
tree,34,13,0.3525,0
tree,34,14,0.3525,0
tree,34,15,0.3525,0
tree,34,16,0.3525,1
tree,34,17,0.3525,1
tree,34,18,0.3525,0
tree,34,19,0.3525,0
tree,34,20,0.3525,1
tree,34,21,0.3525,0
tree,34,22,0.3525,0
tree,34,23,0.3525,0
tree,34,24,0.3525,1
tree,34,25,0.3525,0
tree,34,26,0.3525,0
tree,34,27,0.3525,0
tree,34,28,0.3525,0
tree,34,29,0.3525,0
tree,34,30,0.3525,0
tree,34,31,0.3525,0
tree,34,32,0.3525,0
tree,34,33,0.3525,0
tree,34,34,0.3525,1
tree,34,35,0.3525,0
tree,34,36,0.3525,0
tree,34,37,0.3525,1
tree,34,38,0.3525,0
tree,34,39,0.3525,0
tree,34,40,0.3525,1
forest,34,1,0.41507446028310596,0
forest,34,2,0.27490134034937064,0
forest,34,3,0.5226424258683644,0
forest,34,4,0.4748546298080377,1
forest,34,5,0.3509889686026091,0
forest,34,6,0.3647789494987551,1
forest,34,7,0.3346383769938679,0
forest,34,8,0.3459947478807408,0
forest,34,9,0.3733279576189235,0
forest,34,10,0.2583881504797225,0
forest,34,11,0.2705520378416689,0
forest,34,12,0.2791539539574884,0
forest,34,13,0.4215555885339737,0
forest,34,14,0.39235909029054056,0
forest,34,15,0.35014402535661665,0
forest,34,16,0.28209158243781396,1
forest,34,17,0.31690832635405647,1
forest,34,18,0.42518453510323995,0
forest,34,19,0.34119890650166296,0
forest,34,20,0.48899926062753546,1
forest,34,21,0.2998948464114598,0
forest,34,22,0.43447923597311616,0
forest,34,23,0.2227997209647382,0
forest,34,24,0.5358771314910581,1
forest,34,25,0.3679557106503117,0
forest,34,26,0.4614597547830832,0
forest,34,27,0.4080233134262648,0
forest,34,28,0.4180467857236465,0
forest,34,29,0.2513819974151944,0
forest,34,30,0.3789707443022362,0
forest,34,31,0.3841707239674076,0
forest,34,32,0.27941912510390543,0
forest,34,33,0.48148626317391835,0
forest,34,34,0.3818476830787197,1
forest,34,35,0.2934171629675407,0
forest,34,36,0.27187214176042834,0
forest,34,37,0.3034278201407489,1
forest,34,38,0.31923530782569015,0
forest,34,39,0.4763686940393228,0
forest,34,40,0.3189763779839131,1
logistic,34,1,0.3873537594956537,0
logistic,34,2,0.3933050285692145,0
logistic,34,3,0.4255390451634092,0
logistic,34,4,0.4419014837543356,1
logistic,34,5,0.3666631730882935,0
logistic,34,6,0.41642391439551235,1
logistic,34,7,0.3886876015880022,0
logistic,34,8,0.4296910531308475,0
logistic,34,9,0.3995048558178333,0
logistic,34,10,0.36128106663258724,0
logistic,34,11,0.4170198763358384,0
logistic,34,12,0.39194102833339256,0
logistic,34,13,0.40440484039723895,0
logistic,34,14,0.36225648550323336,0
logistic,34,15,0.4089500079214231,0
logistic,34,16,0.38429535378707624,1
logistic,34,17,0.4207809236279282,1
logistic,34,18,0.4053862576604146,0
logistic,34,19,0.41235522675485287,0
logistic,34,20,0.43918421317734563,1
logistic,34,21,0.4022909549483548,0
logistic,34,22,0.378285436682475,0
logistic,34,23,0.37963561329862094,0
logistic,34,24,0.43041356161857447,1
logistic,34,25,0.4148771487977595,0
logistic,34,26,0.4259153525042771,0
logistic,34,27,0.4051858007568569,0
logistic,34,28,0.4656075036561963,0
logistic,34,29,0.39790824714544587,0
logistic,34,30,0.36809297379250105,0
logistic,34,31,0.4277952474501002,0
logistic,34,32,0.4080204346522938,0
logistic,34,33,0.44815486488056283,0
logistic,34,34,0.3614871592391422,1
logistic,34,35,0.41371758909373235,0
logistic,34,36,0.348998904765043,0
logistic,34,37,0.4234833728215311,1
logistic,34,38,0.3863333292860173,0
logistic,34,39,0.3828452050133292,0
logistic,34,40,0.4388746845545632,1
tree,35,1,0.47307692307692306,1
tree,35,2,0.47307692307692306,1
tree,35,3,0.47307692307692306,1
tree,35,4,0.47307692307692306,0
tree,35,5,0.47307692307692306,0
tree,35,6,0.47307692307692306,0
tree,35,7,0.47307692307692306,0
tree,35,8,0.47307692307692306,0
tree,35,9,0.47307692307692306,1
tree,35,10,0.47307692307692306,0
tree,35,11,0.47307692307692306,1
tree,35,12,0.47307692307692306,1
tree,35,13,0.47307692307692306,1
tree,35,14,0.47307692307692306,1
tree,35,15,0.47307692307692306,0
tree,35,16,0.47307692307692306,1
tree,35,17,0.47307692307692306,0
tree,35,18,0.47307692307692306,0
tree,35,19,0.47307692307692306,1
tree,35,20,0.47307692307692306,0
tree,35,21,0.47307692307692306,0
tree,35,22,0.47307692307692306,0
tree,35,23,0.47307692307692306,0
tree,35,24,0.47307692307692306,1
tree,35,25,0.47307692307692306,1
tree,35,26,0.47307692307692306,0
tree,35,27,0.47307692307692306,1
tree,35,28,0.47307692307692306,1
tree,35,29,0.47307692307692306,0
tree,35,30,0.47307692307692306,0
tree,35,31,0.47307692307692306,0
tree,35,32,0.47307692307692306,0
tree,35,33,0.47307692307692306,0
tree,35,34,0.47307692307692306,0
tree,35,35,0.47307692307692306,1
tree,35,36,0.47307692307692306,0
tree,35,37,0.47307692307692306,0
tree,35,38,0.47307692307692306,0
tree,35,39,0.47307692307692306,0
tree,35,40,0.47307692307692306,0
forest,35,1,0.3312212786046816,1
forest,35,2,0.6188836607154905,1
forest,35,3,0.3820286591398658,1
forest,35,4,0.6060503483732387,0
forest,35,5,0.2955367725531451,0
forest,35,6,0.34794908913361816,0
forest,35,7,0.5385450509889591,0
forest,35,8,0.4441375276264303,0
forest,35,9,0.44085506912635347,1
forest,35,10,0.5782246885473573,0
forest,35,11,0.4519630920219512,1
forest,35,12,0.6375413852098348,1
forest,35,13,0.5515124872531855,1
forest,35,14,0.45121276840789126,1
forest,35,15,0.4209125224179885,0
forest,35,16,0.38047353790627575,1
forest,35,17,0.4586056568002121,0
forest,35,18,0.5088609841456714,0
forest,35,19,0.3837461495174493,1
forest,35,20,0.6946137827349852,0
forest,35,21,0.5004321737496398,0
forest,35,22,0.43631196770364616,0
forest,35,23,0.4729476531770967,0
forest,35,24,0.37405708163211066,1
forest,35,25,0.4847031613201086,1
forest,35,26,0.45531181885093885,0
forest,35,27,0.4842198842618749,1
forest,35,28,0.566866383954113,1
forest,35,29,0.32752293763274115,0
forest,35,30,0.3878065561769288,0
forest,35,31,0.5855490940091576,0
forest,35,32,0.41464121229610634,0
forest,35,33,0.4480998851991414,0
forest,35,34,0.48867729824456374,0
forest,35,35,0.45614027100462573,1
forest,35,36,0.3591671243905699,0
forest,35,37,0.6873635140139358,0
forest,35,38,0.44523955354384315,0
forest,35,39,0.5707226589049881,0
forest,35,40,0.5339317587985674,0
logistic,35,1,0.5351531974206635,1
logistic,35,2,0.515950865758757,1
logistic,35,3,0.4908216297245996,1
logistic,35,4,0.5234281033336666,0
logistic,35,5,0.5406501448926752,0
logistic,35,6,0.5657988591900842,0
logistic,35,7,0.4823847617763027,0
logistic,35,8,0.4179563738435753,0
logistic,35,9,0.49103752662577443,1
logistic,35,10,0.5042708827918406,0
logistic,35,11,0.5452106824416486,1
logistic,35,12,0.5483811037263306,1
logistic,35,13,0.4720047070156468,1
logistic,35,14,0.5319342213891614,1
logistic,35,15,0.5251051314232117,0
logistic,35,16,0.500931588878896,1
logistic,35,17,0.505258788751396,0
logistic,35,18,0.4871341409173688,0
logistic,35,19,0.5200205493318694,1
logistic,35,20,0.5598991031968399,0
logistic,35,21,0.4867628001532541,0
logistic,35,22,0.5335077444071756,0
logistic,35,23,0.45163974923424766,0
logistic,35,24,0.47900381870199477,1
logistic,35,25,0.5060112486543887,1
logistic,35,26,0.510326090107917,0
logistic,35,27,0.5212285803010593,1
logistic,35,28,0.4293788802795548,1
logistic,35,29,0.5110090649789463,0
logistic,35,30,0.5544018004358062,0
logistic,35,31,0.48993138417911375,0
logistic,35,32,0.5169948265288988,0
logistic,35,33,0.515969953624277,0
logistic,35,34,0.5362719342686236,0
logistic,35,35,0.47573258865908086,1
logistic,35,36,0.4991682517303464,0
logistic,35,37,0.440175836720441,0
logistic,35,38,0.5163423203006561,0
logistic,35,39,0.4964771561885147,0
logistic,35,40,0.5304095548399834,0
tree,36,1,0.4625984251968504,0
tree,36,2,0.4625984251968504,0
tree,36,3,0.4625984251968504,0
tree,36,4,0.4625984251968504,1
tree,36,5,0.4625984251968504,1
tree,36,6,0.4625984251968504,1
tree,36,7,0.4625984251968504,0
tree,36,8,0.4625984251968504,0
tree,36,9,0.4625984251968504,0
tree,36,10,0.4625984251968504,0
tree,36,11,0.4625984251968504,0
tree,36,12,0.4625984251968504,1
tree,36,13,0.4625984251968504,0
tree,36,14,0.4625984251968504,1
tree,36,15,0.4625984251968504,0
tree,36,16,0.4625984251968504,0
tree,36,17,0.4625984251968504,0
tree,36,18,0.4625984251968504,0
tree,36,19,0.9166666666666666,1
tree,36,20,0.4625984251968504,0
tree,36,21,0.4625984251968504,1
tree,36,22,0.4625984251968504,0
tree,36,23,0.4625984251968504,0
tree,36,24,0.4625984251968504,1
tree,36,25,0.4625984251968504,0
tree,36,26,0.4625984251968504,0
tree,36,27,0.4625984251968504,0
tree,36,28,0.4625984251968504,1
tree,36,29,0.4625984251968504,0
tree,36,30,0.4625984251968504,1
tree,36,31,0.4625984251968504,1
tree,36,32,0.4625984251968504,0
tree,36,33,0.4625984251968504,1
tree,36,34,0.4625984251968504,0
tree,36,35,0.4625984251968504,1
tree,36,36,0.4625984251968504,1
tree,36,37,0.4625984251968504,0
tree,36,38,0.4625984251968504,0
tree,36,39,0.4625984251968504,0
tree,36,40,0.4625984251968504,0
forest,36,1,0.4504232945239125,0
forest,36,2,0.49618179106736576,0
forest,36,3,0.43113104877129266,0
forest,36,4,0.5153577500023285,1
forest,36,5,0.5744291828709147,1
forest,36,6,0.6265599180394475,1
forest,36,7,0.414339574517076,0
forest,36,8,0.4740215992558139,0
forest,36,9,0.45959146899244735,0
forest,36,10,0.43572526535789763,0
forest,36,11,0.4005262879470358,0
forest,36,12,0.3447600732147464,1
forest,36,13,0.461271548468093,0
forest,36,14,0.5494916282430604,1
forest,36,15,0.36706084096149133,0
forest,36,16,0.48790159290620666,0
forest,36,17,0.43784111543108467,0
forest,36,18,0.5130102627051666,0
forest,36,19,0.6909531807435977,1
forest,36,20,0.3455114634909783,0
forest,36,21,0.4745337203016131,1
forest,36,22,0.4502740914346044,0
forest,36,23,0.6064301586751312,0
forest,36,24,0.4955228406433825,1
forest,36,25,0.47236099692211264,0
forest,36,26,0.30169782690500546,0
forest,36,27,0.4174141260363514,0
forest,36,28,0.387726489604563,1
forest,36,29,0.6742780363600024,0
forest,36,30,0.4907061351005966,1
forest,36,31,0.29551635616444205,1
forest,36,32,0.6590030523509816,0
forest,36,33,0.6398262375026758,1
forest,36,34,0.5054466227194866,0
forest,36,35,0.4358220007879595,1
forest,36,36,0.4055216604207693,1
forest,36,37,0.4717260611091386,0
forest,36,38,0.5356748891493657,0
forest,36,39,0.47969629802115044,0
forest,36,40,0.4350317151825883,0
logistic,36,1,0.5826226287433499,0
logistic,36,2,0.4529469450420599,0
logistic,36,3,0.5432925460484324,0
logistic,36,4,0.5301887919409961,1
logistic,36,5,0.503059624610079,1
logistic,36,6,0.4753779522952403,1
logistic,36,7,0.5235603260242064,0
logistic,36,8,0.49000685055149523,0
logistic,36,9,0.4732299351139602,0
logistic,36,10,0.4941331600608068,0
logistic,36,11,0.4738138523132849,0
logistic,36,12,0.46107228968864095,1
logistic,36,13,0.4443140572290715,0
logistic,36,14,0.5340595265382275,1
logistic,36,15,0.5273367313800639,0
logistic,36,16,0.4546191236337828,0
logistic,36,17,0.4707165871243249,0
logistic,36,18,0.45624925302152974,0
logistic,36,19,0.5781055980631912,1
logistic,36,20,0.5521249671807075,0
logistic,36,21,0.5338461514043268,1
logistic,36,22,0.4592883199754807,0
logistic,36,23,0.5467531182023382,0
logistic,36,24,0.4924942964414145,1
logistic,36,25,0.4969571382551507,0
logistic,36,26,0.5693386282602456,0
logistic,36,27,0.5584046349158167,0
logistic,36,28,0.527082253492915,1
logistic,36,29,0.6006913947685232,0
logistic,36,30,0.4720956389371126,1
logistic,36,31,0.5272366054185994,1
logistic,36,32,0.4506265685030452,0
logistic,36,33,0.5945746434775064,1
logistic,36,34,0.5069821167858761,0
logistic,36,35,0.47776832804810254,1
logistic,36,36,0.5112181972229703,1
logistic,36,37,0.4792429109988545,0
logistic,36,38,0.49682750303027584,0
logistic,36,39,0.42503766873099097,0
logistic,36,40,0.47196197137829515,0
tree,37,1,0.4342105263157895,0
tree,37,2,0.5922330097087378,0
tree,37,3,0.5922330097087378,0
tree,37,4,0.4342105263157895,1
tree,37,5,0.4342105263157895,0
tree,37,6,0.4342105263157895,1
tree,37,7,0.4342105263157895,1
tree,37,8,0.4342105263157895,1
tree,37,9,0.4342105263157895,1
tree,37,10,0.4342105263157895,0
tree,37,11,0.4342105263157895,1
tree,37,12,0.4342105263157895,1
tree,37,13,0.4342105263157895,0
tree,37,14,0.4342105263157895,1
tree,37,15,0.4342105263157895,1
tree,37,16,0.4342105263157895,1
tree,37,17,0.4342105263157895,1
tree,37,18,0.4342105263157895,0
tree,37,19,0.4342105263157895,0
tree,37,20,0.4342105263157895,1
tree,37,21,0.4342105263157895,0
tree,37,22,0.4342105263157895,1
tree,37,23,0.4342105263157895,1
tree,37,24,0.4342105263157895,0
tree,37,25,0.4342105263157895,1
tree,37,26,0.4342105263157895,1
tree,37,27,0.4342105263157895,0
tree,37,28,0.4342105263157895,0
tree,37,29,0.4342105263157895,1
tree,37,30,0.4342105263157895,1
tree,37,31,0.4342105263157895,0
tree,37,32,0.4342105263157895,0
tree,37,33,0.4342105263157895,0
tree,37,34,0.4342105263157895,1
tree,37,35,0.4342105263157895,0
tree,37,36,0.4342105263157895,1
tree,37,37,0.5922330097087378,0
tree,37,38,0.4342105263157895,0
tree,37,39,0.4342105263157895,0
tree,37,40,0.4342105263157895,0
forest,37,1,0.5383841461054102,0
forest,37,2,0.5935281988718569,0
forest,37,3,0.6071303700798965,0
forest,37,4,0.40179903687158747,1
forest,37,5,0.4056334810372589,0
forest,37,6,0.22380903525707263,1
forest,37,7,0.39948039853095196,1
forest,37,8,0.43836380897672794,1
forest,37,9,0.39462138469603725,1
forest,37,10,0.4677519303264123,0
forest,37,11,0.4957411078360209,1
forest,37,12,0.28161535647994307,1
forest,37,13,0.5929472277998165,0
forest,37,14,0.47606974765217586,1
forest,37,15,0.5021832583557024,1
forest,37,16,0.3544082093621229,1
forest,37,17,0.48897689238850306,1
forest,37,18,0.4563378415624473,0
forest,37,19,0.4320174644128313,0
forest,37,20,0.39224264124384023,1
forest,37,21,0.38279197248206404,0
forest,37,22,0.40786993935201743,1
forest,37,23,0.4783053779453551,1
forest,37,24,0.4678920646617638,0
forest,37,25,0.36276693996164305,1
forest,37,26,0.5144494750123897,1
forest,37,27,0.3830567469912399,0
forest,37,28,0.3344187756538687,0
forest,37,29,0.36024554670852516,1
forest,37,30,0.4879335585430749,1
forest,37,31,0.37165827185447275,0
forest,37,32,0.3743152368060725,0
forest,37,33,0.3403316127184941,0
forest,37,34,0.4710500178822505,1
forest,37,35,0.4114505694232539,0
forest,37,36,0.421831925505369,1
forest,37,37,0.6423331882316161,0
forest,37,38,0.3555261404579273,0
forest,37,39,0.2451092372553048,0
forest,37,40,0.3548715160094752,0
logistic,37,1,0.4594517310370204,0
logistic,37,2,0.4998040665292941,0
logistic,37,3,0.4926734893399281,0
logistic,37,4,0.4793636860725189,1
logistic,37,5,0.5054975401473271,0
logistic,37,6,0.4767858089631263,1
logistic,37,7,0.43048372727966316,1
logistic,37,8,0.4242939131695839,1
logistic,37,9,0.4159942128091809,1
logistic,37,10,0.45333550084422697,0
logistic,37,11,0.4695544928669131,1
logistic,37,12,0.4640771275372205,1
logistic,37,13,0.48883030751841156,0
logistic,37,14,0.44164147854742136,1
logistic,37,15,0.4248537667020133,1
logistic,37,16,0.45866204338420774,1
logistic,37,17,0.42085018032489707,1
logistic,37,18,0.4812139293949516,0
logistic,37,19,0.4887136989862715,0
logistic,37,20,0.45861221636933225,1
logistic,37,21,0.43017788276705005,0
logistic,37,22,0.4469432745023198,1
logistic,37,23,0.45620198334058887,1
logistic,37,24,0.47437524291067096,0
logistic,37,25,0.477891340259958,1
logistic,37,26,0.41892042000398483,1
logistic,37,27,0.4623457243117227,0
logistic,37,28,0.5002144144798581,0
logistic,37,29,0.4794343939567827,1
logistic,37,30,0.41438357515917557,1
logistic,37,31,0.4622349922489938,0
logistic,37,32,0.4078543694796779,0
logistic,37,33,0.4551977974810987,0
logistic,37,34,0.48699307452947765,1
logistic,37,35,0.4599662674778094,0
logistic,37,36,0.4593918084134701,1
logistic,37,37,0.5408441069107788,0
logistic,37,38,0.47607931504654266,0
logistic,37,39,0.5135679844883742,0
logistic,37,40,0.4763135673871129,0
tree,38,1,0.4538310412573674,0
tree,38,2,0.4538310412573674,0
tree,38,3,0.4538310412573674,0
tree,38,4,0.4538310412573674,1
tree,38,5,0.4538310412573674,1
tree,38,6,0.4538310412573674,0
tree,38,7,0.4538310412573674,0
tree,38,8,0.4538310412573674,0
tree,38,9,0.4538310412573674,0
tree,38,10,0.4538310412573674,0
tree,38,11,0.4538310412573674,1
tree,38,12,0.4538310412573674,1
tree,38,13,0.4538310412573674,0
tree,38,14,0.4538310412573674,0
tree,38,15,0.4538310412573674,1
tree,38,16,0.4538310412573674,1
tree,38,17,0.4538310412573674,0
tree,38,18,0.4538310412573674,0
tree,38,19,0.4538310412573674,1
tree,38,20,0.4538310412573674,1
tree,38,21,0.4538310412573674,0
tree,38,22,0.4538310412573674,0
tree,38,23,0.4538310412573674,0
tree,38,24,0.4538310412573674,1
tree,38,25,0.4538310412573674,1
tree,38,26,0.4538310412573674,1
tree,38,27,0.4538310412573674,0
tree,38,28,0.4538310412573674,0
tree,38,29,0.4538310412573674,0
tree,38,30,0.4538310412573674,0
tree,38,31,0.4538310412573674,1
tree,38,32,0.4538310412573674,0
tree,38,33,0.4538310412573674,0
tree,38,34,0.4538310412573674,1
tree,38,35,0.4538310412573674,1
tree,38,36,0.4538310412573674,0
tree,38,37,1.0,1
tree,38,38,0.4538310412573674,0
tree,38,39,0.4538310412573674,0
tree,38,40,0.4538310412573674,0
forest,38,1,0.5252040305072773,0
forest,38,2,0.4685055276370968,0
forest,38,3,0.731419216666077,0
forest,38,4,0.6793259662242099,1
forest,38,5,0.5027597219545104,1
forest,38,6,0.7183169679154702,0
forest,38,7,0.5004033857097308,0
forest,38,8,0.5617157285339427,0
forest,38,9,0.48523748725609694,0
forest,38,10,0.36901453414919344,0
forest,38,11,0.3312845027912922,1
forest,38,12,0.529161584933898,1
forest,38,13,0.289592152937068,0
forest,38,14,0.48329865142235834,0
forest,38,15,0.5066637031524082,1
forest,38,16,0.39167866057826906,1
forest,38,17,0.5596486025719181,0
forest,38,18,0.5528552537061869,0
forest,38,19,0.5247182367195972,1
forest,38,20,0.3530468580781301,1
forest,38,21,0.5467281820565667,0
forest,38,22,0.3676312828226024,0
forest,38,23,0.49456318398561605,0
forest,38,24,0.4535949099453626,1
forest,38,25,0.6235319225059189,1
forest,38,26,0.4745261930406289,1
forest,38,27,0.4071507466211318,0
forest,38,28,0.40828428088165253,0
forest,38,29,0.3067407022225715,0
forest,38,30,0.452678300935512,0
forest,38,31,0.412691720964321,1
forest,38,32,0.47572498482837816,0
forest,38,33,0.533986012546871,0
forest,38,34,0.41887360279101293,1
forest,38,35,0.5338587053274225,1
forest,38,36,0.6341201407311741,0
forest,38,37,0.724882968090395,1
forest,38,38,0.5586409952406237,0
forest,38,39,0.4416787908955726,0
forest,38,40,0.351525949223459,0
logistic,38,1,0.41616857086213427,0
logistic,38,2,0.36798050542897176,0
logistic,38,3,0.46832731511505094,0
logistic,38,4,0.4659598240890573,1
logistic,38,5,0.41864068491870976,1
logistic,38,6,0.47182479592528065,0
logistic,38,7,0.4139213400877091,0
logistic,38,8,0.4683206227794866,0
logistic,38,9,0.41488611895778604,0
logistic,38,10,0.4477224588807736,0
logistic,38,11,0.4666287187966323,1
logistic,38,12,0.4189100719830456,1
logistic,38,13,0.44065526813254047,0
logistic,38,14,0.4367917963839948,0
logistic,38,15,0.46913295292957297,1
logistic,38,16,0.43017303127815976,1
logistic,38,17,0.43612514247553896,0
logistic,38,18,0.3651043592042916,0
logistic,38,19,0.4142986034230495,1
logistic,38,20,0.44354149389259434,1
logistic,38,21,0.4178174316900398,0
logistic,38,22,0.42829589249686145,0
logistic,38,23,0.4218256666371727,0
logistic,38,24,0.4187885255841486,1
logistic,38,25,0.4899443217150466,1
logistic,38,26,0.4382783080107607,1
logistic,38,27,0.43124953662312665,0
logistic,38,28,0.43712772288202506,0
logistic,38,29,0.4143095707951379,0
logistic,38,30,0.434283027077623,0
logistic,38,31,0.4377194300392574,1
logistic,38,32,0.37968004295804686,0
logistic,38,33,0.3964445268554478,0
logistic,38,34,0.39529212735126396,1
logistic,38,35,0.42165100999477984,1
logistic,38,36,0.47401853973915203,0
logistic,38,37,0.4903542186271292,1
logistic,38,38,0.4714586888094666,0
logistic,38,39,0.4301470497177157,0
logistic,38,40,0.40113592219592265,0
tree,39,1,0.2651162790697674,1
tree,39,2,0.41333333333333333,0
tree,39,3,0.2651162790697674,1
tree,39,4,0.41333333333333333,0
tree,39,5,0.2651162790697674,1
tree,39,6,0.2651162790697674,1
tree,39,7,0.41333333333333333,1
tree,39,8,0.2651162790697674,1
tree,39,9,0.2651162790697674,1
tree,39,10,0.41333333333333333,0
tree,39,11,0.41333333333333333,1
tree,39,12,0.41333333333333333,0
tree,39,13,0.41333333333333333,0
tree,39,14,0.41333333333333333,1
tree,39,15,0.2651162790697674,1
tree,39,16,0.41333333333333333,1
tree,39,17,0.41333333333333333,0
tree,39,18,0.41333333333333333,0
tree,39,19,0.41333333333333333,0
tree,39,20,0.2651162790697674,0
tree,39,21,0.2651162790697674,1
tree,39,22,0.41333333333333333,0
tree,39,23,0.2651162790697674,0
tree,39,24,0.2651162790697674,0
tree,39,25,0.41333333333333333,0
tree,39,26,0.2651162790697674,0
tree,39,27,0.2651162790697674,1
tree,39,28,0.41333333333333333,1
tree,39,29,0.41333333333333333,0
tree,39,30,0.41333333333333333,0
tree,39,31,0.41333333333333333,1
tree,39,32,0.41333333333333333,1
tree,39,33,0.41333333333333333,0
tree,39,34,0.2651162790697674,1
tree,39,35,0.2651162790697674,0
tree,39,36,0.2651162790697674,0
tree,39,37,0.41333333333333333,1
tree,39,38,0.41333333333333333,1
tree,39,39,0.2651162790697674,0
tree,39,40,0.41333333333333333,0
forest,39,1,0.2796341047131544,1
forest,39,2,0.45044814707383696,0
forest,39,3,0.1967624363251854,1
forest,39,4,0.3721903174205577,0
forest,39,5,0.5368741927717401,1
forest,39,6,0.22167695506779128,1
forest,39,7,0.3875712842656296,1
forest,39,8,0.27064072500902603,1
forest,39,9,0.3302094970017679,1
forest,39,10,0.4650318082583285,0
forest,39,11,0.4662118517680194,1
forest,39,12,0.39602902245933785,0
forest,39,13,0.3797665305958838,0
forest,39,14,0.38429675099541005,1
forest,39,15,0.2727202805881639,1
forest,39,16,0.46930823816442846,1
forest,39,17,0.31959866071227816,0
forest,39,18,0.470857863259859,0
forest,39,19,0.4975408980486086,0
forest,39,20,0.2645116730255373,0
forest,39,21,0.3301964583043857,1
forest,39,22,0.4689487421437428,0
forest,39,23,0.21697230965011058,0
forest,39,24,0.3957364756957813,0
forest,39,25,0.33347469943056013,0
forest,39,26,0.24161657323711683,0
forest,39,27,0.23824207704267716,1
forest,39,28,0.3940539810070092,1
forest,39,29,0.37876628541913576,0
forest,39,30,0.4645913816220098,0
forest,39,31,0.38480243919547563,1
forest,39,32,0.40089074506497085,1
forest,39,33,0.377326639129038,0
forest,39,34,0.28748296614960356,1
forest,39,35,0.18899496800444696,0
forest,39,36,0.27612279319057764,0
forest,39,37,0.3846817169550106,1
forest,39,38,0.4763948377522894,1
forest,39,39,0.2235781743366552,0
forest,39,40,0.492689401927743,0
logistic,39,1,0.33373278054233074,1
logistic,39,2,0.45207256216866487,0
logistic,39,3,0.368561643055138,1
logistic,39,4,0.4032709118231694,0
logistic,39,5,0.38014438297379244,1
logistic,39,6,0.3306967634622769,1
logistic,39,7,0.34351702368389464,1
logistic,39,8,0.32971061656767114,1
logistic,39,9,0.30738257842874217,1
logistic,39,10,0.41176690157438905,0
logistic,39,11,0.4135526296852387,1
logistic,39,12,0.4179845886454622,0
logistic,39,13,0.3528923698126234,0
logistic,39,14,0.39692845799498955,1
logistic,39,15,0.3449148586203323,1
logistic,39,16,0.40643654788166916,1
logistic,39,17,0.3552538300160561,0
logistic,39,18,0.4022093487183057,0
logistic,39,19,0.3830693342040963,0
logistic,39,20,0.32676629167081794,0
logistic,39,21,0.35471013422864855,1
logistic,39,22,0.40172236684822743,0
logistic,39,23,0.36449633876889065,0
logistic,39,24,0.35955407737836376,0
logistic,39,25,0.3912298139824611,0
logistic,39,26,0.31850574735888576,0
logistic,39,27,0.3314605042071596,1
logistic,39,28,0.3632111140329373,1
logistic,39,29,0.3961825204776001,0
logistic,39,30,0.4047677906428675,0
logistic,39,31,0.447592357540771,1
logistic,39,32,0.3731372581065029,1
logistic,39,33,0.3971429795009897,0
logistic,39,34,0.33784290344262463,1
logistic,39,35,0.3561527488787859,0
logistic,39,36,0.34536136235834625,0
logistic,39,37,0.3841107512506163,1
logistic,39,38,0.3568681148878259,1
logistic,39,39,0.35684292984441834,0
logistic,39,40,0.3509037616830928,0
tree,40,1,0.35208333333333336,0
tree,40,2,0.35208333333333336,1
tree,40,3,0.35208333333333336,0
tree,40,4,0.35208333333333336,1
tree,40,5,0.35208333333333336,1
tree,40,6,0.35208333333333336,0
tree,40,7,0.35208333333333336,0
tree,40,8,0.35208333333333336,0
tree,40,9,0.35208333333333336,0
tree,40,10,0.35208333333333336,0
tree,40,11,0.35208333333333336,0
tree,40,12,0.35208333333333336,0
tree,40,13,0.35208333333333336,1
tree,40,14,0.35208333333333336,0
tree,40,15,0.35208333333333336,1
tree,40,16,0.35208333333333336,0
tree,40,17,0.35208333333333336,0
tree,40,18,0.35208333333333336,1
tree,40,19,0.35208333333333336,0
tree,40,20,0.35208333333333336,1
tree,40,21,0.35208333333333336,0
tree,40,22,0.35208333333333336,0
tree,40,23,0.35208333333333336,0
tree,40,24,0.35208333333333336,0
tree,40,25,0.35208333333333336,1
tree,40,26,0.35208333333333336,1
tree,40,27,0.35208333333333336,0
tree,40,28,0.35208333333333336,0
tree,40,29,0.35208333333333336,0
tree,40,30,0.35208333333333336,0
tree,40,31,0.35208333333333336,1
tree,40,32,0.35208333333333336,0
tree,40,33,0.35208333333333336,0
tree,40,34,0.35208333333333336,0
tree,40,35,0.35208333333333336,1
tree,40,36,0.35208333333333336,1
tree,40,37,0.35208333333333336,1
tree,40,38,0.35208333333333336,0
tree,40,39,0.35208333333333336,1
tree,40,40,0.35208333333333336,0
forest,40,1,0.3027491760204512,0
forest,40,2,0.30207975085884853,1
forest,40,3,0.35722456508176287,0
forest,40,4,0.34983658570988957,1
forest,40,5,0.34035965908765997,1
forest,40,6,0.34230321943250663,0
forest,40,7,0.44502792251977064,0
forest,40,8,0.357417941057749,0
forest,40,9,0.38334512622001776,0
forest,40,10,0.3117165603410884,0
forest,40,11,0.5108155830236045,0
forest,40,12,0.4620332034851922,0
forest,40,13,0.5336010267094488,1
forest,40,14,0.33898353499552597,0
forest,40,15,0.37961008071291674,1
forest,40,16,0.3466177967300751,0
forest,40,17,0.39273683305281387,0
forest,40,18,0.29220232480996333,1
forest,40,19,0.46508016511534306,0
forest,40,20,0.32190308323892225,1
forest,40,21,0.3864239055571139,0
forest,40,22,0.4209924065890885,0
forest,40,23,0.2799852726327541,0
forest,40,24,0.30237658093069747,0
forest,40,25,0.264630059946478,1
forest,40,26,0.5093230927060104,1
forest,40,27,0.44613288654307626,0
forest,40,28,0.5246422417386998,0
forest,40,29,0.33496698961005317,0
forest,40,30,0.37287347242657387,0
forest,40,31,0.3012790400559169,1
forest,40,32,0.5087036050429734,0
forest,40,33,0.2986027724712879,0
forest,40,34,0.4087242464593834,0
forest,40,35,0.26923221394528923,1
forest,40,36,0.3789636129441078,1
forest,40,37,0.46631374973483797,1
forest,40,38,0.3072574452714727,0
forest,40,39,0.43485793609494405,1
forest,40,40,0.5622036443118508,0
logistic,40,1,0.34561292508614483,0
logistic,40,2,0.3312036571570336,1
logistic,40,3,0.3502672629943551,0
logistic,40,4,0.3694900957060796,1
logistic,40,5,0.3289543867107168,1
logistic,40,6,0.35551309912739,0
logistic,40,7,0.34516986520123355,0
logistic,40,8,0.37908939398636027,0
logistic,40,9,0.3519409413202045,0
logistic,40,10,0.3574148343484478,0
logistic,40,11,0.35702104559434217,0
logistic,40,12,0.3239101002116283,0
logistic,40,13,0.3350353775632622,1
logistic,40,14,0.3111924072928994,0
logistic,40,15,0.3104200603237685,1
logistic,40,16,0.37159767528935994,0
logistic,40,17,0.3346014756766497,0
logistic,40,18,0.364188418824967,1
logistic,40,19,0.3459685980812512,0
logistic,40,20,0.3407060822850416,1
logistic,40,21,0.39269743271417196,0
logistic,40,22,0.4168254086978922,0
logistic,40,23,0.33930652529112953,0
logistic,40,24,0.3152333382814955,0
logistic,40,25,0.32894696059368017,1
logistic,40,26,0.39467293597244385,1
logistic,40,27,0.35119076029018553,0
logistic,40,28,0.3906715860453602,0
logistic,40,29,0.3576458249680819,0
logistic,40,30,0.390400099265687,0
logistic,40,31,0.3228077967911129,1
logistic,40,32,0.3310711556130899,0
logistic,40,33,0.27450063606769054,0
logistic,40,34,0.3831733732158653,0
logistic,40,35,0.31763588436098444,1
logistic,40,36,0.3477498330876962,1
logistic,40,37,0.37209545889768336,1
logistic,40,38,0.3498185193907553,0
logistic,40,39,0.3610985000069791,1
logistic,40,40,0.35837507161442816,0
tree,41,1,0.35192307692307695,0
tree,41,2,0.35192307692307695,0
tree,41,3,0.35192307692307695,0
tree,41,4,0.35192307692307695,1
tree,41,5,0.35192307692307695,1
tree,41,6,0.35192307692307695,0
tree,41,7,0.35192307692307695,0
tree,41,8,0.35192307692307695,0
tree,41,9,0.35192307692307695,1
tree,41,10,0.35192307692307695,0
tree,41,11,0.35192307692307695,0
tree,41,12,0.35192307692307695,0
tree,41,13,0.35192307692307695,0
tree,41,14,0.35192307692307695,0
tree,41,15,0.35192307692307695,0
tree,41,16,0.35192307692307695,0
tree,41,17,0.35192307692307695,1
tree,41,18,0.35192307692307695,0
tree,41,19,0.35192307692307695,1
tree,41,20,0.35192307692307695,1
tree,41,21,0.35192307692307695,1
tree,41,22,0.35192307692307695,0
tree,41,23,0.35192307692307695,0
tree,41,24,0.35192307692307695,0
tree,41,25,0.35192307692307695,0
tree,41,26,0.35192307692307695,0
tree,41,27,0.35192307692307695,0
tree,41,28,0.35192307692307695,1
tree,41,29,0.35192307692307695,1
tree,41,30,0.35192307692307695,0
tree,41,31,0.35192307692307695,1
tree,41,32,0.35192307692307695,0
tree,41,33,0.35192307692307695,0
tree,41,34,0.35192307692307695,1
tree,41,35,0.35192307692307695,0
tree,41,36,0.35192307692307695,0
tree,41,37,0.35192307692307695,0
tree,41,38,0.35192307692307695,1
tree,41,39,0.35192307692307695,0
tree,41,40,0.35192307692307695,0
forest,41,1,0.5288446035261944,0
forest,41,2,0.31255393635728085,0
forest,41,3,0.2912042754574207,0
forest,41,4,0.4014732111363143,1
forest,41,5,0.2480842378079812,1
forest,41,6,0.4860395074056526,0
forest,41,7,0.2078192472803836,0
forest,41,8,0.1493542636013215,0
forest,41,9,0.48461784022740806,1
forest,41,10,0.4079777744552643,0
forest,41,11,0.5098294149804762,0
forest,41,12,0.2200846140477604,0
forest,41,13,0.2966494534694914,0
forest,41,14,0.4869783213754808,0
forest,41,15,0.3788653418955631,0
forest,41,16,0.4959972854113388,0
forest,41,17,0.32159580321755926,1
forest,41,18,0.5949866827725088,0
forest,41,19,0.34365626877461997,1
forest,41,20,0.35414987504776785,1
forest,41,21,0.35886999910729483,1
forest,41,22,0.21434773201091442,0
forest,41,23,0.4812957064607986,0
forest,41,24,0.5153633201837212,0
forest,41,25,0.2951026456435129,0
forest,41,26,0.40924235966927275,0
forest,41,27,0.2614153610629233,0
forest,41,28,0.44694597995220575,1
forest,41,29,0.32397022264026354,1
forest,41,30,0.3846468377281759,0
forest,41,31,0.252255402607504,1
forest,41,32,0.3294183792947176,0
forest,41,33,0.29136811878055097,0
forest,41,34,0.48249475704614014,1
forest,41,35,0.31643705188288157,0
forest,41,36,0.3230262521582683,0
forest,41,37,0.3762786356309622,0
forest,41,38,0.28846421610022605,1
forest,41,39,0.3514788907818122,0
forest,41,40,0.3624049117763657,0
logistic,41,1,0.41763304972495996,0
logistic,41,2,0.33940497225678595,0
logistic,41,3,0.3993546479081344,0
logistic,41,4,0.3562175524051652,1
logistic,41,5,0.39254902801360386,1
logistic,41,6,0.4237735852349821,0
logistic,41,7,0.36080851747783266,0
logistic,41,8,0.37751497689607266,0
logistic,41,9,0.4263782511862232,1
logistic,41,10,0.3812136402266619,0
logistic,41,11,0.3748885516700996,0
logistic,41,12,0.3756405970744027,0
logistic,41,13,0.34965502726130526,0
logistic,41,14,0.43210811460143583,0
logistic,41,15,0.34804644725665085,0
logistic,41,16,0.36567528488765105,0
logistic,41,17,0.38661602043769067,1
logistic,41,18,0.44685553640953507,0
logistic,41,19,0.3878801389490673,1
logistic,41,20,0.3887657979019074,1
logistic,41,21,0.3399937216820762,1
logistic,41,22,0.3753983762230645,0
logistic,41,23,0.38776481448894273,0
logistic,41,24,0.4025179031412429,0
logistic,41,25,0.3799524557407254,0
logistic,41,26,0.40046256570028416,0
logistic,41,27,0.3701812826036774,0
logistic,41,28,0.3536220149912723,1
logistic,41,29,0.3473119762284668,1
logistic,41,30,0.39049590684382296,0
logistic,41,31,0.31840944270267024,1
logistic,41,32,0.3540377216908901,0
logistic,41,33,0.3992199489487913,0
logistic,41,34,0.4039118743709462,1
logistic,41,35,0.37695835923850346,0
logistic,41,36,0.37686705021861167,0
logistic,41,37,0.33608723491897274,0
logistic,41,38,0.3936246586590811,1
logistic,41,39,0.4338573494178276,0
logistic,41,40,0.38013253657037493,0
tree,42,1,0.3482142857142857,1
tree,42,2,0.3482142857142857,0
tree,42,3,0.3482142857142857,0
tree,42,4,0.3482142857142857,1
tree,42,5,0.3482142857142857,0
tree,42,6,0.3482142857142857,0
tree,42,7,0.3482142857142857,0
tree,42,8,0.3482142857142857,1
tree,42,9,0.3482142857142857,1
tree,42,10,0.3482142857142857,0
tree,42,11,0.3482142857142857,0
tree,42,12,0.3482142857142857,0
tree,42,13,0.3482142857142857,1
tree,42,14,0.3482142857142857,0
tree,42,15,0.3482142857142857,0
tree,42,16,0.3482142857142857,0
tree,42,17,0.3482142857142857,1
tree,42,18,0.3482142857142857,1
tree,42,19,0.3482142857142857,1
tree,42,20,0.3482142857142857,0
tree,42,21,0.3482142857142857,0
tree,42,22,0.3482142857142857,1
tree,42,23,0.3482142857142857,0
tree,42,24,0.3482142857142857,0
tree,42,25,0.3482142857142857,0
tree,42,26,0.3482142857142857,1
tree,42,27,0.3482142857142857,0
tree,42,28,0.3482142857142857,0
tree,42,29,0.3482142857142857,0
tree,42,30,0.3482142857142857,1
tree,42,31,0.3482142857142857,1
tree,42,32,0.3482142857142857,0
tree,42,33,0.3482142857142857,1
tree,42,34,0.3482142857142857,0
tree,42,35,0.3482142857142857,0
tree,42,36,0.3482142857142857,0
tree,42,37,0.3482142857142857,0
tree,42,38,0.3482142857142857,0
tree,42,39,0.3482142857142857,0
tree,42,40,0.3482142857142857,1
forest,42,1,0.38853356260484817,1
forest,42,2,0.30461773157686095,0
forest,42,3,0.4903582174545781,0
forest,42,4,0.4794705815290638,1
forest,42,5,0.5567997686865452,0
forest,42,6,0.3027826622348819,0
forest,42,7,0.43212713989250995,0
forest,42,8,0.5418535903171411,1
forest,42,9,0.3162427451443046,1
forest,42,10,0.24840873156611093,0
forest,42,11,0.28784375536202267,0
forest,42,12,0.3389794238359136,0
forest,42,13,0.31216730050797953,1
forest,42,14,0.43308629316877884,0
forest,42,15,0.5034717232063196,0
forest,42,16,0.4105438913035113,0
forest,42,17,0.3746980192367861,1
forest,42,18,0.44140470068926774,1
forest,42,19,0.39684376254645676,1
forest,42,20,0.3712284659551655,0
forest,42,21,0.3913034013640582,0
forest,42,22,0.4855128899468968,1
forest,42,23,0.47695760359443057,0
forest,42,24,0.27097047492401305,0
forest,42,25,0.35513843034285103,0
forest,42,26,0.21699372466256878,1
forest,42,27,0.29561086226127037,0
forest,42,28,0.26115131948183407,0
forest,42,29,0.2983576816612778,0
forest,42,30,0.3964898105663107,1
forest,42,31,0.36630383633523905,1
forest,42,32,0.35565394566870295,0
forest,42,33,0.18734492463387517,1
forest,42,34,0.44358220609677834,0
forest,42,35,0.3983002466394508,0
forest,42,36,0.5627804267375066,0
forest,42,37,0.4561592172233528,0
forest,42,38,0.24956657745403696,0
forest,42,39,0.433111170780493,0
forest,42,40,0.27433751117052535,1
logistic,42,1,0.32750369272749746,1
logistic,42,2,0.35243289791494303,0
logistic,42,3,0.36044959373057905,0
logistic,42,4,0.41510695952361454,1
logistic,42,5,0.41330756953250436,0
logistic,42,6,0.3509003815359142,0
logistic,42,7,0.36695065091902307,0
logistic,42,8,0.36190694754100333,1
logistic,42,9,0.3243614749110491,1
logistic,42,10,0.3487038385373079,0
logistic,42,11,0.3862617549713292,0
logistic,42,12,0.3861391769609495,0
logistic,42,13,0.37076585346301144,1
logistic,42,14,0.4055114864533681,0
logistic,42,15,0.3886083389069508,0
logistic,42,16,0.3301448926191668,0
logistic,42,17,0.40003198450523775,1
logistic,42,18,0.3835238572708882,1
logistic,42,19,0.37982616259577134,1
logistic,42,20,0.36992514274237054,0
logistic,42,21,0.32585772376409017,0
logistic,42,22,0.38130287192929657,1
logistic,42,23,0.38838518154724533,0
logistic,42,24,0.3698899164314455,0
logistic,42,25,0.3573108916216083,0
logistic,42,26,0.3516803409608824,1
logistic,42,27,0.3625798919273258,0
logistic,42,28,0.37290781608858803,0
logistic,42,29,0.3509891292887426,0
logistic,42,30,0.3689078119906264,1
logistic,42,31,0.34729273204057826,1
logistic,42,32,0.30682238170489695,0
logistic,42,33,0.3428602984558071,1
logistic,42,34,0.37968228956965366,0
logistic,42,35,0.33292114273772794,0
logistic,42,36,0.3957366416181934,0
logistic,42,37,0.36629721970645795,0
logistic,42,38,0.3479860577866945,0
logistic,42,39,0.3885578870218219,0
logistic,42,40,0.37226905887137984,1
