observation,close
0,100.0
1,98.83983678203589
2,98.42425720276304
3,99.97722330565118
4,100.23025469423436
5,101.36347882755715
6,102.0882976880676
7,101.33182610520272
8,102.01337838396765
9,101.64687734189692
10,101.27465175779655
11,101.41308825561815
12,99.59291160650136
13,101.04813492201386
14,100.2577039479986
15,101.4886676653639
16,101.67515712099156
17,103.58239615189333
18,102.78585652435757
19,102.42248031425882
20,102.85903435507335
21,100.19014185905586
22,101.21073785075556
23,103.12114077900038
24,104.54588884550473
25,105.51818824215322
26,105.35457897805944
27,107.00915916418782
28,108.41894010158686
29,108.95274412244275
30,108.98122501415963
31,108.53084489766678
32,106.9617860555396
33,108.56905069788199
34,105.79696744028746
35,105.34915167019112
36,105.57827791645693
37,106.6946720121528
38,108.99599709083252
39,110.32505381360221
40,109.96177284644565
41,110.94896452310456
42,109.30379469133884
43,111.21779266839427
44,111.03135857844202
45,110.15930675532395
46,109.33962241221451
47,109.28099536728502
48,108.78887584494427
49,111.84209433596727
50,110.90453993516374
51,110.97013639563859
52,111.0296988109155
53,111.08958944097122
54,111.18562903818736
55,110.56707870667918
56,109.8176753594796
57,108.70910658707888
58,106.80635970032644
59,107.10537409716802
60,108.39973785759184
61,107.7171339406173
62,107.01888139758447
63,106.63454131614503
64,106.06793761511616
65,104.27634855933907
66,106.01979999810145
67,106.60110395770384
68,105.71571183973347
69,106.11459431025226
70,105.57885360796082
71,105.33212486942416
72,105.81433672835743
73,107.05273804658255
74,109.04448099705493
75,111.31931630333511
76,111.00957850488405
77,110.36791949519112
78,110.52200897349469
79,110.71449779932846
80,109.76526522744507
81,108.9728130691902
82,110.0635266813819
83,112.27591028122619
84,111.99355403324805
85,111.14834314621773
86,110.7931865678915
87,109.49990733858127
88,109.16377110164954
89,109.74050917969282
90,109.65537090809417
91,111.31426165325928
92,111.5383015425163
93,112.20656218028799
94,112.02884552269549
95,113.83435619653584
96,112.1992410378289
97,111.81359256378927
98,110.2718707171567
99,111.39296231522667
100,112.55792950696343
101,111.88581104314521
102,114.15716813647111
103,113.77343011129051
104,111.92270400017141
105,111.56797385343809
106,112.0734300869259
107,111.78099755397022
108,114.88456311984596
109,116.093101121227
110,118.5539129050605
111,120.56613537430252
112,118.17528962756994
113,117.66433170865847
114,113.89695042948082
115,113.03950226143509
116,114.58519256794824
117,113.45429323927911
118,112.61329615563905
119,113.07749745496265
120,114.17372590262306
121,113.70932815783166
122,113.38347903197239
123,114.51244116580006
124,114.88506315806688
125,114.51533412613588
126,114.9713283328709
127,115.09941538596829
128,115.47474310266782
129,118.30506746662779
130,117.89614510647391
131,117.1584106716413
132,119.18662309122787
133,118.20520247991443
134,120.69428665836124
135,120.43743641803432
136,120.56831146957805
137,121.65875456652151
138,123.46742402348939
139,124.97845119541127
140,124.69836083620571
141,124.17608041687869
142,124.71987636746347
143,124.94665201636244
144,124.01215500666596
145,124.64981451804607
146,126.17095302221601
147,126.44859195320296
148,128.8699600699334
149,129.53193590012438
150,129.3158296442802
151,129.4973325261007
152,128.65558681697712
153,127.09862865615813
154,127.85307215078076
155,126.57597578551713
156,126.05813927008313
157,125.94846592122389
158,126.55716113075756
159,127.2849172475616
160,127.39324236956251
161,124.49966277388229
162,124.21623715324324
163,123.09020024745627
164,122.95042819522106
165,124.44665687887782
166,125.67950517792607
167,126.03744180578936
168,126.8300672817402
169,124.60979803267294
170,124.92651054176902
171,125.89141857622967
172,124.85414932571304
173,125.48749370879504
174,124.94032044682216
175,126.47469743499084
176,128.19381434927456
177,127.39925510137127
178,129.68143813781282
179,129.4118563826738
180,132.6804145355133
181,131.9264655008828
182,132.0538459919859
183,132.418589352077
184,131.25716415684752
185,128.59319954065697
186,127.39069239363397
187,129.07762277927543
188,128.59525979798462
189,128.11771270082866
190,130.49711178930545
191,131.2985250934146
192,132.43623025046688
193,133.81986872301377
194,132.39708368704555
195,132.62191439425882
196,132.8877695100061
197,132.66120326681957
198,130.95871916297293
199,131.71592361900707
200,129.1463110392231
201,127.72776391625784
202,126.51857012909579
203,125.91958848299012
204,127.222386222447
205,129.80285415777178
206,132.53998013911587
207,133.85531119133205
208,134.59035740702151
209,130.89522439024984
210,132.7089819413564
211,136.9897333431651
212,137.7637830009913
213,138.1788655230179
214,139.37014713005124
215,140.62220058874078
216,140.8782245944077
217,140.27574203210784
218,140.91419823230655
219,138.64125692366954
220,135.57169203970244
221,137.83149062929556
222,137.10336366636338
223,138.31401709924313
224,140.94668724862217
225,143.05441444206363
226,142.13600287351912
227,142.71953551462244
228,140.7645125726165
229,140.61610158678647
230,142.42074887618293
231,142.50399175725065
232,137.73803445853247
233,134.09364768636186
234,132.83654565167896
235,135.00587449310913
236,135.3558606910763
237,135.61264086470953
238,133.51462022990276
239,133.7761882342875
240,130.199266842802
241,130.7605888259471
242,132.65064850436298
243,131.38184380268163
244,133.12927843393922
245,132.0105613796645
246,132.2706797159527
247,132.0815048522563
248,132.25681535628937
249,134.72949777457367
250,136.18900175179803
251,135.11293474216706
252,130.72964808552308
253,132.16737029451
254,133.4111869971643
255,133.70316133891978
256,132.8371364136244
257,135.43674891907705
258,132.58954007030226
259,131.37366287317744
260,129.10803154987576
261,129.7105192995737
262,129.0121624746858
263,132.3488139574354
264,132.4035749685357
265,132.0510988735764
266,132.98832802550038
267,131.85133045667334
268,130.1734891208942
269,131.0381057040401
270,130.29745386823447
271,131.85879800273557
272,132.4160682379762
273,132.62771259086153
274,132.7632483269068
275,132.65234127097966
276,133.32930862703293
277,132.72182026724113
278,129.66612848976683
279,129.8132015079237
280,129.1235037881752
281,127.03292349497232
282,128.25423596621002
283,127.69588790559206
284,125.07439838503134
285,124.98722869193637
286,124.0040681583862
287,121.52205950537164
288,122.00256216335717
289,120.49826286418136
290,121.56581293230246
291,120.28764463158149
292,121.73060771804924
293,122.37811458399683
294,122.56222625380036
295,121.47990349833755
296,122.83064950757512
297,123.59983866241848
298,123.08811100915338
299,123.97353261766604
300,122.48163625706678
301,120.63915746916616
302,120.5249906601082
303,120.65201873688298
304,121.29740266332738
305,121.41640060200143
306,123.26229033623177
307,121.39242539412707
308,122.24758799563344
309,122.60356660832366
310,124.64013260784404
311,124.85207508445686
312,125.35193766541104
313,128.0551063910515
314,129.3104602316783
315,130.28428234725092
316,129.70170707288037
317,129.94413833354557
318,127.41834135505994
319,126.16000656867892
320,127.1687462135279
321,124.50736760782395
322,124.67116555528509
323,124.72279152902148
324,125.33157085299614
325,122.83072898623627
326,119.89746132512246
327,121.52884398352053
328,121.71475958546323
329,122.33977516312453
330,124.76123543912705
331,125.04677293445083
332,122.15833903407322
333,121.72604705491368
334,122.95193367943702
335,122.3503396711585
336,121.93085276336042
337,121.07805422391533
338,123.2543270818633
339,125.13204594557787
340,122.46826292344133
341,125.32412239951508
342,124.19021358678441
343,127.27448322912403
344,125.30851640463038
345,127.0014151333862
346,126.16632415705165
347,125.95597200917676
348,127.32373107980015
349,126.22386420699456
350,126.72771173481834
351,127.22158797526136
352,129.07911956192223
353,131.2397013555398
354,134.2593806111042
355,134.77679599547955
356,135.4665447063536
357,134.57229727648084
358,133.3662361354354
359,131.29477153245588
360,130.96492745204665
361,131.2372018077706
362,131.2953008442303
363,132.2281522449136
364,130.1196621460061
365,132.87990558225295
366,133.39718940858975
367,135.18571618258915
368,135.77410048137202
369,134.3803619360701
370,133.88268312802822
371,128.71292553251158
372,129.06946675982815
373,128.98796284347281
374,130.90544423672625
375,128.20156346041608
376,128.10634212559086
377,127.66323575736314
378,125.76782860189188
379,123.59618291802586
380,121.88934041342341
381,123.3616444041751
382,124.85384090508838
383,122.73952515879512
384,122.51869710870955
385,123.24131023668241
386,123.74861679824873
387,121.5384284255778
388,120.68820523686634
389,118.65042638376562
390,120.13048288981733
391,123.9554440583828
392,123.90606361917523
393,120.78058323670528
394,121.99722430061748
395,124.32266527862687
396,126.57365505925873
397,126.84933913070199
398,127.68392296971258
399,127.85490922980347
400,128.99101740456146
401,130.48258126707125
402,129.33381953062377
403,128.45243953549135
404,127.9524463238501
405,127.62484822306965
406,127.94440771276501
407,129.69943877438442
408,127.70729961405272
409,129.14851175168292
410,128.86931934320242
411,124.53731843929287
412,123.96768217920189
413,123.58711190270071
414,124.42769553392559
415,125.33617174368636
416,125.35166590816252
417,124.15735901488691
418,125.61014099838765
419,124.61854441818147
420,122.87849954455578
421,121.96061303895843
422,121.19913013631276
423,121.05748869640382
424,120.43258126992258
425,119.9311289302052
426,121.02742089016509
427,122.21418837938349
428,123.02275988972882
429,122.59129809432761
430,121.63794323355273
431,121.32436563477881
432,121.13520619029414
433,122.38902405106566
434,122.00256627380688
435,120.27555495269415
436,119.09697847869938
437,121.6694974796996
438,120.3394382925372
439,118.55190012094626
440,118.16131963364798
441,120.70910826805464
442,120.87305665247877
443,121.32254491074279
444,119.07266140944026
445,116.97356738955003
446,116.99363608442042
447,116.37621802978144
448,116.94504605875558
449,115.43117050190112
450,116.92246396912758
451,118.86646254409885
452,116.70365238331273
453,117.0708709832818
454,116.70259821966495
455,118.76420777199459
456,119.11030931709045
457,120.50473610630803
458,120.4185766951829
459,120.89762132820219
460,124.05661121251268
461,127.21191717453839
462,124.67335100693045
463,125.27008036772898
464,125.65845094714663
465,124.07448866627348
466,122.96085134061828
467,123.25868541121525
468,124.70579385114335
469,125.51617953352266
470,124.91204591923972
471,123.35617109426438
472,120.32018255370667
473,122.58890318477424
474,121.79697955561932
475,120.57143308710843
476,121.0851369380752
477,120.98458778966297
478,120.98460008850228
479,121.96685154406228
480,121.28154822531675
481,119.77588857958787
482,119.59510687889909
483,119.71320934152713
484,118.18341167606674
485,116.64978724797055
486,115.2158795459719
487,116.37263772512239
488,118.34574461362706
489,120.19220180596488
490,118.90616625783285
491,117.94403640423727
492,116.17337115501772
493,118.78598411973678
494,118.12137445837791
495,118.09178044806802
496,117.44274405143327
497,117.70256019407628
498,116.25398689172432
499,115.41482844704885
500,114.18129620811128
501,111.00837851261957
502,111.37014276535287
503,112.38330958278556
504,113.7218043776552
505,115.89259916249813
506,117.24440807876748
507,117.16622014988411
508,117.95571950653854
509,117.22976020518658
510,118.37383010928124
511,117.99002007791739
512,114.76645985075682
513,114.74596675583047
514,114.85324817701823
515,113.26769556593173
516,113.93681811557748
517,115.59445476102515
518,114.02466490378838
519,115.0867629011583
520,116.31417341259287
521,115.01819196279699
522,114.43113290688787
523,112.96237289318447
524,112.20305254184126
525,112.15817334992681
526,113.76156911439897
527,112.91527492126431
528,110.85041529766416
529,106.7669306263535
530,105.9338422309464
531,104.29812188465142
532,104.55155275494627
533,104.86073993989542
534,102.90331499566348
535,103.37232798538231
536,103.13081423985781
537,102.83851571254054
538,102.21852760757899
539,103.42408291702026
540,104.18547692156257
541,104.44068809822727
542,105.91431742813506
543,105.97965831613236
544,106.17741100394456
545,106.88302608875632
546,106.5580725389191
547,105.05310207339578
548,107.32002530401412
549,108.56308751807032
550,106.90473536627732
551,105.67196095157716
552,104.35012310459022
553,102.48002070951856
554,102.9468449916235
555,104.84031526089662
556,105.34956735906387
557,107.36069208748864
558,106.84452632534416
559,107.20363450568895
560,106.039413075755
561,106.08797520269128
562,107.48568452089324
563,108.43166303958898
564,109.78941685401541
565,109.27542235708141
566,110.50085588323913
567,112.4631689407698
568,113.24895174539893
569,111.39776630817626
570,111.79817608700462
571,112.14879669482407
572,111.27021834957351
573,109.92432266348304
574,108.87973863241227
575,110.41331663115174
576,110.61179772728894
577,112.87462741413712
578,110.48877542464626
579,111.07257533015185
580,113.2486441556356
581,115.78817763781171
582,115.06451426690106
583,117.30636692642035
584,118.88021680700322
585,120.60304179838171
586,120.9374701533483
587,122.43687816586058
588,123.81361107873074
589,122.94641032399363
590,119.04778128323241
591,120.71465382265418
592,122.2940920538883
593,123.42812226772517
594,122.87012218581506
595,122.31222550403574
596,120.06288343155487
597,122.46429606549081
598,122.38156641093465
599,123.67039151070965
600,123.1993625639198
601,119.81569347300787
602,121.00797877276929
603,122.8368854951857
604,125.66156861478407
605,125.54527808106928
606,124.88142469012784
607,125.16352283062267
608,123.66280131709115
609,122.42062511667504
610,123.37332016116629
611,123.0747099228652
612,122.34204557386317
613,122.96095227965023
614,122.49204987133125
615,126.12811957473062
616,125.72898893813753
617,128.13530636527344
618,129.25944346299832
619,130.8205454380331
620,131.42532600908845
621,131.23489998131797
622,131.2779737197177
623,130.3701604524231
624,130.9926774298842
625,132.5673546774907
626,128.78519866096866
627,126.87666529613632
628,125.09863625131408
629,126.10871124131779
630,127.08447590959757
631,126.48188765995832
632,128.81285227340155
633,128.2516608580587
634,129.11006171497016
635,130.37565771532314
636,130.14531603199373
637,131.8031776186992
638,131.241118984528
639,131.2314874660888
640,131.42614764363924
641,132.64371412681476
642,134.9713860268053
643,133.76674931820486
644,131.5871914228535
645,132.65826534235515
646,129.379594620191
647,129.47609699030855
648,130.39775769449167
649,127.69958564210458
650,126.43605989047104
651,125.9871971732291
652,125.82852546409349
653,125.84207036746054
654,126.46624526878875
655,127.54113728923555
656,125.163123348996
657,127.07147420076478
658,126.65470248052837
659,126.0419881052655
660,127.75552461420475
661,126.95384215013337
662,125.64630503280266
663,122.85270954457684
664,124.74584652312895
665,122.1247470649144
666,120.2322883943067
667,117.22218865302645
668,116.68354666296248
669,114.11806193242693
670,115.75851825426109
671,114.8288328958256
672,113.2530661386377
673,113.78877850770466
674,112.34901620124707
675,112.20119702881126
676,113.45551806533223
677,112.38820313583734
678,111.91087300414775
679,110.94271666035675
680,110.54963694748866
681,114.70499281940675
682,111.82994367637262
683,113.08482296785594
684,113.18678089994003
685,112.26727970615802
686,113.66904171039889
687,115.41122985452287
688,114.19561548459549
689,114.09865977985586
690,113.29006896632153
691,113.92893165480594
692,114.19779311518138
693,114.19779990798801
694,114.81408097037719
695,115.54504708338737
696,117.6500685020141
697,116.4643811139951
698,116.39853752909599
699,119.89538752837238
700,119.0084969892486
701,120.80726562713609
702,119.42350441508187
703,120.4966146149478
704,120.27276173060069
705,120.89347305625876
706,120.49887360221283
707,122.41697127053514
708,122.3898200296818
709,122.1723604731334
710,122.90146073058904
711,121.8885986021228
712,118.54133108399667
713,116.45010130860871
714,115.47682156944803
715,117.91063921516975
716,121.20927090710309
717,119.29571877522775
718,119.55623541214086
719,118.61166461683439
720,118.99978399051616
721,117.20743779184566
722,117.74223981611553
723,116.64598279841944
724,115.01590976589782
725,114.13914471888535
726,111.43627102285679
727,112.36840579177148
728,111.24311176183458
729,113.28474324052272
730,114.45627124893146
731,116.19515316963115
732,115.66042360481705
733,117.55273077328594
734,119.468985166598
735,118.94116064567804
736,119.07691294774966
737,121.22033817252327
738,121.50086437257465
739,120.50853946139509
740,122.140971861544
741,123.98583125684696
742,122.70451773257062
743,123.40891756204894
744,123.49037643412191
745,125.23700499591817
746,124.1713623515063
747,126.22018652354998
748,127.69587174753534
749,127.170360406209
750,126.38087599134451
751,124.64846024094555
752,126.86099853950053
753,125.43600539407842
754,125.1973480776227
755,128.16743320717305
756,129.46981174703785
757,130.01626547812796
758,130.47685040733649
759,130.21996176208322
760,128.1193044700663
761,129.07682373833086
762,127.37955337282459
763,130.7896521210673
764,128.30485798781436
765,127.91770001948746
766,128.02773035427174
767,127.15345560874833
768,127.26602987384024
769,128.39953310129573
770,130.75008812513502
771,131.06028630086576
772,131.1258929206842
773,131.7874922045036
774,131.9471377076997
775,130.84314238349202
776,130.93332964709276
777,133.00547994347426
778,133.26073905179527
779,133.34888274961273
780,133.21881044779076
781,134.23549242483594
782,134.99952031930957
783,135.82506818129215
784,135.37495207103294
785,131.66254472701374
786,130.74794352932759
787,130.75728507455105
788,129.3883556133019
789,130.52325728483837
790,129.1789154669346
791,125.8260596309084
792,127.14836589463339
793,126.84721408285444
794,126.91236100785474
795,124.26818644442177
796,123.78199055776675
797,123.61324420678032
798,123.76808604639058
799,125.17526946404199
800,124.26296689918877
801,123.9669009393757
802,126.58671838536672
803,126.40878386806445
804,128.6792441634991
805,126.03814286334504
806,125.81928843102826
807,127.76075641968427
808,128.89575008192637
809,131.33833404482056
810,130.81295158057188
811,131.07963488992712
812,127.44788661426676
813,125.3530762847696
814,126.20151860654974
815,125.2971941741194
816,126.63449330549045
817,126.21675618822519
818,127.0954421028049
819,125.85131349306184
820,124.31162752697166
821,125.99444599118767
822,126.90499435755154
823,126.96233988492924
824,128.30241811911839
825,129.73966035713363
826,131.58862840992106
827,131.11444062108535
828,129.98527293982607
829,130.10258560359966
830,130.70035438324044
831,128.67328033671112
832,125.3186076902716
833,125.97459653527076
834,127.89366667303082
835,128.13031716776112
836,127.77587147096772
837,128.10158713018467
838,128.47055962950165
839,126.9557719911236
840,127.41805458173829
841,129.29105796053003
842,129.96220712864942
843,129.78447278832112
844,131.01402844533695
845,132.02384134903565
846,130.45239899162792
847,132.55827343167928
848,133.92426812987347
849,134.52802509388476
850,135.34059293360005
851,135.76210057248045
852,134.61482978335764
853,135.71377487974888
854,135.83320960776922
855,137.7396731513081
856,136.92979062346748
857,135.7304171580605
858,134.35997819008418
859,136.1075171143518
860,136.09446568415245
861,135.255359765155
862,133.266074298843
863,137.45697815194043
864,137.6676213757921
865,136.68203399180902
866,135.9624497217953
867,137.93321399496094
868,137.50488595162966
869,135.7863387006106
870,135.68212546753034
871,138.41261374437755
872,140.54793184796395
873,142.84361857943725
874,141.73490695962047
875,139.34608420685203
876,138.75260356247696
877,138.10118969520366
878,138.1447023634779
879,139.71430706200786
880,138.81319565714196
881,137.56901778454719
882,135.80750788935504
883,137.0361100869726
884,137.7458354818912
885,139.26907555068024
886,137.17415269812633
887,136.4190763643849
888,138.57592968484948
889,139.28032985102885
890,141.2988123488287
891,142.97432913753235
892,144.27167209898485
893,143.246490491501
894,143.08044512271186
895,143.65621288931135
896,147.79360873153541
897,149.14534418465848
898,149.00697144963218
899,149.37035667185657
900,150.178924206865
901,149.86321414422156
902,151.21836916167138
903,153.26238854301252
904,157.8940003412749
905,160.84875867628696
906,161.49344536250197
907,160.3401913715454
908,158.07523612496172
909,160.01639601798485
910,162.43830579130815
911,165.42445545562106
912,166.1111906310365
913,166.21423312980485
914,166.12287996900764
915,167.8445179078515
916,163.80455210102022
917,160.47203574252237
918,155.81746851421875
919,155.0379618157538
920,154.85211192136475
921,157.13553374406905
922,157.26120229745808
923,158.30766657446097
924,158.12188608124356
925,157.233093111774
926,155.2165309241183
927,155.72617506649823
928,155.7024817943555
929,153.77419583053353
930,152.78048838049565
931,150.86590636446596
932,149.36634001184973
933,151.64521235553065
934,152.36298301646713
935,153.36166139326332
936,151.65775118397622
937,150.64916101041294
938,152.90629012696508
939,151.69139074261005
940,150.59341903424666
941,151.83623926273555
942,154.02859552911664
943,156.36088064291098
944,156.8112015134679
945,155.68549798246397
946,156.3951359672401
947,157.39393406077042
948,157.01859443683045
949,156.61620785714007
950,158.09229084899388
951,161.90223887287252
952,158.7161040997376
953,158.82994649312337
954,155.88322586648698
955,156.05394003644733
956,155.51261909988213
957,159.3997270059475
958,160.47568385147238
959,158.47734553382182
960,161.51052908930902
961,158.58330037353042
962,159.9485559349595
963,163.51079424337505
964,164.34502116428135
965,165.82681570826404
966,166.96373231780746
967,166.7728637760476
968,167.43228609924628
969,164.53062410432352
970,165.75366296377322
971,164.48080908916077
972,166.2611762043707
973,165.71995914575936
974,165.6118583568782
975,165.2864917884797
976,163.78321867260357
977,164.9292159838962
978,164.51669082655465
979,162.56454360462962
980,161.76301554471252
981,161.50250736762652
982,162.36505675324318
983,162.84427316125976
984,162.0142669890058
985,162.63409898056008
986,167.14118165085236
987,166.66879773484436
988,161.18286344012546
989,159.04510256619068
990,157.85440330055306
991,160.16579602982523
992,162.59031827208398
993,161.68701155986258
994,162.16549879025592
995,162.0051185351894
996,159.63137020336998
997,159.836649669535
998,160.58128263104504
999,158.57712014059393
1000,159.0646028023231
1001,161.27436205589444
1002,158.0263445323806
1003,158.42498643564934
1004,159.965604185314
1005,161.99129440647272
1006,159.8778795347225
1007,159.1701157080051
1008,159.27994505034837
1009,161.35365064990293
1010,165.24614354923656
1011,165.73537527565563
1012,168.34866674881945
1013,168.03265101830004
1014,167.3622992522994
1015,169.5930039429478
1016,172.99815217778246
1017,176.99245703823715
1018,175.5155396874436
1019,173.45436142355643
1020,177.0135745779723
1021,172.59866946139869
1022,172.2003069757097
1023,170.96160842567224
1024,173.91466516960097
1025,174.24268289639872
1026,175.41028001640586
1027,175.8281955363451
1028,175.32711429186278
1029,176.6020322698033
1030,174.66240324159455
1031,172.52825852288714
1032,171.67337075618727
1033,171.30844582386294
1034,169.85053761460304
1035,170.11255602153753
1036,174.72649120062852
1037,174.19627695402596
1038,176.1325034959119
1039,175.53026181144736
1040,178.0492856587251
1041,175.64386452520827
1042,177.59047889118506
1043,178.38533551881136
1044,179.31187099587592
1045,176.6493818002416
1046,175.7031588165403
1047,178.6392263438576
1048,175.42606219894694
1049,174.60532168187027
1050,175.5981507959911
1051,179.82814450647462
1052,182.49193264662745
1053,185.55731260757514
1054,184.5571292452759
1055,185.0182349743791
1056,183.40831228509637
1057,182.7652562465678
1058,183.04279656842164
1059,181.41736791096685
1060,184.34148480202325
1061,184.47013597212472
1062,183.69159784278378
1063,181.78592968252886
1064,184.57651600093595
1065,186.05632589152762
1066,185.42585207421664
1067,182.77860637626398
1068,184.5456465277803
1069,184.2029870720224
1070,186.33132526153187
1071,186.37780672896432
1072,189.58525486172167
1073,189.4742615210065
1074,193.12567461498682
1075,195.00339194418186
1076,191.89517061595802
1077,191.23100838716937
1078,194.85134342662258
1079,195.51980211266994
1080,194.31059253968706
1081,194.54451410741063
1082,197.27493302886523
1083,198.19755773921028
1084,197.77457245869115
1085,193.8307073449028
1086,197.8073265739925
1087,195.65143205515906
1088,198.18754098024772
1089,194.56991343761902
1090,193.31501362116933
1091,191.34728842082927
1092,193.35498709088347
1093,192.0504246273129
1094,193.39647788914652
1095,197.51928513823802
1096,197.85061423018618
1097,195.7869874379954
1098,195.08374920957004
1099,192.7762073248741
1100,194.7635564169222
1101,196.43707236004155
1102,197.1917648025001
1103,194.73648061710227
1104,189.70441971472016
1105,188.9302272115694
1106,188.2227217767431
1107,186.06041197081433
1108,184.10252583934746
1109,183.3032634249001
1110,185.07347728348628
1111,180.52084091297317
1112,179.4787639497206
1113,181.45962427820842
1114,176.8086892154527
1115,176.50186983744078
1116,176.603450041023
1117,176.8576988616174
1118,180.7926616173969
1119,180.7680572665954
1120,179.31250389629457
1121,178.38245667213474
1122,178.50385235350006
1123,176.58267388277739
1124,173.37345983432996
1125,171.7350522364624
1126,171.18066998269074
1127,174.6457732494031
1128,173.34617566382974
1129,172.1246593903436
1130,169.32880697401615
1131,172.1081837613747
1132,172.90446658131268
1133,174.6187923405772
1134,175.64137198181766
1135,174.18157382535512
1136,174.65115624703841
1137,172.62636662935085
1138,173.644782209424
1139,176.19439321831877
1140,181.78027846964838
1141,179.89507082553558
1142,182.61718558958276
1143,184.58965655152093
1144,182.06642623266958
1145,182.6376333787153
1146,185.68664839146322
1147,184.32861019082247
1148,185.34493522250577
1149,185.03008859910946
1150,185.8531751059246
1151,184.27341693478266
1152,184.51351802508492
1153,185.61882289437767
1154,184.45828921196855
1155,182.6771050301048
1156,182.5717822107768
1157,181.5135213146347
1158,181.62932341945637
1159,180.02573332639707
1160,182.00911971294443
1161,182.63923613762225
1162,179.61218462759686
1163,182.81567694218376
1164,181.03522242510584
1165,180.33864190906647
1166,182.88281735402157
1167,181.18524431014902
1168,185.76078676337394
1169,180.68267384648604
1170,174.56173477647056
1171,175.06591318401382
1172,172.11034574260168
1173,172.31244559742626
1174,170.61301735216696
1175,170.03209926552177
1176,170.65745283930417
1177,170.89597454807583
1178,170.41077540381696
1179,169.47639785511376
1180,169.07771672776056
1181,167.72764797323367
1182,170.1524169517453
1183,168.02699612716904
1184,168.61617573601285
1185,169.32322172869937
1186,165.78459833573675
1187,166.4537088044148
1188,168.76805681974162
1189,168.35729267796324
1190,169.75936793384366
1191,169.65792818114508
1192,170.02061803737763
1193,171.80791394538522
1194,171.49910936318338
1195,172.7016102958969
1196,169.54881761095274
1197,169.78704179844547
1198,166.24712794202307
1199,165.45267052574516
1200,164.13433695846317
1201,164.98500583421352
1202,164.1831718425439
1203,167.9216271239207
1204,167.16459293959446
1205,165.08350152846114
1206,161.03602382173804
1207,161.01942254732631
1208,160.4051780477266
1209,161.92609536657073
1210,163.6650783460864
1211,165.21598859842234
1212,163.43233685015136
1213,161.04457296703575
1214,160.26027898259613
1215,158.55174316128392
1216,158.83867372052532
1217,158.2996316461286
1218,159.69345834027092
1219,158.72003446304328
1220,155.26089623167428
1221,156.57382008859398
1222,161.51552529385262
1223,162.7900175381391
1224,159.80634068063256
1225,157.00964074886454
1226,160.0896918225484
1227,159.85822025720606
1228,159.86877841342977
1229,158.8013822243707
1230,160.73565588827725
1231,161.17393379031148
1232,158.89143662319404
1233,157.96712597117275
1234,157.44972415076538
1235,156.585432883
1236,158.0182856861206
1237,156.40331043184386
1238,155.62949248082182
1239,158.7592183654946
1240,162.14028392519353
1241,165.91510339181877
1242,166.78355745890642
1243,168.50595236273048
1244,166.93385028699993
1245,165.5702261107665
1246,162.67126625200729
1247,163.67840811762713
1248,165.1281948550619
1249,166.349428164904
1250,165.73199256733147
1251,165.01484101265225
1252,166.94822878280328
1253,164.9766358698769
1254,165.42205801821828
1255,167.9213448418654
1256,169.04075313568208
1257,169.91280499417977
1258,171.0060832014279
1259,172.0267476805527
1260,171.79265494373172
1261,168.4084469431078
1262,164.71827652314462
1263,165.29554098159795
1264,164.86940038913932
1265,168.5431966728803
1266,168.8771624805575
1267,173.3601767567976
1268,171.68505962428233
1269,174.7425280441302
1270,175.863048150294
1271,178.826095491776
1272,177.09914201590703
1273,175.52395039731545
1274,174.48570649802946
1275,177.7637987271055
1276,178.93812377584078
1277,181.76114798474342
1278,179.49803816104813
1279,183.21498134136147
1280,186.09835857761837
1281,184.81943138816678
1282,183.27939270834568
1283,183.23730486371988
1284,184.54538623294633
1285,184.2211453763174
1286,185.69576873374479
1287,183.17022342025248
1288,186.18525221416394
1289,188.92965466621033
1290,191.02513978811288
1291,188.73525692547938
1292,191.01210748568812
1293,188.54538860107235
1294,191.77558668619685
1295,188.96156575962203
1296,188.55745755905795
1297,190.5188395290454
1298,188.19728012044106
1299,183.97835056908016
1300,182.87127435696326
1301,181.86255672524572
1302,180.89555281785545
1303,181.19896190749338
1304,181.06370213133835
1305,181.2073417520045
1306,179.3353882006115
1307,178.37731117729706
1308,179.29257160805838
1309,177.27508690279063
1310,174.84337617751922
1311,174.72928027483044
1312,179.4851007778231
1313,184.23236474553988
1314,179.0625980289226
1315,178.0747693120223
1316,177.73346578124546
1317,177.42697566257118
1318,177.28034906371792
1319,175.95592626404007
1320,175.4939033527219
1321,173.02306247366752
1322,169.6636111098718
1323,167.37284883378805
1324,167.32478480052615
1325,168.58753240302406
1326,173.39479127900654
1327,171.97221584076803
1328,173.98576637803876
1329,173.84452470181117
1330,173.05313983530402
1331,174.4622900266875
1332,174.15372064083218
1333,172.54714629197585
1334,171.03913948794613
1335,169.0405257673872
1336,166.86131666056184
1337,167.7652184304559
1338,168.17516919859716
1339,165.9357535135141
1340,162.98840611885254
1341,164.85318463892088
1342,164.4652942060046
1343,164.19085524370834
1344,163.85410580697058
1345,163.58351380259424
1346,161.79508687427108
1347,164.04529648644515
1348,166.16856630074545
1349,166.44444440134453
1350,161.3357510696698
1351,161.4123809806651
1352,161.4934900323947
1353,162.70432439974334
1354,163.6604030617036
1355,166.071533060587
1356,165.6768640252445
1357,161.06449258002925
1358,164.61823943442695
1359,168.54687837749574
1360,169.73203351146856
1361,166.5308575213536
1362,168.2476238142853
1363,168.1761351294993
1364,165.75384026768688
1365,167.2255291068495
1366,172.64479538646646
1367,172.9912513350505
1368,172.99158586702507
1369,170.78226783653417
1370,169.96854631950728
1371,173.85507556594578
1372,173.2910153736008
1373,172.19424921395031
1374,171.16871675121808
1375,171.87963706465726
1376,169.67745425825868
1377,170.6716376069678
1378,169.05442814887363
1379,170.42694349348278
1380,174.01418265128456
1381,172.96755687039465
1382,173.7145598548497
1383,175.5690887173574
1384,177.0754498095914
1385,178.25201921612765
1386,181.12421998080046
1387,175.94780920250184
1388,175.67575206613128
1389,173.7402110276612
1390,174.6274352399793
1391,177.57622816277555
1392,178.19210330269536
1393,177.07372095399077
1394,178.4424905911735
1395,183.67115965920806
1396,183.26267042760276
1397,182.9930671101631
1398,184.08697212547162
1399,183.92186965280752
1400,186.1633646491307
1401,183.66815155030477
1402,182.5389527851621
1403,177.40395054569117
1404,177.64468072785795
1405,178.2011366780011
1406,176.71001660183657
1407,174.94709865936724
1408,175.58574461857066
1409,181.4629667784974
1410,178.73090014118347
1411,179.78620575505704
1412,179.4011821299212
1413,174.0889143705282
1414,176.03195477062022
1415,176.35793328724554
1416,174.8453283219244
1417,174.65995775184032
1418,173.40013938096524
1419,176.33477716890053
1420,174.59507182493007
1421,171.24120452312675
1422,171.17523753344784
1423,169.77344358876712
1424,173.43652966333568
1425,173.05063642148153
1426,175.8695838871049
1427,175.64597996849685
1428,172.65076863881887
1429,177.64087367110523
1430,176.30234526709654
1431,175.3342654640537
1432,178.14460643868495
1433,180.91695431919163
1434,182.2692571601524
1435,183.4621830540197
1436,187.9444629641969
1437,191.8808403479322
1438,194.2128364221194
1439,194.79518021586827
1440,189.8229016640141
1441,190.8170747688855
1442,189.88830779824048
1443,194.24253219130946
1444,194.0915797871719
1445,193.71878363099106
1446,193.16933669240535
1447,194.73236396538599
1448,194.13747298424988
1449,195.9113264198498
1450,199.41661258715527
1451,200.0184991321807
1452,202.13345942311932
1453,204.07719390262486
1454,206.08257235800457
1455,202.58563817767993
1456,200.98118979551617
1457,202.18887296997173
1458,203.55691682572666
1459,204.1254880790572
1460,198.4352350082878
1461,196.300563018601
1462,191.84408943374683
1463,195.9512663265274
1464,192.4388906436427
1465,192.8611329154536
1466,194.9044886217238
1467,192.9487276172086
1468,190.09327674654386
1469,189.83891527953546
1470,184.9636112265363
1471,184.7819684621087
1472,183.37648750116045
1473,184.2901273826589
1474,179.91306754400523
1475,181.3604184893839
1476,183.57097696148804
1477,181.7103134870191
1478,182.57670104018032
1479,182.5055215123348
1480,186.06605505145092
1481,187.82091313782087
1482,187.697645538719
1483,183.9086597323759
1484,181.00651009757328
1485,180.035431953414
1486,178.27410165784386
1487,176.89956781746673
1488,179.3745109317994
1489,179.82139502486757
1490,182.07517466174937
1491,182.16198669924236
1492,181.92969092980667
1493,180.48383401981835
1494,177.96276105370615
1495,178.3248094932322
1496,181.40560870957154
1497,181.3069566399234
1498,182.985392111753
1499,180.8722524875899
1500,180.20692118651274
