date,stock,market,rf,stock_excess,market_excess
2022-01-05,-0.06769444993195073,-0.018116221211519346,6.364383561643836e-05,-0.06775809376756717,-0.018179865047135785
2022-01-06,-0.01289084153887643,-0.006648209773910452,6.664383561643835e-05,-0.012957485374492868,-0.00671485360952689
2022-01-07,-0.014171755981579715,-0.005968079616312849,6.493972602739726e-05,-0.014236695707607112,-0.006033019342340246
2022-01-10,-0.0007954500677946896,0.004404781697118665,6.14958904109589e-05,-0.0008569459582056485,0.0043432858067077055
2022-01-11,-0.029721549737969255,-0.012827136941508499,6.654246575342465e-05,-0.02978809220372268,-0.012893679407261924
2022-01-12,0.06831769723491643,0.013814365832953257,6.351232876712329e-05,0.0682541849061493,0.013750853504186134
2022-01-13,-0.0026833304711741945,-0.019809090024743625,7.075068493150685e-05,-0.0027540811561057015,-0.01987984070967513
2022-01-14,-0.008519219652938226,0.0008646498406577052,6.555342465753425e-05,-0.00858477307759576,0.000799096416000171
2022-01-17,0.0513842662086077,0.01494023400132427,6.769863013698629e-05,0.05131656757847071,0.014872535371187285
2022-01-18,-0.0015457091256534383,0.0019349711270759684,6.775890410958903e-05,-0.0016134680297630274,0.0018672122229663793
2022-01-19,-0.05053563712047637,-0.01288193660229453,6.485479452054794e-05,-0.05060049191499692,-0.012946791396815078
2022-01-20,-0.007543977293120285,-0.0006259353589914696,7.201643835616438e-05,-0.0076159937314764494,-0.0006979517973476339
2022-01-21,-0.0026578088735211836,-0.011956419657435546,6.797534246575343e-05,-0.002725784215986937,-0.0120243949999013
2022-01-24,0.0039840690148746916,0.003717363994923062,6.823835616438356e-05,0.003915830658710308,0.0036491256387586784
2022-01-25,-0.045130630571264874,-0.02866395497019525,7.168219178082192e-05,-0.0452023127630457,-0.02873563716197607
2022-01-26,0.037500142177579576,0.007020807532843065,6.921643835616439e-05,0.03743092573922341,0.006951591094486901
2022-01-27,-0.033511532901083996,-0.02807189998515014,6.904931506849316e-05,-0.03358058221615249,-0.028140949300218633
2022-01-28,-0.06182614354963345,-0.005296548830459713,6.962739726027397e-05,-0.061895770946893726,-0.005366176227719987
2022-01-29,0.025539232718337246,0.0032108615990082967,6.255890410958904e-05,0.025476673814227656,0.0031483026948987075
2022-01-30,0.024903190627860283,0.003200584954878849,6.361917808219178e-05,0.02483957144977809,0.003136965776796657
2022-02-07,0.0242980608733383,0.003190373883539266,7.205205479452056e-05,0.02422600881854378,0.0031183218287447454
2022-02-08,-0.03086564239260081,-0.009800668843185534,6.337808219178082e-05,-0.030929020474792592,-0.009864046925377314
2022-02-09,0.0340283649680897,0.015333520563757475,6.244931506849314e-05,0.033965915653021206,0.015271071248688982
2022-02-10,-0.020840818920571103,-0.0073611281760328495,6.711506849315068e-05,-0.020907933989064254,-0.007428243244526
2022-02-11,-0.04222252041428032,-0.015583035458991645,5.977260273972603e-05,-0.042282293017020044,-0.01564280806173137
2022-02-14,0.007718443746555614,-0.007679677513468874,6.37013698630137e-05,0.007654742376692601,-0.007743378883331888
2022-02-15,0.026925024021667632,0.01680657221000814,6.141917808219178e-05,0.02686360484358544,0.01674515303192595
2022-02-16,0.009576892382590074,0.0022999794211848723,6.247945205479451e-05,0.009514412930535279,0.002237499969130078
2022-02-17,0.019801828638244423,0.003473233722550262,6.926301369863013e-05,0.019732565624545794,0.0034039707088516316
2022-02-18,-0.010033394761308934,0.0027363462100336022,6.355342465753425e-05,-0.010096948185966468,0.002672792785376068
2022-02-21,-0.004406272919860399,0.0008525542237336481,6.884109589041095e-05,-0.00447511401575081,0.0007837131278432371
2022-02-22,-0.018523212737152406,-0.013004385629058035,6.539178082191781e-05,-0.018588604517974325,-0.013069777409879952
2022-02-23,0.05944405583362222,0.018839090935026448,6.278630136986302e-05,0.05938126953225236,0.018776304633656586
2022-02-24,-0.028719922652419072,-0.02221921457051046,6.614246575342466e-05,-0.028786065118172496,-0.022285357036263883
2022-02-25,0.012093392672236192,0.012051826791688924,6.413424657534247e-05,0.01202925842566085,0.011987692545113582
2022-02-28,0.007052965662006194,0.0031866160917086717,7.285205479452055e-05,0.006980113607211674,0.003113764036914151
2022-03-01,0.008717633051666063,0.0024428120876756054,6.27068493150685e-05,0.008654926202350994,0.002380105238360537
2022-03-02,-0.012730542677885204,-0.010559206159244994,6.197534246575343e-05,-0.012792518020350958,-0.010621181501710748
2022-03-03,-0.013733644452016414,-0.010933944683577224,6.668493150684932e-05,-0.013800329383523264,-0.011000629615084074
2022-03-04,-0.04763779694608328,-0.013832732458336494,5.909041095890411e-05,-0.04769688735704218,-0.013891822869295398
2022-03-07,-0.04457180315612774,-0.03493610912081202,6.361369863013699e-05,-0.04463541685475788,-0.03499972281944216
2022-03-08,-0.0337398583380768,-0.02650900071926543,6.335342465753425e-05,-0.033803211762734334,-0.026572354143922963
2022-03-09,0.03365220055400897,-0.011279017486744536,6.270958904109589e-05,0.033589490964967876,-0.011341727075785632
2022-03-10,0.024377194806213254,0.02155314307143641,6.844657534246574e-05,0.02430874823087079,0.021484696496093945
2022-03-11,0.003245646853294204,0.006158373453358124,6.213424657534247e-05,0.0031835126067188617,0.006096239206782781
2022-03-14,-0.04834897217662437,-0.031314214581433575,6.592328767123288e-05,-0.0484148954642956,-0.031380137869104804
2022-03-15,-0.028734870052588235,-0.04461507667021891,6.489315068493151e-05,-0.028799763203273168,-0.044679969820903845
2022-03-16,0.0752487835685205,0.0394065822243892,6.452876712328768e-05,0.0751842548013972,0.03934205345726591
2022-03-17,0.023555331382672406,0.023796835977842434,6.682739726027397e-05,0.02348850398541213,0.02373000858058216
2022-03-18,-0.0016702162636743623,0.0031423395647820485,6.45917808219178e-05,-0.0017348080444962802,0.003077747783960131
2022-03-21,0.04534349683501482,0.004127365542911932,6.634794520547944e-05,0.04527714888980934,0.004061017597706452
2022-03-22,-0.00235910463476241,-0.004928260445755228,6.335068493150685e-05,-0.0024224553196939167,-0.004991611130686735
2022-03-23,0.009601476123838104,0.007268882831915846,6.424383561643836e-05,0.009537232288221665,0.007204638996299408
2022-03-24,-0.0003569091704056504,-0.008347493153719299,6.903561643835616e-05,-0.00042594478684400655,-0.008416528770157654
2022-03-25,-0.04880801297222437,-0.019097126758596872,6.254246575342466e-05,-0.048870555437977796,-0.019159669224350296
2022-03-28,-0.021086196126661072,-0.010222932703138454,6.558356164383562e-05,-0.02115177968830491,-0.010288516264782289
2022-03-29,0.0025912803098160353,-0.004601388197185585,6.757534246575342e-05,0.002523704967350282,-0.004668963539651338
2022-03-30,0.02575681050128953,0.03052696429629087,6.624657534246576e-05,0.02569056392594706,0.030460717720948403
2022-03-31,-0.030946103303314487,-0.011939252766453023,7.91972602739726e-05,-0.03102530056358846,-0.012018450026726996
2022-04-01,0.026429177901921896,0.00901009866856839,6.058082191780822e-05,0.026368597080004087,0.008949517846650582
2022-04-02,0.01252660449475318,-0.002252302069482681,5.4739726027397265e-05,0.012471864768725782,-0.0023070417955100785
2022-04-06,0.012371628002376234,-0.0022573863876722555,6.478904109589041e-05,0.012306838961280344,-0.002322175428768146
2022-04-07,-0.007890389494744632,-0.0166407304347711,6.498904109589041e-05,-0.007955378535840522,-0.016705719475866992
2022-04-08,0.016442277031904595,-0.0010655506833394668,5.907945205479452e-05,0.016383197579849802,-0.0011246301353942613
2022-04-11,-0.04607253956452695,-0.0374038256021052,5.806301369863014e-05,-0.04613060257822558,-0.03746188861580383
2022-04-12,0.02192404305496609,0.020293187685702208,6.4986301369863e-05,0.02185905675359623,0.020228201384332345
2022-04-13,-0.004867394009263393,-0.01613871093322672,6.003013698630137e-05,-0.004927424146249694,-0.01619874107021302
2022-04-14,0.01790847983852739,0.012580273366406658,6.367945205479452e-05,0.017844800386472598,0.012516593914351863
2022-04-15,-0.021304912710483848,-0.005654208690554441,5.6326027397260265e-05,-0.021361238737881108,-0.005710534717951701
2022-04-18,0.01220633712134589,0.0036760903847010695,5.6358904109589046e-05,0.0121499782172363,0.0036197314805914804
2022-04-19,0.023814506283091674,-0.0049861216734825575,5.970958904109588e-05,0.02375479669405058,-0.005045831262523654
2022-04-20,-0.012687203227065957,-0.020941850335255197,5.792054794520548e-05,-0.012745123775011163,-0.020999770883200403
2022-04-21,-0.03250342767137848,-0.027403655752493705,6.082739726027398e-05,-0.032564255068638755,-0.027464483149753978
2022-04-22,0.005761779540644163,-0.002943626035557756,5.116986301369863e-05,0.005710609677630464,-0.0029947958985714544
2022-04-24,-0.0169200249568231,-0.030893904119912108,5.3624657534246574e-05,-0.016973649614357347,-0.030947528777446356
2022-04-25,-0.017211246748582987,-0.03187884699450194,5.062739726027398e-05,-0.01726187414584326,-0.03192947439176221
2022-04-26,0.018776688882494064,-0.01677302228353028,5.088493150684931e-05,0.018725803950987215,-0.01682390721503713
2022-04-27,0.013729616318810756,0.04279366667131512,5.0550684931506845e-05,0.013679065633879248,0.04274311598638362
2022-04-28,-0.013011179943481999,-0.0022535676129820104,5.372602739726028e-05,-0.013064905970879259,-0.0023072936403792706
2022-04-29,0.046431679635419165,0.036263878749451806,5.602465753424658e-05,0.04637565497788492,0.03620785409191756
2022-05-05,0.02359427160455052,0.0022603057862689013,6.079726027397261e-05,0.023533474344276547,0.002199508525994929
2022-05-06,-0.027392409428401265,-0.02164224172367213,5.2994520547945204e-05,-0.02744540394894921,-0.021695236244220074
2022-05-07,-0.019499054238992564,-0.002048836156326672,5.1520547945205487e-05,-0.01955057478693777,-0.0021003567042718776
2022-05-09,-0.019886841368401242,-0.0020530425055156343,5.25972602739726e-05,-0.019939438628675216,-0.002105639765789607
2022-05-10,0.0025653440483361933,0.013572261955925313,5.4613698630136984e-05,0.0025107303497060563,0.013517648257295177
2022-05-11,0.07976804853188124,0.017867883824674635,5.1753424657534246e-05,0.07971629510722371,0.017816130400017102
2022-05-12,0.005453187763718503,-0.0013159585494193493,5.7249315068493146e-05,0.00539593844865001,-0.0013732078644878424
2022-05-13,0.061044264264548787,0.005834300245540547,5.014520547945205e-05,0.06099411905906933,0.005784155040061095
2022-05-16,-0.011018792161921809,-0.005969507003921848,5.009041095890411e-05,-0.011068882572880714,-0.006019597414880752
2022-05-17,0.05596738880591978,0.012255383632162165,5.120821917808219e-05,0.0559161805867417,0.012204175412984082
2022-05-18,-0.003823298946675102,-0.0019680694320829417,4.988493150684931e-05,-0.0038731838781819513,-0.002017954363589791
2022-05-19,0.01094421119653255,0.0037385152015634304,5.6520547945205486e-05,0.010887690648587344,0.003681994653618225
2022-05-20,0.011132348778318146,0.018011822976308878,5.017808219178081e-05,0.011082170696126365,0.0179616448941171
2022-05-23,0.02572478310056958,-0.0005746102763577454,4.894520547945205e-05,0.02567583789509013,-0.0006235554818371974
2022-05-24,-0.04929988837319055,-0.03394055957087083,5.2408219178082195e-05,-0.04935229659236863,-0.033992967790048914
2022-05-25,0.0218363597993676,0.006957536474883952,4.777808219178082e-05,0.02178858171717582,0.006909758392692171
2022-05-26,-0.0019468881565805063,0.005694869977199701,5.078904109589041e-05,-0.0019976771976763967,0.005644080936103811
2022-05-27,0.007764913175851262,-0.0011812285166499237,4.7690410958904106e-05,0.007717222764892358,-0.0012289189276088277
2022-05-30,0.03148998859604202,0.010370753639872277,4.963835616438357e-05,0.03144035023987764,0.010321115283707893
2022-05-31,-0.007423939071282248,0.01903384826001009,5.748493150684931e-05,-0.0074814240027890975,0.018976363328503238
2022-06-01,0.013650405197457083,0.002049492699027766,5.059178082191781e-05,0.013599813416635164,0.0019989009182058482
2022-06-02,0.003456938510976393,0.006647254495021571,5.4219178082191785e-05,0.003402719332894201,0.006593035316939379
2022-06-06,0.05559448806829881,0.026293999502950527,5.0273972602739725e-05,0.05554421409569607,0.026243725530347786
2022-06-07,-0.010525761225030017,-0.0002136242876318306,5.20054794520548e-05,-0.010577766704482072,-0.0002656297670838854
2022-06-08,0.03897290645081686,0.00815146512602638,5.08054794520548e-05,0.0389221009713648,0.008100659646574325
2022-06-09,-0.015383062589776841,-0.018678742543015048,5.58986301369863e-05,-0.015438961219913828,-0.018734641173152034
2022-06-10,0.07867863133113406,0.018835794878743428,4.821095890410959e-05,0.07863042037222995,0.01878758391983932
2022-06-13,0.0,-0.0029823866702471946,4.973972602739725e-05,-4.973972602739725e-05,-0.0030321263962745917
2022-06-14,-0.015060014010652267,0.0020380390934864323,5.165479452054794e-05,-0.015111668805172816,0.0019863842989658845
2022-06-15,-0.025303181151364207,0.009434067374956001,5.062191780821918e-05,-0.025353803069172426,0.009383445457147782
2022-06-16,0.002979409243565101,0.0010869244076712192,5.695890410958905e-05,0.002922450339455512,0.0010299655035616302
2022-06-17,0.005932319363460614,0.014719591312328362,4.923561643835617e-05,0.005883083747022258,0.014670355695890005
2022-06-20,0.01227574992435354,0.012570743582822175,5.312876712328767e-05,0.012222621157230253,0.012517614815698887
2022-06-21,-0.003442739227809355,-0.005079696635736042,5.463013698630137e-05,-0.003497369364795656,-0.005134326772722343
2022-06-22,-0.0032816172689367207,-0.014374552598587442,5.337808219178082e-05,-0.0033349953511285016,-0.014427930680779223
2022-06-23,0.039268398025043005,0.021662085868193515,6.065753424657534e-05,0.03920774049079643,0.02160142833394694
2022-06-24,-0.006954904793916583,0.013595037480566674,5.283835616438357e-05,-0.007007743150080967,0.01354219912440229
2022-06-27,-0.003859928712771854,0.010939446493139826,5.616164383561644e-05,-0.003916090356607471,0.01088328484930421
2022-06-28,0.009122292766072349,0.01217609720128543,5.8284931506849316e-05,0.009064007834565499,0.01211781226977858
2022-06-29,-0.06221224632417943,-0.022290566783627952,5.9917808219178075e-05,-0.06227216413239861,-0.02235048459184713
2022-06-30,0.00565805717620993,0.015606329397568786,8.177808219178082e-05,0.005576279094018149,0.015524551315377005
2022-07-01,-0.012954545130922313,-0.002782982132062628,5.216164383561644e-05,-0.01300670677475793,-0.0028351437758982446
2022-07-04,0.02091571812799664,0.012816840127683804,4.982465753424658e-05,0.020865893470462395,0.012767015470149558
2022-07-05,-0.006786429837013941,-0.004087798622570915,5.087945205479452e-05,-0.006837309289068736,-0.00413867807462571
2022-07-06,0.00661149762280111,-0.01254881804613106,5.044109589041096e-05,0.006561056526910699,-0.01259925914202147
2022-07-07,0.0387484676621046,0.0096725910044686,5.665753424657535e-05,0.03869181012785803,0.009615933470222025
2022-07-08,-0.03310777000903098,-0.0061040053858150145,4.8972602739726034e-05,-0.033156742611770706,-0.00615297798855474
2022-07-11,-0.041377865620813026,-0.01883518112193272,4.9410958904109595e-05,-0.041427276579717134,-0.01888459208083683
2022-07-12,-0.04832037244770593,-0.014204936235348242,5.034246575342465e-05,-0.04837071491345935,-0.014255278701101668
2022-07-13,0.0028186429010954583,0.0055811876082110246,5.078904109589041e-05,0.002767853859999568,0.005530398567115134
2022-07-14,0.04147453299385795,0.0074778330163809414,5.610410958904109e-05,0.04141842888426891,0.0074217289067919
2022-07-15,0.045955794806798345,-0.015333442657857077,4.8383561643835614e-05,0.04590741124515451,-0.015381826219500913
2022-07-18,-0.003221736427681421,0.009753257080898692,4.907945205479452e-05,-0.0032708158797362156,0.009704177628843897
2022-07-19,-0.017951907653764643,-0.003027082210250498,5.1202739726027396e-05,-0.01800311039349067,-0.0030782849499765255
2022-07-20,0.0018038536377389391,0.006251045072456662,4.9775342465753425e-05,0.0017540782952731857,0.006201269729990909
2022-07-21,-0.02195461469184412,-0.009423798311518183,5.663287671232876e-05,-0.02201124756855645,-0.009480431188230512
2022-07-22,0.015671437031137714,-0.0049233052928379095,4.7912328767123285e-05,0.01562352470237059,-0.004971217621605033
2022-07-25,-0.0204545418423292,-0.008298809538366925,4.680821917808219e-05,-0.02050135006150728,-0.008345617757545007
2022-07-26,0.006322146985970889,0.009471268344316996,4.690410958904109e-05,0.006275242876381848,0.009424364234727955
2022-07-27,0.0024695832332071177,-0.00071508473011761,4.601917808219178e-05,0.002423564055124926,-0.0007611039081998018
2022-07-28,-0.001143682782821287,0.0023384512523243473,4.852054794520548e-05,-0.0011922033307664925,0.0022899307043791417
2022-07-29,-0.015385619168388764,-0.013103715083374823,4.6405479452054786e-05,-0.01543202464784082,-0.013150120562826878
2022-08-01,0.03127936036400669,0.011908187421504124,4.709041095890411e-05,0.031232269953047787,0.01186109701054522
2022-08-02,-0.011986546996789471,-0.02395576508411601,4.772602739726028e-05,-0.01203427302418673,-0.02400349111151327
2022-08-03,-0.014229202511327088,-0.011431408163025125,4.3432876712328766e-05,-0.014272635388039417,-0.011474841039737454
2022-08-04,0.014828956630124068,0.006899710831733685,4.909315068493151e-05,0.014779863479439137,0.006850617681048754
2022-08-05,-0.007100123091254851,0.016765938498428667,4.250958904109589e-05,-0.007142632680295947,0.01672342890938757
2022-08-08,-0.009708519567734442,0.0026811718792068007,4.2717808219178084e-05,-0.00975123737595362,0.0026384540709876226
2022-08-09,-0.005104313061353949,0.0023496716887176916,4.4008219178082194e-05,-0.005148321280532031,0.0023056634695396093
2022-08-10,-0.03619288149020594,-0.008762568997683573,4.29041095890411e-05,-0.036235785599794984,-0.008805473107272614
2022-08-11,0.021406151408153384,0.020287736561241942,4.889041095890411e-05,0.02135726099719448,0.020238846150283037
2022-08-12,-0.009876006139030835,-0.004389922135983326,4.283835616438356e-05,-0.00991884449519522,-0.00443276049214771
2022-08-15,0.010466719520320744,0.003282208736774095,4.259452054794521e-05,0.0104241249997728,0.00323961421622615
2022-08-16,0.011710857338064429,0.0007934111196146176,4.3786301369863015e-05,0.011667071036694565,0.0007496248182447547
2022-08-17,0.027839738136277603,0.010001850743332596,4.347671232876713e-05,0.027796261423948837,0.009958374031003829
2022-08-18,-0.005752652489450227,-0.006223146316795436,4.822465753424657e-05,-0.0058008771469844735,-0.006271370974329682
2022-08-19,-0.020613653204184068,-0.01276515401851519,4.572054794520548e-05,-0.020659373752129274,-0.012810874566460396
2022-08-22,0.011497709729952454,0.011834809867968588,4.521095890410959e-05,0.011452498771048345,0.011789598909064478
2022-08-23,-0.004589324976183029,-0.004048749102134153,4.7602739726027403e-05,-0.004636927715909057,-0.00409635184186018
2022-08-24,-0.03837907760241599,-0.029227131016801522,4.40958904109589e-05,-0.03842317349282695,-0.02927122690721248
2022-08-25,0.00025320462233757723,0.0006313940215765257,4.501643835616439e-05,0.00020818818398141283,0.0005863775832203613
2022-08-26,0.01967913599207538,-0.003668310427055843,4.6887671232876715e-05,0.019632248320842503,-0.00371519809828872
2022-08-29,-0.00691246992062311,-0.0034513053890226075,4.797534246575343e-05,-0.006960445263088863,-0.0034992807314883608
2022-08-30,-0.008661051411037235,-0.0039493234651590825,4.788767123287672e-05,-0.008708939082270111,-0.003997211136391959
2022-08-31,-0.07640649732871196,-0.013032743161945248,5.2252054794520545e-05,-0.07645874938350648,-0.013084995216739769
2022-09-01,-0.004466500205707824,-0.008789516714420742,4.891232876712329e-05,-0.004515412534474948,-0.008838429043187865
2022-09-02,-0.01653841444033244,-0.0008541613978856333,4.465479452054794e-05,-0.016583069234852987,-0.0008988161924061812
2022-09-05,-0.048073008935370254,-0.0020272808712835655,4.474246575342465e-05,-0.048117751401123676,-0.00207202333703699
2022-09-06,0.015445300078852142,0.010317616071361613,4.66027397260274e-05,0.015398697339126115,0.010271013331635586
2022-09-07,0.03512597524957872,0.004166797789350696,4.62082191780822e-05,0.03507976703040064,0.004120589570172614
2022-09-08,-0.015823170210118143,-0.008659148867286248,4.8315068493150686e-05,-0.015871485278611295,-0.008707463935779399
2022-09-09,0.0051621627108993096,0.011079191124181875,4.426849315068493e-05,0.005117894217748624,0.01103492263103119
2022-09-13,0.01804977846876543,0.003838456962904857,4.7660273972602744e-05,0.01800211819479283,0.0037907966889322545
2022-09-14,-0.022965518704688215,-0.012548770580085744,4.6476712328767125e-05,-0.02301199541701698,-0.012595247292414511
2022-09-15,-0.032264324408506795,-0.021271316576926935,5.113424657534247e-05,-0.03231545865508214,-0.021322450823502277
2022-09-16,-0.013136658168498627,-0.023298810739913023,4.983013698630137e-05,-0.013186488305484929,-0.023348640876899324
2022-09-19,0.01629438360237323,-0.004847676497950815,4.9610958904109586e-05,0.01624477264346912,-0.004897287456854924
2022-09-20,0.014176978952297858,0.006836551168763805,5.364109589041096e-05,0.014123337856407448,0.006782910072873394
2022-09-21,-0.015482414826848867,-0.00670539221865063,5.154246575342466e-05,-0.015533957292602292,-0.006756934684404054
2022-09-22,-0.0053847683323198225,-0.008429047161548908,5.3073972602739725e-05,-0.005437842304922562,-0.008482121134151649
2022-09-23,-0.008021580290778374,-0.009766433698418453,4.979452054794521e-05,-0.00807137481132632,-0.009816228218966399
2022-09-26,0.024305049068165552,-0.003991999464062701,5.3827397260273964e-05,0.02425122167090528,-0.004045826861322975
2022-09-27,0.003690107187757974,0.01920404780958407,5.982739726027397e-05,0.0036302797904977,0.019144220412323793
2022-09-28,-0.030941534344988142,-0.024954612776456386,5.926849315068493e-05,-0.031000802838138827,-0.02501388126960707
2022-09-29,-0.003954400259896573,0.001809421029951963,6.876986301369862e-05,-0.004023170122910272,0.0017406511669382644
2022-09-30,-0.048636500730937726,-0.012981072269537819,5.841643835616439e-05,-0.04869491716929389,-0.013039488707893983
2022-10-08,-0.0010761402613859161,-0.007963694128488186,5.293698630136986e-05,-0.001129077247687286,-0.008016631114789556
2022-10-09,-0.0010772995869565705,-0.008027624011276657,4.973972602739725e-05,-0.0011270393129839678,-0.008077363737304055
2022-10-10,-0.0010784614131047476,-0.008092588621703811,4.5706849315068496e-05,-0.0011241682624198162,-0.00813829547101888
2022-10-11,0.0150576690051345,0.005278702755447284,4.9605479452054796e-05,0.015008063525682444,0.0052290972759952295
2022-10-12,0.028369353817583765,0.024344354102398214,4.818904109589041e-05,0.028321164776487873,0.024296165061302322
2022-10-13,-0.015998534376052476,-0.0019218565077547822,6.0076712328767124e-05,-0.016058611088381244,-0.0019819332200835494
2022-10-14,0.024328816835919476,0.027719044850698538,4.5580821917808215e-05,0.024283236014001668,0.02767346402878073
2022-10-17,-0.014774183073340552,0.0036384922912766626,4.674794520547945e-05,-0.014820931018546032,0.003591744346071183
2022-10-18,0.04870783062186579,0.002276515124586709,4.852328767123287e-05,0.04865930733419455,0.002227991836915476
2022-10-19,-0.022811373279173708,-0.014446385237233628,4.654520547945206e-05,-0.02285791848465316,-0.014492930442713079
2022-10-20,-0.015018455379463447,-0.005630098122702876,5.794520547945206e-05,-0.015076400584942898,-0.005688043328182328
2022-10-21,0.01054023330821341,-0.004236833652411676,4.8868493150684934e-05,0.010491364815062723,-0.0042857021455623605
2022-10-24,-0.0411178835808812,-0.02076176729247159,5.026575342465753e-05,-0.041168149334305855,-0.020812033045896246
2022-10-25,0.009081952067764298,-0.005136309754167456,5.9167123287671235e-05,0.009022784944476628,-0.005195476877455128
2022-10-26,-0.00015195836370107685,0.016638351221175185,5.8816438356164377e-05,-0.00021077480205724123,0.01657953478281902
2022-10-27,-0.011194218023600655,-0.0063231399536576305,5.961643835616439e-05,-0.011253834461956819,-0.0063827563920137945
2022-10-28,-0.06107135598101365,-0.03293606416947448,5.582739726027397e-05,-0.06112718337827393,-0.03299189156673475
2022-10-31,0.02786907169234354,-0.0004615633231423999,5.5134246575342465e-05,0.027813937445768197,-0.0005166975697177424
2022-11-01,0.05959144071916356,0.0319184137102031,5.316986301369863e-05,0.05953827085614986,0.031865243847189396
2022-11-02,0.02169089742238306,0.013257790978896011,5.1865753424657534e-05,0.021639031668958402,0.013205925225471354
2022-11-03,0.0015732765808484928,-0.0034488238896344114,6.0734246575342465e-05,0.0015125423342731504,-0.003509558136209754
2022-11-04,0.044615470183047456,0.03154229554662713,5.018082191780822e-05,0.04456528936112965,0.03149211472470932
2022-11-07,-0.00473128960107605,0.0018128922106193102,5.133698630136986e-05,-0.004782626587377419,0.0017615552243179402
2022-11-08,-0.00889208399612329,-0.005798502734336353,5.29013698630137e-05,-0.008944985365986305,-0.005851404104199366
2022-11-09,-0.024832623809220244,-0.007896169635102979,5.3679452054794516e-05,-0.02488630326127504,-0.007949849087157772
2022-11-10,-0.03539112494018326,-0.013362161018291019,6.194520547945206e-05,-0.035453070145662714,-0.01342410622377047
2022-11-11,0.03229790753181394,0.020974702545382584,5.60054794520548e-05,0.03224190205236189,0.02091869706593053
2022-11-14,-0.018800104877677803,-0.002364601656388743,5.53972602739726e-05,-0.018855502137951775,-0.0024199989166627154
2022-11-15,0.012071244235678513,0.021177931368997704,5.805753424657535e-05,0.012013186701431937,0.02111987383475113
2022-11-16,-0.022411980337047943,-0.010251169047169384,5.858082191780821e-05,-0.02247056115896575,-0.010309749869087193
2022-11-17,-0.015733466261458773,-0.001256623375663679,6.28027397260274e-05,-0.0157962690011848,-0.0013194261153897065
2022-11-18,-0.009075480162112015,-0.003662196730417122,5.237260273972603e-05,-0.009127852764851742,-0.003714569333156848
2022-11-21,-0.001886684039618558,-0.004119226614282212,5.1704109589041094e-05,-0.001938388149207599,-0.0041709307238712535
2022-11-22,-0.014714426408620085,-0.011884100945268372,5.201369863013699e-05,-0.014766440107250221,-0.011936114643898509
2022-11-23,0.0040203805201635134,-0.0027412063357736827,4.884109589041096e-05,0.003971539424273102,-0.0027900474316640937
2022-11-24,-0.008410478508596775,-0.0014710787080662868,5.3397260273972605e-05,-0.008463875768870747,-0.0015244759683402595
2022-11-25,-0.017555781880378873,-0.004794860279336177,5.039452054794521e-05,-0.017606176400926817,-0.004845254799884123
2022-11-28,0.00023984649939112757,-0.006919347453694158,5.2797260273972604e-05,0.00018704923911715495,-0.006972144713968131
2022-11-29,0.012906479417572392,0.02371941957587609,5.4002739726027396e-05,0.012852476677846364,0.02366541683615006
2022-11-30,0.04422528765196265,0.0017560532698013276,5.6512328767123284e-05,0.044168775323195526,0.0016995409410342044
2022-12-01,0.027147955571622973,0.013915422825212076,5.4772602739726026e-05,0.027093182968883245,0.01386065022247235
2022-12-02,-0.017343403034749016,-0.003946820518404337,5.08931506849315e-05,-0.01739429618543395,-0.003997713669089268
2022-12-05,0.00488506182810422,0.009187782048405424,5.086849315068493e-05,0.004834193334953535,0.00913691355525474
2022-12-06,0.015942473607276852,0.006642875880858767,5.2408219178082195e-05,0.01589006538809877,0.006590467661680685
2022-12-07,0.022695752912773592,0.0017477756252795018,4.9550684931506855e-05,0.022646202227842086,0.001698224940347995
2022-12-08,0.002002217408848317,-0.0025402768329101377,5.5167123287671226e-05,0.0019470502855606457,-0.002595443956197809
2022-12-09,0.0014990366144935763,0.00976707717274472,5.314246575342466e-05,0.0014458941487401516,0.009713934706991296
2022-12-12,-0.01770276144464944,-0.008947380537453142,4.8742465753424653e-05,-0.017751503910402866,-0.008996123003206567
2022-12-13,-0.0002904549270690282,-0.0066391622055661514,5.4306849315068495e-05,-0.0003447617763840967,-0.00669346905488122
2022-12-14,-0.012680369426814941,-0.00016692050692412863,5.133698630136986e-05,-0.012731706413116311,-0.0002182574932254985
2022-12-15,0.018798367766543755,0.0032010722257176383,5.154794520547945e-05,0.018746819821338277,0.003149524280512159
2022-12-16,-0.0035069361128607923,-0.005569220253070384,5.530684931506849e-05,-0.003562242962175861,-0.005624527102385452
2022-12-19,-0.014923744036936526,-0.015194944562363588,5.450958904109589e-05,-0.014978253625977623,-0.015249454151404685
2022-12-20,-0.01855203104265879,-0.01590877366032828,5.789041095890411e-05,-0.018609921453617694,-0.015966664071287183
2022-12-21,-0.003075656000937066,-0.0033877388685628063,5.1536986301369864e-05,-0.003127192987238436,-0.0034392758548641763
2022-12-22,-0.006179837287474399,-0.0032843193775136115,5.3016438356164385e-05,-0.006232853725830563,-0.0033373358158697757
2022-12-23,-0.027397924227304138,-0.002455129777660048,5.163561643835616e-05,-0.027449559843742494,-0.002506765394098404
2022-12-26,0.03979431151274326,0.011851546709907623,5.999726027397261e-05,0.03973431425246929,0.01179154944963365
2022-12-27,-0.0011579912016621563,0.011547076093124886,6.427123287671232e-05,-0.0012222624345388686,0.011482804860248174
2022-12-28,-0.029009523109869484,-0.008678434883236719,6.59123287671233e-05,-0.029075435438636606,-0.008744347212003841
2022-12-29,0.0005385236888235667,-0.0012832317384976477,7.187397260273973e-05,0.000466649716220827,-0.0013551057111003875
2022-12-30,0.008615296524641103,0.0017789977616207153,6.633972602739726e-05,0.008548956798613706,0.0017126580355933182
2023-01-03,0.013594317312471738,0.009139308329965345,5.77013698630137e-05,0.013536615942608724,0.009081606960102332
2023-01-04,-0.005317255857831604,-0.0019592578017633144,5.050958904109588e-05,-0.0053677654468727,-0.0020097673908044105
2023-01-05,0.022803021530177325,0.021103560241012786,5.097260273972603e-05,0.0227520489274376,0.02105258763827306
2023-01-06,0.00424127947737496,0.0031471752084399895,5.02e-05,0.004191079477374959,0.0030969752084399897
2023-01-09,-0.010655717221336403,0.00722419071803948,5.159452054794521e-05,-0.010707311741884348,0.007172596197491535
2023-01-10,0.012089989206540253,0.004934465562657309,5.679178082191781e-05,0.012033197425718335,0.004877673781835391
2023-01-11,0.008963419991292021,-0.005870262209217714,5.938356164383562e-05,0.008904036429648186,-0.005929645770861549
2023-01-12,0.03045374418307123,0.002295552623685637,6.766575342465754e-05,0.030386078429646572,0.0022278868702609797
2023-01-13,0.004582313270139693,0.01184076799208178,5.7745205479452054e-05,0.004524568064660241,0.011783022786602327
2023-01-16,-0.01731092144435653,0.015689517226547878,6.335616438356165e-05,-0.017374277608740094,0.015626161062164315
2023-01-17,-0.014016984742695193,0.0012532690080160336,7.27150684931507e-05,-0.014089699811188345,0.0011805539395228829
2023-01-18,-0.003671730017998698,0.0008563729362336403,6.806849315068493e-05,-0.0037397985111493827,0.0007883044430829554
2023-01-19,0.005556881388351087,0.008649551985110193,7.662191780821918e-05,0.005480259470542868,0.008572930067301974
2023-01-20,-0.0015586207552056308,0.005638278793467677,5.574246575342467e-05,-0.0016143632209590555,0.005582536327714252
2023-01-28,0.014596521262342677,0.0032538528943195644,5.9846575342465757e-05,0.014536674687000211,0.0031940063189770987
2023-01-29,0.014386524378571686,0.003243299665033561,5.2243835616438356e-05,0.014334280542955248,0.0031910558294171226
2023-01-30,0.014182484253836058,0.0032328146691416038,5.993424657534247e-05,0.014122550007260716,0.0031728804225662614
2023-01-31,0.013424410040378199,-0.008008667222311416,7.172054794520548e-05,0.013352689492432993,-0.008080387770256622
2023-02-01,0.06284024730737947,0.012991372498859732,6.162465753424658e-05,0.06277862264984523,0.012929747841325485
2023-02-02,-0.0056494589591160604,-0.002222370434866505,6.387123287671232e-05,-0.005713330191992772,-0.0022862416677432175
2023-02-03,-0.025509579970476537,-0.006359203584745288,5.448219178082192e-05,-0.02556406216225736,-0.00641368577652611
2023-02-06,-0.01714997652422756,-0.011828137061369759,5.992328767123287e-05,-0.017209899811898795,-0.011888060349040991
2023-02-07,-0.003384212509416784,0.0012013706464859553,6.515890410958904e-05,-0.003449371413526373,0.0011362117423763661
2023-02-08,-0.011627046783498685,-0.00617486825552227,7.017808219178082e-05,-0.011697224865690465,-0.006245046337714051
2023-02-09,0.009285244562751593,0.016301273080268075,7.176712328767123e-05,0.009213477439463921,0.016229505956980403
2023-02-10,-0.022681384681924932,-0.005945461282394149,5.848493150684932e-05,-0.02273986961343178,-0.006003946213900998
2023-02-13,0.0016323132108198024,0.01135399400238768,5.7597260273972606e-05,0.0015747159505458297,0.011296396742113708
2023-02-14,-0.0012500435670625976,-0.0015424305628766177,5.8613698630136994e-05,-0.0013086572656927345,-0.0016010442615067547
2023-02-15,-0.010583587848411291,-0.0025298738788457342,6.136986301369863e-05,-0.01064495771142499,-0.002591243741859433
2023-02-16,-0.00711847105009511,-0.01309725385409699,6.668493150684932e-05,-0.007185155981601959,-0.01316393878560384
2023-02-17,-0.01953459135795743,-0.016224258089851062,6.798082191780822e-05,-0.01960257217987524,-0.01629223891176887
2023-02-20,0.004174620090881653,0.020141027864523764,6.458082191780822e-05,0.004110039268963845,0.020076447042605954
2023-02-21,0.007121288303089557,0.001209728301466484,6.681369863013699e-05,0.00705447460445942,0.001142914602836347
2023-02-22,-0.015886471478873787,-0.005738069565055071,6.841643835616437e-05,-0.015954887917229953,-0.005806486003411235
2023-02-23,7.245589250803874e-05,-0.0013302827929368988,7.050410958904109e-05,1.951782918997654e-06,-0.0014007869025259398
2023-02-24,-0.010634523706270826,-0.00818279513828557,6.656712328767122e-05,-0.010701090829558498,-0.008249362261573242
2023-02-27,-0.02946470883601293,-0.007279911586000054,6.813150684931507e-05,-0.029532840342862247,-0.007348043092849369
2023-02-28,0.003801355750893798,0.006970212267621179,7.812602739726027e-05,0.0037232297234965376,0.006892086240223918
2023-03-01,0.01787091491868953,0.011015331152435692,6.233698630136988e-05,0.01780857793238816,0.010952994166134322
2023-03-02,-0.006775670626749886,-0.005454521487862962,6.443013698630136e-05,-0.006840100763736187,-0.005518951624849264
2023-03-03,0.0003343052981374939,0.00020336325768610664,5.67945205479452e-05,0.00027751077758954865,0.00014656873713816143
2023-03-06,0.0018181485871551217,-0.0007630366526498733,5.495068493150686e-05,0.0017631979022236148,-0.0008179873375813801
2023-03-07,-0.013698588693626057,-0.019982363245604873,5.9131506849315075e-05,-0.013757720200475372,-0.02004149475245419
2023-03-08,-0.014270005013331755,-0.0008868064219225147,5.9093150684931504e-05,-0.014329098164016686,-0.0009458995726074462
2023-03-09,-0.0035517232623965,-0.001579064866115587,6.474246575342466e-05,-0.0036164657281499246,-0.0016438073318690116
2023-03-10,-0.051820997822416004,-0.011940619307500455,6.042191780821918e-05,-0.05188141974022422,-0.012001041225308675
2023-03-13,-0.010979549171544534,0.005445472581319777,6.0342465753424664e-05,-0.011039891637297959,0.005385130115566352
2023-03-14,-0.002120632090345076,-0.007717653009445158,6.415068493150684e-05,-0.0021847827752765826,-0.007781803694376665
2023-03-15,-0.005690789344210856,-0.00027507665526016467,6.455890410958904e-05,-0.005755348248320445,-0.0003396355593697537
2023-03-16,-0.016183793134732838,-0.015516535003532894,6.929041095890411e-05,-0.016253083545691743,-0.015585825414491798
2023-03-17,0.013223264656593514,0.003584161593142454,6.367671232876712e-05,0.013159587944264747,0.003520484880813687
2023-03-20,-0.009890622538562432,-0.0027453737923988086,6.444383561643835e-05,-0.00995506637417887,-0.002809817628015247
2023-03-21,0.01658043427656697,0.015887868940538397,6.911232876712329e-05,0.016511321947799844,0.015818756611771272
2023-03-22,0.01530341813988656,0.006079189274748487,6.454520547945206e-05,0.015238872934407108,0.0060146440692690345
2023-03-23,0.009382210677282288,0.009380985434725986,6.454794520547944e-05,0.009317662732076808,0.009316437489520506
2023-03-24,0.002152681716291127,0.0024897267579326865,5.473698630136987e-05,0.0020979447299897575,0.002434989771631317
2023-03-27,-0.00968356172433893,0.0011785849412735416,7.097534246575342e-05,-0.009754537066804682,0.0011076095988077881
2023-03-28,0.005573502268434893,-0.007193603074554744,7.238082191780822e-05,0.005501121446517085,-0.007265983896472553
2023-03-29,0.010896473040151733,0.0013359628263138745,7.047397260273972e-05,0.010825999067548994,0.0012654888537111347
2023-03-30,0.037648035097903154,0.006191549126837614,7.096986301369862e-05,0.037577065234889455,0.006120579263823916
2023-03-31,-0.0046196512432992165,0.0063794609686897985,7.290958904109589e-05,-0.004692560832340312,0.006306551379648703
2023-04-03,-0.00038274582317487926,0.01380621883562938,5.854246575342466e-05,-0.00044128828892830394,0.013747676369875955
2023-04-04,-0.01971687949877321,-0.0025213812733735352,5.852054794520548e-05,-0.019775400046718416,-0.0025799018213187408
2023-04-06,-0.0036769061570041117,0.0005757448066994186,6.602191780821918e-05,-0.0037429280748123308,0.0005097228888911995
2023-04-07,-0.002864825458756215,0.008511403838804554,6.24027397260274e-05,-0.0029272281984822424,0.008449001099078528
2023-04-10,0.006854036427792032,-0.008037906215982105,6.0857534246575334e-05,0.006793178893545457,-0.00809876375022868
2023-04-11,-0.004655629386848048,0.00043959598300702396,6.273972602739726e-05,-0.004718369112875445,0.0003768562569796267
2023-04-12,-0.026101392384683564,0.000535338677620345,5.96027397260274e-05,-0.02616099512440959,0.00047573593789431763
2023-04-13,-0.002377643224519055,-0.012163539154876446,6.607123287671232e-05,-0.002443714457395767,-0.012229610387753158
2023-04-14,0.013266461779325667,0.005118972874198491,6.020547945205479e-05,0.013206256299873612,0.005058767394746436
2023-04-17,0.013642776403786527,0.004683049381569049,6.191780821917808e-05,0.01358085859556735,0.004621131573349871
2023-04-18,-0.0017689726884340118,0.00041491187091402537,6.512876712328768e-05,-0.0018341014555572994,0.0003497831037907377
2023-04-19,0.007408747947298622,-0.008478218423062955,6.271506849315068e-05,0.007346032878805471,-0.008540933491556105
2023-04-20,-0.023511900024986154,-0.003663932970400907,7.166301369863014e-05,-0.023583563038684783,-0.0037355959840995375
2023-04-21,-0.008311131292662921,-0.023035684539950196,6.631506849315069e-05,-0.008377446361156072,-0.023101999608443346
2023-04-23,0.021360364595340187,-0.005843019319282661,6.38027397260274e-05,0.021296561855614158,-0.0059068220590086885
2023-04-24,0.020913625303505157,-0.0058773609511462155,6.453424657534248e-05,0.020849091056929815,-0.005941895197721558
2023-04-25,-0.036926061030674084,-0.014956198883353977,6.049041095890411e-05,-0.03698655144163299,-0.015016689294312881
2023-04-26,0.02706075400355168,0.003283684076183846,5.796712328767123e-05,0.02700278688026401,0.0032257169528961747
2023-04-27,0.031050757699051523,0.002796095860439607,6.607123287671232e-05,0.03098468646617481,0.0027300246275628946
2023-04-28,-0.011875900843252296,0.010788522807603229,6.487945205479452e-05,-0.011940780295307091,0.010723643355548434
2023-05-04,-0.013143123421363256,-0.005731348833970529,6.323013698630137e-05,-0.013206353558349558,-0.0057945789709568304
2023-05-05,-0.009746665852294889,-0.008283376406087228,5.308767123287671e-05,-0.009799753523527766,-0.008336464077320105
2023-05-06,0.007882660031236277,0.0020058807155773906,5.0487671232876715e-05,0.0078321723600034,0.001955393044344514
2023-05-08,0.00782100935664598,0.002001865211409992,5.474246575342466e-05,0.007766266890892556,0.0019471227456565674
2023-05-09,-0.015546972556754746,-0.009015402354121349,6.038904109589042e-05,-0.015607361597850635,-0.009075791395217239
2023-05-10,0.03797097586506393,0.0013626642054909155,5.627397260273972e-05,0.03791470189246119,0.0013063902328881757
2023-05-11,0.015120614442196256,0.00021002821994819953,5.8832876712328774e-05,0.015061781565483927,0.00015119534323587076
2023-05-12,-0.01391456899393173,-0.012361449557554138,5.3942465753424665e-05,-0.013968511459685156,-0.012415392023307563
2023-05-15,0.018288186047197286,0.015595156732050697,5.538904109589041e-05,0.018232797006101396,0.015539767690954807
2023-05-16,0.0008502615990702012,-0.007124585974132458,5.876164383561644e-05,0.0007914999552345848,-0.007183347617968075
2023-05-17,-0.015679147336242316,-0.0007372577770787814,5.574520547945206e-05,-0.01573489254172177,-0.0007930029825582335
2023-05-18,-0.0073842779872670405,-0.0011547470402692994,5.925479452054794e-05,-0.007443532781787589,-0.0012140018347898474
2023-05-19,0.00037807183815186107,0.0011799922342170532,5.563835616438357e-05,0.0003224334819874775,0.0011243538780526697
2023-05-22,0.02257449078869378,0.003211755182283227,5.555890410958904e-05,0.02251893188458419,0.0031561962781736378
2023-05-23,-0.008200873466022607,-0.010339926320350301,5.8731506849315066e-05,-0.008259604972871922,-0.010398657827199616
2023-05-24,-0.0038826301294845322,-0.008412066067732482,5.284383561643836e-05,-0.003935473965100971,-0.00846490990334892
2023-05-25,-0.024384064400644334,-0.0021772111065896382,5.369315068493151e-05,-0.024437757551329264,-0.00223090425727457
2023-05-26,-0.034271691936625714,0.0011987401366582162,5.535068493150685e-05,-0.034327042621557224,0.0011433894517267093
2023-05-29,-0.008404582343811029,-0.008058303091942776,5.5487671232876714e-05,-0.008460070015043905,-0.008113790763175652
2023-05-30,0.029286920624893575,0.004375886353621183,5.7052054794520546e-05,0.029229868570099054,0.004318834298826663
2023-05-31,0.005771295190170278,-0.006988774441451184,6.146849315068492e-05,0.005709826697019593,-0.007050242934601869
2023-06-01,0.007004608557322989,0.0038881681919988864,5.885205479452055e-05,0.0069457565025284685,0.003829316137204366
2023-06-02,0.014052823754100885,0.01485510717630234,5.4443835616438356e-05,0.013998379918484447,0.014800663340685902
2023-06-05,-0.0028782447440702796,-0.004738401558064709,5.45041095890411e-05,-0.0029327488536593205,-0.00479290566765375
2023-06-06,0.009887619236646827,-0.015896627166831934,5.742465753424657e-05,0.009830194579112581,-0.01595405182436618
2023-06-07,-0.016737743065942112,-0.006017073148683494,5.587397260273973e-05,-0.01679361703854485,-0.006072947121286233
2023-06-08,-0.006090222788585287,0.001311142706223123,5.778630136986301e-05,-0.0061480090899551495,0.0012533564048532598
2023-06-09,0.011725971302615434,0.006605095399507377,5.296438356164384e-05,0.011673006919053791,0.006552131015945733
2023-06-12,0.009673959735763127,0.007366769102137738,5.3947945205479455e-05,0.009620011790557647,0.007312821156932259
2023-06-13,0.0027040238806641526,0.007532892233404809,5.725753424657535e-05,0.0026467663464175774,0.007475634699158233
2023-06-14,0.006802747322752545,0.0026070499877697273,5.5857534246575355e-05,0.0067468897885059696,0.002551192453523152
2023-06-15,0.033192291704664534,0.017898752330632206,5.8717808219178094e-05,0.033133573896445355,0.017840034522413027
2023-06-16,-0.002923081780362935,0.010991032173327753,5.667671232876712e-05,-0.002979758492691702,0.010934355460998985
2023-06-19,-0.00692671720871374,-0.0028768102856933098,6.093972602739726e-05,-0.006987656934741137,-0.002937750011720707
2023-06-20,-0.0035727343872702377,0.0027724403703164313,6.446849315068493e-05,-0.0036372028804209228,0.0027079718771657463
2023-06-21,-0.0017545788030188803,-0.022064946382405637,6.0350684931506846e-05,-0.0018149294879503872,-0.022125297067337145
2023-06-25,-0.009170077030875134,-0.008460329989196325,6.753424657534247e-05,-0.009237611277450477,-0.008527864235771667
2023-06-26,-0.00925494620067635,-0.008532518344285478,5.9408219178082196e-05,-0.009314354419854433,-0.00859192656346356
2023-06-27,-0.010866006720190668,0.009682287115897026,6.224657534246574e-05,-0.010928253295533135,0.00962004054055456
2023-06-28,0.0007531822303779023,-0.004725999921348034,6.451506849315069e-05,0.0006886671618847516,-0.004790514989841185
2023-06-29,-0.01762160134981894,-0.0009907600085607982,5.895890410958904e-05,-0.01768056025392853,-0.0010497189126703872
2023-06-30,0.009988264961625859,0.010125831148499742,6.835342465753425e-05,0.009919911536968324,0.010057477723842207
