period,SMB,HML,MKT
2,0.00024476964027067983,0.006173807344685385,0.0006147205951594108
3,-0.010339533651486233,0.006386683701626349,0.0011430248537695102
4,-0.0018500528519325475,0.005237211877900513,0.0015452936621077659
5,0.007095521762837205,-0.005840540462395325,0.002887035205563191
6,-0.004341630298067514,-0.009663944491219848,0.0008655140141061491
7,0.004429600022147812,0.009798834247091468,-0.004188379846033233
8,0.002684435632673574,-0.0037752781190281415,0.003095674962999238
9,0.0014828376834508114,0.008436347382740881,-0.0035284980915772785
10,-0.0015948927539077482,-0.004162192535379462,5.85772354712075e-05
11,-0.01141194553087973,-0.0072819101788048225,0.002550873312824155
12,0.0002004985405895999,0.004888996481825374,0.002235095170454312
13,-0.0022836978759528635,0.010119565366421644,-0.0007515442778595115
14,0.0044207741676251956,-0.006213346709277578,-0.0013696425001343542
15,-0.0015216411609791558,0.0004590267664038106,-0.00156169735985364
16,0.0021303556551489702,0.0008439675624369586,-0.0004990282433447838
17,0.015460364410767261,-0.0039214038258241785,-0.002500744420797497
18,-0.0034440774092432723,0.0032762099550728155,0.00013171753327078755
19,-0.004297543539666166,-0.0037865200181939587,-0.0012860023428172488
20,0.0032446007301327965,-0.0022600725344376596,0.00047729836435815603
21,-0.0035930117385492887,-0.0013527371517783006,0.002212172519256032
22,-0.00172386165597986,-0.005696789405135688,4.7971033266526116e-05
23,0.0028537818233950836,0.0037357941152267506,-0.003141182448331816
24,-0.011425322390029514,0.004725520874192294,0.00015586021916397006
25,0.003918919024351886,0.01053016332726609,-0.00304445671139014
26,-0.012523286455392616,0.012484230608789096,-0.005432484714613207
27,0.006261389388226096,-0.013853888916362604,0.0005026550343826622
28,-0.00044384833595265843,-0.01279993081089879,0.0012118774053319142
29,-0.013266728119965019,-0.01627027719100154,-0.0029076655794817103
30,-0.001117777049545357,0.005357901995658723,0.00047838902566377565
31,-0.002380882713580249,0.010892321235335881,-0.0018200610451344786
32,0.01375995667396553,0.005990123251101572,0.005558617936553627
33,0.0006098515721055385,0.0015942510404579743,-0.00033193611873411105
34,-0.0018579251773060182,0.009048707015022415,0.0029095972603021586
35,-0.0025789345471608906,-0.00991891502615325,-0.00111430894824892
36,0.012286911657556911,-0.015954206938295808,-0.0029966159106147874
37,-0.008964838357590446,0.0032992052957094677,-0.00015336906256706382
38,-0.004803930804055154,0.0022139338920885857,0.0004947470899331321
39,-0.008531386494747342,-0.008956005099421002,-0.004295821888550836
40,-0.0032504747461994947,-0.004663864695107027,0.001095522776832432
41,0.001089415799005539,-0.003747051698146131,0.0021918707129861756
42,-0.006511291228211644,-0.0008498417043625566,0.001780601366501098
43,0.0005706788347804811,0.004671721292361518,-0.0021949794234278645
44,-0.002613728761439926,0.0064741235191973735,3.6076985951119174e-05
45,0.0015104279654333057,-0.00493726178542827,-0.0014394698252262561
46,-0.0009535293660872923,-0.018575010098702476,0.003537635029823773
47,0.006893025830653956,-0.0013742369694627202,-0.00034388841134284914
48,0.005252390436995454,0.002090325369910769,0.0030828958787374903
49,0.0025194832395888838,-0.006375506117212694,-0.0007335098705214454
50,-0.0023770307248885784,0.015108432496544692,0.0020660425605242964
51,-0.004958589453215418,0.01455764021802352,7.313728869604671e-05
52,0.002915266142425059,-0.004484822647074376,-0.00040255064553610124
53,0.0008572531906273608,-0.005404031562791179,0.004708693628212652
54,-0.008424118364153053,0.0037085410042306203,-0.0022781693473007537
55,0.0008261070221563713,0.0028876062652154993,0.0032694835616237984
56,0.0003939551543559051,-0.005083459977464841,-0.0006049650303883527
57,0.0024237930405546426,0.0015944836305826992,-0.0018865380344627485
58,0.009405772372305289,-0.004634821858259073,-0.002809311293510449
59,0.0034530397186757576,-0.003034337726967036,0.0010084041422036998
60,-0.004424954621257611,-0.005492368342445316,-0.002492134302359906
61,-0.015127494724227083,-0.002400243161517771,0.0016249473775996346
62,0.006588579054995424,0.003058189869974256,0.0013325541816777032
63,0.00403135245034979,-0.004029135233858292,0.0018201056110495161
64,0.0019276164254498017,0.010904953635510917,0.0021717126394455374
65,0.004613510902255916,-0.00044657718828018797,-0.0005867964719153698
66,-0.009909423065423847,-0.007008720549100282,-0.0034963128167497916
67,-0.0017260199594866955,-0.006900344303441779,0.0065705516613489105
68,-0.00021044990311586565,-0.005700061696176286,-0.001247520923285147
69,0.002043975624387443,0.00546208886897207,0.003391224378001178
70,-0.0032412463651535495,0.0017037117109826088,0.0007067100234366813
71,-0.0031347912178707566,0.004809519688996029,0.0021731933391629164
72,0.01542446000547185,-0.00927520259668814,0.0013074998808793896
73,0.00588004149478451,0.006157958270529202,0.0012920642990932282
74,0.0064078920795131375,0.004670760049713571,-0.002397412837892622
75,0.003038842490610438,0.006710892827500939,-0.001171732758403683
76,-0.007116447280588436,0.01159943918262142,0.004658084980595116
77,0.004987853384380446,-0.00023407891897037097,0.004146720593099079
78,-0.00882707820873828,0.013527937179249439,0.0022075816958593755
79,0.008038064934016629,-0.0008042091166151303,-0.0012297977617266465
80,0.0095806718787176,0.012698452407969268,0.002327559188405928
81,0.0029213618542001506,-0.01215102653715077,-0.0052024847193434896
82,0.00765622983297283,-0.0029581481503180764,0.0020909189199111063
83,-0.006183914490030038,0.0011423525192538668,2.2754032037746245e-05
84,0.0033979483525475164,-0.0036104358191017694,-0.0024883336595652203
85,-0.004222065475595168,-0.006630684455426453,0.0032732574629977286
86,-0.012377691899746308,-0.009457264745290876,-0.0006174859679308358
87,-0.01280779215948463,0.004796243218621833,-0.0002754925533244003
88,0.003507658908648294,-0.005286634577496934,0.0017555438576778077
89,0.001606703640083888,0.002565001643013943,-0.003971792427502149
90,0.011570103321908285,0.005355670947577636,0.0013259867096911066
91,0.0009935818973209353,-0.0009407511740894092,-0.0015252609280925074
92,0.0027738690875677868,0.0053502190009953885,0.0023269920694453795
93,-2.9518909714873823e-05,-0.008249995932110652,-0.0021668712818621026
94,0.004496348185951867,-0.01092031410692257,0.0029599333926770732
95,0.004648028118370526,-0.006583797435286234,0.004067061177920975
96,-0.0025219578837541714,-0.009449825886659005,-0.00020972764975637923
97,-0.004777468999693618,-0.0056290471485430545,0.003152572854039547
98,-0.012359932110534672,0.0026569709458966967,0.0024897049958712406
99,0.0017412940870232662,-0.006500860605850284,0.0017402288819406376
100,0.0002717781351555242,-0.01102753559221779,-0.0017775924209658834
101,-0.00258063145331511,0.0009922684827045778,-0.0039789597763089405
102,-0.002825540253993182,0.006734595655609725,0.0006982970318510179
103,-0.0066413303907849625,0.0014364573206055314,-0.005816074965714776
104,0.0040986004054201376,0.002594176194458073,0.003262962726996273
105,0.009070503142211328,1.9296813899088994e-05,0.0013582631438248572
106,0.0026710040216626225,-0.012781724198760924,0.005425023255679054
107,-0.006120439660455397,-0.007099861086111286,-0.0007102263221469957
108,-0.007123191689747178,0.0031048001015276756,0.005169178287795507
109,-0.0014548338001343357,0.01349589393922858,-0.0010298542802901136
110,-0.002667203940588671,0.0024944742878621317,0.005157766742924833
111,0.00993520932455752,-0.024999485686628395,-0.0022617540817619027
112,0.005375692660428899,0.00695114162396555,0.0031754739011045866
113,0.009094169310086551,-0.002314351564875026,0.005635948361849101
114,0.004197655440867538,-0.004243414772965684,-0.0031624464301562866
115,0.005074247176589797,0.005273843408104121,-0.00987392828374972
116,0.003540393191198739,-0.0022501106045993502,-0.005627361019133986
117,0.0013227118661459855,0.01025567566469574,0.006650230365026131
118,-0.0034332584644944128,0.003245821870348479,0.004944812687919891
119,-0.0012816970900610767,0.01185555620457162,0.0009928692908489655
120,-0.007222822543535366,-0.002181042792692624,-0.0005356132417868181
121,-0.011688960144269048,0.009790396943958779,0.004833237066839999
122,0.0016901138912874761,0.004019145318688298,-0.004785209368794841
123,0.008278780051845595,0.0007688184145619686,0.0016237783516792862
124,0.009636127423960828,-0.005164742944106369,-0.0023591775305716817
125,-0.004693226675275433,-0.0029037552455155077,0.0002700267404070208
126,-0.001092707810772195,0.005883829079006343,-0.006412156992534533
127,0.00494103955726791,-0.010818969616835285,-0.0049872348303636235
128,0.007043556855531162,0.005999029063790704,0.00039613719238840926
129,0.0011978726600682644,-0.012956091545473617,0.0013591868583153679
130,0.003896809707393472,-0.02041456472144243,0.0014764194783846087
131,0.00109190719089171,-0.00951815265305644,-0.00040672179158331005
132,-0.008919483257610272,0.01303046018238306,0.0006786570128826269
133,-0.002631126587000299,0.0038262937201871128,0.0006026020793611306
134,0.009895250978417494,-0.011310041787006227,0.00010431528549286232
135,-0.0022611980539607767,0.005382240064509857,0.005186044597501157
136,-0.006071664790414349,0.0027469863699573827,0.000346983283128485
137,0.0018304603706783234,-0.0006133685568233471,0.002376817338448002
138,0.009718727387424617,0.008180140037317339,0.004265469312068898
139,0.003974206420283169,-0.006294836966793425,-0.0033639245731672315
140,-0.013027930983227826,0.0018516204372880135,0.0009151110120795707
141,-0.0034363833981440085,-0.014298406321831119,-0.001716903822332248
142,0.0013919232003491038,0.003887462039721148,-0.001170208079371208
143,-0.008689454182041312,-0.01455328868080234,0.004448144949343453
144,-0.0007329244548819932,-0.008025740952461615,-0.00037494110006912275
145,0.0005161798226416837,0.0011306864851038608,0.00021109440498358236
146,-0.0038084083933322176,0.009312914943717799,0.005985199079493781
147,-0.01189073352018514,0.00144306408272632,-0.0022431788587506866
148,-0.008548498711153867,0.014232636276680595,-0.00024601102410479604
149,0.002854904303912629,0.016446571627863185,-0.0005648102372907308
150,-0.0011951309817213218,0.0028209006120461693,0.0021307637495923478
151,0.009932198552079283,0.004896082780464066,-0.001277375482803361
152,-0.0016595501937680009,-0.004670100454896529,0.0026239629584139
153,-0.0024517393098039417,0.00046801427205974376,-0.0074772773901504355
154,-0.00564195528131017,0.008550774259894192,-0.004521665449234847
155,-0.0034217322625568454,0.009262012338996064,-0.0033965722691781165
156,0.0016881961029387316,-0.015452030330065867,-0.003334670819264345
157,0.007758672782231475,0.005728150807816645,-0.0028618341528049156
158,0.00707986150768522,0.021306917873387784,-0.0004467089057271997
159,-0.0014689831862537556,-0.0029241796220310003,0.0010011118255431018
160,0.007424431950082501,-0.002021293881625333,-0.0010103429235889545
161,0.014307826506784615,-0.005694371106677679,0.00538103382189286
162,-0.008008033006964666,0.0033216280240112124,-0.001170806481063271
163,0.002880179499539402,-0.006249773671319836,0.0017152767996330292
164,0.0005145715512659549,-0.0012921251128044486,0.004484299404000458
165,-0.010506845010634874,0.0007585828229368973,0.0032412800380445137
166,-0.0006146296180621609,-0.0010478613829667943,-0.002220008567238392
167,0.0059970605698861,-0.005010970509037698,0.004123510418571782
168,0.00022466422600491863,0.0003725335386034834,0.0028560606895952256
169,-0.004039363501601705,0.0037322537410725957,0.00010576440995117537
170,0.005767205367780943,-0.005033626142345043,0.002922098530673446
171,0.005478633400092328,-0.014427718379754725,-0.0023879336097082714
172,-0.009572271832370442,0.007157126611778252,0.003487742999128853
173,-0.004472374921159983,0.008712879360041866,0.004199516427289858
174,0.007674259238255614,-0.0013539592052082784,0.003515914683798982
175,0.007103722886109261,0.0036154312996207706,0.0030929614370476155
176,-0.00022636693772467523,0.007537929786055303,0.0017254738365863054
177,0.005783393902802862,0.003454483092871955,-0.004108068964231054
178,-0.0022602264717467234,-0.0019632151188063423,0.00010009737394534389
179,-0.006696681586121782,0.001679994142683997,-0.0014445151773162849
180,0.0019633519845775904,7.255571481715531e-05,0.0009192192567239218
181,0.005633740247403973,0.003404580017065567,0.0035433444973488794
182,0.0005328354892719688,0.00162371783515128,0.0012935758166490064
183,0.0008580366384387953,-0.0032215526681711746,-0.0018151004317614261
184,-0.005001145738744081,0.008404958394452279,-0.00047790572513194064
185,-0.00026891296713514807,-0.0027619006834829936,0.0024567726638872324
186,-0.002919049563530971,-0.0004045084305986813,-0.005343679957673731
187,-0.0057527161508810305,0.004120301499953391,0.001622870223042825
188,0.0011087575744137582,-0.005614359615184702,0.0024955581533054466
189,-0.00761385703488064,-0.002701846089660546,0.0004233570409857173
190,0.0016815047193335765,-0.01848587554811039,-0.003760303574061743
191,0.005557410140033148,0.004695018973011351,0.004100169332835779
192,0.004352437529276881,0.0001241082009072503,0.0018250569794151475
193,0.0061715580832340106,0.00310052823586905,0.003600311059964582
194,0.002809680465842917,-0.0016403485496733943,0.002768366969921872
195,0.01223591166083601,0.014490667214771586,-0.0022751938408672205
196,-0.01031836627118099,-0.0017726115164307266,-0.005644702863196493
197,-0.004833311329192354,-0.002629971686935796,-0.005090046830310605
198,-0.0011982642189670642,-0.005752284177191008,0.004534974404873452
199,0.006117818136189719,0.005947798461030017,0.00020442159568733972
200,0.013124853831350276,0.0015348219922481261,0.0008130920441766069
201,-0.0015800609954327765,0.0001644011119007853,0.001692910543826496
202,-0.00357909524628778,-0.0006338637783432296,-0.0020789282229922443
203,0.004667936348891083,-0.006574490582458556,-0.0004466295348964478
204,0.0033157281679701655,-0.005238523646835455,-0.0018330490005038196
205,0.011056176802431475,0.0031255665585632163,0.004809489625804221
206,0.005681511102783479,0.008790955520862766,-0.0009114986467564224
207,0.004350930797913003,-0.008588477268908927,0.0009947314290024067
208,0.0001398826275791556,0.002602106826968962,0.0005116129267735172
209,0.004291018235015867,0.0033029931567131604,-0.00028980783267508947
210,0.0027603594393728484,-0.008334028554418843,-0.005846866540869095
211,-0.0033599252468699053,-0.0031368821279824707,-0.0001049382315699158
212,-0.00296743674738547,-0.003094910983422694,0.0008531596903747585
213,-0.010806767741214186,0.003925558171597309,0.0012834732868343861
214,0.004469510604815877,0.012693103432318175,0.004438818163241321
215,-0.0013398262858578334,-0.003762374247027228,-0.0005842368763998372
216,0.00783131711891561,0.004813678777680114,-0.002546885791784774
217,-0.0010256007062207967,-0.005054813718542841,0.0014550825668397749
218,-0.007074314670489121,0.00017583305384483486,-0.0012150107789600363
219,-0.0015173361868114719,0.007926157296380324,0.004994189234719742
220,-0.0008549070280969682,-0.00468217323420485,-0.0010312388547166415
221,0.00785554111420594,-0.01620162873062916,0.000149169022098035
222,0.0007014603169721431,-0.006972352785440055,-0.003164424929907907
223,0.007393231489594334,-0.00681747123179625,-0.00280146621735522
224,-0.005988414100271356,0.017985579825773323,-0.0008165538426187801
225,-0.0029244863706762423,0.007485717373317601,-0.003141742801023096
226,0.005857469347655539,-0.004069561912513218,-0.001936974052088969
227,-0.010369120773663854,-0.0031514424435932246,0.0020340678542518165
228,0.0073137284571094426,0.0007643599230594993,-0.002659086295082597
229,0.0012545578639553395,0.002862041189277518,0.0005469461491511912
230,0.003954518121237774,-0.001797169390236162,-0.002093478593164685
231,0.0032467949657208105,-0.011931545955085233,0.0005163557215188696
232,0.005277933837701428,0.0027157660799422396,0.0002158923847414959
233,-0.004264671570291393,0.006573271377723319,0.001275509959999433
234,-0.000879613021320491,-0.0040368033105683265,-0.0038540876002389744
235,0.0028281009840848146,-0.0021071270299503663,0.0003559191240211862
236,0.012743907651375556,-0.013039884786638208,-0.0023523175117298968
237,-0.0011164801260370194,0.004709129779184815,0.0025422279844048656
238,0.0032756165708010105,-0.009215977017193684,-0.0019661372908133645
239,-0.0063926465868060015,-0.01002665264149413,0.0007687877061327143
240,-0.011211591557529372,0.00018174406644008668,-0.00254569746119934
