truncation,partial_expected_prize,partial_expected_log_prize
1,0.5,0.0
2,1.0,0.17328679513998632
3,1.5,0.34657359027997264
4,2.0,0.47653868663496235
5,2.5,0.5631820842049555
6,3.0,0.6173342076862013
7,3.5,0.6498254817749487
8,4.0,0.6687787249933848
9,4.5,0.6796091496896339
10,5.0,0.685701263581274
11,5.5,0.6890857712988518
12,6.0,0.6909472505435197
13,6.5,0.6919626028587931
14,7.0,0.6925125853628995
15,7.5,0.6928087297881875
16,8.0,0.692967378587449
17,8.5,0.6930519912803884
18,9.0,0.6930969417735124
19,9.5,0.6931207390934017
20,10.0,0.6931332987900098
21,10.5,0.6931399091566457
22,11.0,0.6931433795991295
23,11.5,0.6931451974499544
24,12.0,0.6931461476901583
25,12.5,0.693146643467656
26,13.0,0.6931469016851027
27,13.5,0.6931470359581751
28,14.0,0.6931471056768856
29,14.5,0.6931471418273282
30,15.0,0.6931471605480931
31,15.5,0.6931471702312474
32,16.0,0.6931471752342104
33,16.5,0.6931471778163849
34,17.0,0.6931471791478186
35,17.5,0.6931471798337088
36,18.0,0.6931471801867405
37,18.5,0.6931471803682996
38,19.0,0.6931471804616008
39,19.5,0.6931471805095123
40,20.0,0.6931471805340984
41,20.5,0.6931471805467067
42,21.0,0.6931471805531684
43,21.5,0.6931471805564781
44,22.0,0.6931471805581723
45,22.5,0.6931471805590391
46,23.0,0.6931471805594824
47,23.5,0.693147180559709
48,24.0,0.6931471805598247
49,24.5,0.6931471805598838
50,25.0,0.693147180559914
51,25.5,0.6931471805599294
52,26.0,0.6931471805599373
53,26.5,0.6931471805599413
54,27.0,0.6931471805599433
55,27.5,0.6931471805599443
56,28.0,0.6931471805599448
57,28.5,0.6931471805599451
58,29.0,0.6931471805599452
59,29.5,0.6931471805599453
60,30.0,0.6931471805599453
61,30.5,0.6931471805599453
62,31.0,0.6931471805599453
63,31.5,0.6931471805599453
64,32.0,0.6931471805599453
65,32.5,0.6931471805599453
66,33.0,0.6931471805599453
67,33.5,0.6931471805599453
68,34.0,0.6931471805599453
69,34.5,0.6931471805599453
70,35.0,0.6931471805599453
71,35.5,0.6931471805599453
72,36.0,0.6931471805599453
73,36.5,0.6931471805599453
74,37.0,0.6931471805599453
75,37.5,0.6931471805599453
76,38.0,0.6931471805599453
77,38.5,0.6931471805599453
78,39.0,0.6931471805599453
79,39.5,0.6931471805599453
80,40.0,0.6931471805599453
81,40.5,0.6931471805599453
82,41.0,0.6931471805599453
83,41.5,0.6931471805599453
84,42.0,0.6931471805599453
85,42.5,0.6931471805599453
86,43.0,0.6931471805599453
87,43.5,0.6931471805599453
88,44.0,0.6931471805599453
89,44.5,0.6931471805599453
90,45.0,0.6931471805599453
91,45.5,0.6931471805599453
92,46.0,0.6931471805599453
93,46.5,0.6931471805599453
94,47.0,0.6931471805599453
95,47.5,0.6931471805599453
96,48.0,0.6931471805599453
97,48.5,0.6931471805599453
98,49.0,0.6931471805599453
99,49.5,0.6931471805599453
100,50.0,0.6931471805599453
