return_percent,estimated_variance,SIMULATED_true_variance
-0.4423485154748362,0.15009052545542606,0.20000000000000026
-0.1643901877569152,0.15422619542847232,0.19978361045713983
0.5630995064973244,0.15310457414912074,0.19115645610296353
0.0862902486958598,0.1605674927483028,0.19789486320354369
0.399509188638734,0.15838804605653875,0.18847767723418898
0.24996675579839714,0.16083346165112244,0.18761028910110908
-0.2715048501066751,0.16024634713543148,0.18197342914121695
0.22830397775632952,0.1600331521164329,0.17746183040866764
-0.13142402386391416,0.15920356672990663,0.17232178268076903
-0.13133280224301194,0.15741617602150884,0.16595321811512126
0.038893677116473624,0.1557645537870296,0.16022031155085922
-0.5993506481122894,0.15377797075585406,0.15427391630175535
0.48690548471420436,0.16242421447063526,0.1668075846412109
-0.2783045970877216,0.16683137544328808,0.17198067372932851
0.41078725531853394,0.16622494356705128,0.16865527879440365
0.056244162751935146,0.1683397643503138,0.17022705937156998
0.619219122633313,0.1654414057988726,0.1633625237265963
-0.2770283129191324,0.17390652879091775,0.17619788744567516
-0.1294663455147451,0.17273912775663405,0.17241533300904868
0.13762252763678862,0.16990330532539627,0.166011876439191
-0.8839748673812767,0.16734783312682927,0.16035768680092882
0.3640901584745029,0.18732850974749551,0.19339249642892326
0.6731848742919465,0.18677179603296162,0.19068132896093037
0.5092768939861897,0.19565190287741296,0.20427208981361056
0.34324433038722185,0.19817506253431466,0.20681302856966055
-0.06561256642715979,0.19635815361505143,0.20202255922984313
0.5617534173637451,0.19135398595271785,0.19203555375051676
0.4786494839916009,0.19585212101899355,0.1986103434714574
0.17567515780870951,0.19747342075648716,0.20020457555058296
0.0022393870422212792,0.19316223453464734,0.19172720604908042
-0.15457004997885854,0.18827608826990364,0.1825547361868886
-0.5153687115587096,0.1844629138864462,0.1754938575857231
0.5220118982460377,0.18802326910268688,0.18122471726983502
-0.9385820265964635,0.19151371110683998,0.1867270666383731
-0.1744416009464202,0.21256542823271599,0.22210117100703203
0.07558133174588692,0.20708928293060241,0.21141254751336633
0.38508559346702004,0.2013070142182167,0.20055691964745379
0.7837230178739066,0.200143894587775,0.19791577339750077
0.4646752109122473,0.2127217315447952,0.2188352844950199
-0.13603400239792696,0.2126687520620374,0.217747908627335
0.33119670979886534,0.20683531672325375,0.2068983802550215
-0.5665879262105524,0.20411909933795838,0.20169310525859904
0.6514855301996487,0.20780242815414798,0.20757488863911785
-0.07306561124971746,0.21423456853358017,0.21803906957818192
-0.3061730100155643,0.20789578608537468,0.20650209179772847
-0.2861812011978765,0.20463127099783485,0.20053897822105518
-0.027067236579105883,0.2012690210827239,0.19458006439490264
-0.16901562589886612,0.19578522562326317,0.18515868972021385
0.9663070918493222,0.19153567701705987,0.17807113483809175
-0.33451478722710526,0.2141331856625288,0.2169514911421973
0.014973003760091341,0.21092448369714087,0.21085134917165738
0.012537312561451195,0.20468857688714306,0.19977742379657162
0.012317289488195427,0.1989268304503691,0.18980754062722763
0.02353562019676745,0.19360484442639314,0.18083437234552166
-0.20016954325214878,0.1887009875504587,0.17277863138187183
-0.23877277544560238,0.18532933953877465,0.16750416054597334
-0.34872699535029045,0.18271161369905847,0.1636043664060758
-0.6014222641885592,0.18218653222016126,0.16332445562977033
0.09050766101151944,0.18873661346435563,0.17507744705987796
0.4034493633820516,0.18442824668090343,0.16797928418897898
-0.22347099095332895,0.18497814366489213,0.1693199252107502
-0.22683134194406865,0.1821799831833138,0.16488489687955832
-0.12697590476882892,0.17963980496174337,0.16096903007600985
-0.18175041177863582,0.176258389200213,0.15567827108800203
-0.5595226652086489,0.173630637538434,0.151762104588287
0.5498508316796638,0.17940869524707093,0.1622391747735678
0.1816059572622337,0.1844311987501769,0.17113205415115193
-0.28967638703005655,0.18117789908717674,0.16566788492169335
0.12008707460196749,0.17966533473285856,0.16329671688966338
-0.17411120655414306,0.17623210048469298,0.15768809047501997
-0.08290003787121067,0.17352670177557086,0.15343501703990495
0.1402253671977668,0.17034098737289524,0.14843513614986686
0.3623455976990374,0.1677732874442082,0.14457478021516762
0.5819638926421532,0.1686725200811444,0.1466820188022445
0.6793192629559369,0.17557971979588322,0.15894791553898044
-0.10443970433702267,0.18555746615147592,0.17612685703623226
-0.2054808898559781,0.18157141493973192,0.16905955392470928
0.040366453254467,0.17880725384286997,0.1642647183370386
0.05100245558465972,0.1750647357998966,0.157919719030752
-0.2864950473641582,0.17163644087576369,0.15225780965146007
-0.24121729911335327,0.17079867728641182,0.15113599929452362
0.3138558991025756,0.16932477604037588,0.1489316886346483
0.6336666999187263,0.1691448109739448,0.14896379604125778
-0.0917661389827526,0.17785755045158877,0.16414409076642647
-0.2576839053362923,0.17438654271797674,0.1581507329029739
-0.11179908443057823,0.17287941318037667,0.1556557093661447
-0.3863303089969126,0.16990798501048265,0.15071509019350604
-0.10677139243542058,0.17117037731498416,0.15310613655663796
0.1627180746768024,0.16829723858248485,0.1483655294131041
-0.030958754498631152,0.16608523911836126,0.14485283506311997
0.46262156849451436,0.16329441084472351,0.14041547378081332
0.05786607423611424,0.16695950570721163,0.1470748621845482
0.18164081404491636,0.16417195550847735,0.14253480009346836
-0.05564625198249386,0.16246585981739806,0.13993098935046652
0.4853588969402809,0.16001402516528565,0.1360927156834048
-0.46426949582402505,0.16456114942557667,0.14426210705701864
-0.11782051155700736,0.16817428180370536,0.1506132045889515
-0.4488434219094899,0.1656026120469276,0.14624596777723411
0.3218167100620775,0.16872350294295066,0.15169439186908174
0.33119289347464165,0.16873772209763588,0.15170325242593252
-0.20109471146054006,0.16893025675197404,0.15201736381774456
0.6396913968975717,0.1670790203748034,0.14883758158484
-0.12053405457745242,0.17617427099339522,0.16441407758959434
-0.5510967000318171,0.1730107376969143,0.1586990927462789
-0.1152645438452213,0.17856192784652805,0.16801456211094895
0.1448506188852972,0.17517968474396325,0.1618774016532464
-0.09279637198179008,0.17228117530210654,0.15673874657749443
0.8817953044978584,0.16924150607921412,0.15149543025239412
0.36813841569119543,0.18896482975867912,0.18522403517887825
0.7415818341500657,0.18837003470654315,0.1834779263163716
0.6238444667443572,0.19996342723227528,0.20262731452180321
-0.7758707075284829,0.20596119397367033,0.21182367900400045
-0.1814579023860645,0.21773603889370444,0.23074007884363784
-1.2777717817041772,0.21193827431405907,0.2193124194761916
-0.34750436043495986,0.2534578427725571,0.2890162138345458
0.5859897335666945,0.24750620595357206,0.27615255647715675
-0.4427512691480131,0.24853207131947957,0.27570649922171936
-0.32956686315563055,0.24516198116237206,0.26793728361615626
0.16519726469233123,0.23948789243064275,0.25657427111905273
0.3875335859548008,0.23186416736124302,0.24228135082023886
-0.17293585939029588,0.2284233676746341,0.23556232975036434
-0.12093760707286548,0.2217211114778827,0.22350143734848094
0.3723799885174346,0.2150828427942558,0.21188258885385838
0.11576483675362904,0.21258591893881243,0.20762767276088478
-0.12679544155951278,0.2066092640072017,0.19753498035622602
0.13657758613982074,0.2011673352538749,0.18858533652061701
0.032354728190369705,0.19621639766311322,0.18065947472034433
0.10580170135853943,0.19112758602916952,0.17264586867012352
0.8152186165794665,0.186724635466927,0.16594098180362926
-0.1339358482591082,0.20180263682472055,0.1925759532641533
-0.23166789029869617,0.1967822536058452,0.1842152985101823
0.5972105255724899,0.1931921394969038,0.17847726922893653
-0.3063607049597663,0.19875400094363374,0.18846256289877134
0.7383699063650658,0.19619084778928797,0.18430915068606646
-0.08752651352097715,0.20704782455761392,0.20313774154873762
0.03245639613137374,0.20132580958483137,0.19320701192232076
0.31463929024464965,0.19584707739369087,0.18393898161258054
0.5153860207501044,0.19365650904800652,0.18049497759960534
0.4296666496888274,0.1965154380042371,0.18572661735887616
-0.08791403779576884,0.19678244364465183,0.18638462711572962
-0.15465407079548954,0.19184620273625183,0.17813260830623445
0.14390370683782935,0.18776120437959934,0.17151524155629183
0.05478929287616507,0.18389405965299177,0.16539913124274605
-0.25611264211127005,0.17980336690302054,0.15900931144916494
0.16242624040468695,0.1778589973858974,0.15638806457670923
0.387666339870504,0.17491415857155065,0.1520683722976384
0.06542162534596838,0.1758246191798579,0.15437579462130419
0.6040202840509658,0.1723874940641737,0.14915221461231917
0.16538739776690956,0.17977751430411754,0.16247901832833772
-0.061855752999689664,0.17671463547947275,0.15759876606250947
0.039074837603498995,0.17319625755839277,0.15203019616521646
-0.21467888087688763,0.16987914360632292,0.1469035186953818
-0.39205266386762133,0.16812094702493827,0.14451751792057124
0.1831699174698305,0.16965029436101073,0.14775103069079903
-0.3245195869251048,0.16754226171544168,0.14465348855501436
-0.13664684077461772,0.16769785851139996,0.14545378781441495
-0.0335944534796249,0.16530293557898187,0.14184202698765766
0.1429116628205129,0.1625768230377896,0.13771425365412163
0.16941914935893315,0.1606242181858067,0.13496401545721567
0.019767642758445253,0.15906328299916422,0.13290275631996934
-0.6953566361368858,0.15679196123221192,0.12963201867298368
-0.0802380240788387,0.16885016099521336,0.15084485937666559
-0.29641668216203315,0.16600878502731597,0.14608228046440283
-0.04252648514381573,0.165770163386304,0.14586719489115996
0.37273191467166894,0.16302829913276323,0.14137090049897832
0.3056004466977841,0.16451352521862153,0.1441802644598209
0.08373472613618708,0.16455106741908823,0.14443181966493307
0.1894671065259601,0.16205473570557832,0.14033921291649487
-0.5531197652204795,0.16059539513990137,0.13810018084761136
0.0753679333232256,0.16715997618505757,0.14958723649672814
0.23773488078959154,0.16442544454894992,0.14491252911572602
-0.26725511072507946,0.163389280965255,0.1432471698813555
0.15287609710249941,0.16286902996276162,0.1424937176036537
-0.14219304671903493,0.16098047449814687,0.13941290089655298
0.3696226649174955,0.15914375081586032,0.13648255393365977
0.41423634957509686,0.16085793866755013,0.13966534426132934
-0.2031319905139258,0.16346591871988064,0.14427839750066151
0.5511039061216771,0.1620560251508762,0.14191368802910284
-0.07432798170818569,0.16844386182324064,0.1529080949933211
0.7929604987939864,0.16560674155191663,0.1478935179372296
-0.20536349382106836,0.18124831198026795,0.17454348377588702
0.026225308943381008,0.17850740720646105,0.16919784362801812
0.0858897933605226,0.17476019094949796,0.1623124476066751
-0.29696812633422454,0.17149508359674284,0.15645005567618325
-0.6797525739733669,0.17084716006307776,0.1552145535114879
-0.33238553736925724,0.181203501909815,0.17279627625151
0.44649318367924834,0.18046743884656505,0.1710406558989715
-0.1370600435022811,0.1823917146969876,0.1739043984626759
-0.13369177322423928,0.17887820082762165,0.16745323139265067
0.6097498048845301,0.17560622931747058,0.16160158276477768
0.2058893718366054,0.18295426002363904,0.17403116571613603
0.2885005212243359,0.18008943962072566,0.16874757081628605
0.346127597408033,0.17864006088104079,0.16603444127199313
-0.3690650971368968,0.17837292722609385,0.1654212128291667
0.05076977181655177,0.1786068616458766,0.16568954384248338
0.05994566268602185,0.174907424597701,0.15924946794475028
-0.06224332170804791,0.17152021389102665,0.15350419527401857
-0.42099108420397224,0.168399849529812,0.14834748730147929
0.18103719420359116,0.1705972974144206,0.15237441322029316
-0.6396932034476044,0.16839419973810038,0.1487756951825193
-0.3798976556531425,0.17738910155365872,0.1643584953911203
-0.328892913129234,0.17793587580021952,0.16513875729054595
-0.16691761198663776,0.17738162934192572,0.16403340897682306
0.3354084316285209,0.17451658043309834,0.15902314253870684
0.6600697378160105,0.1743502256230893,0.15874576908521137
0.7197789188501981,0.1836663952147476,0.1746557951157151
0.35429049947541325,0.19468533973335056,0.1930943002052016
0.19168885612698164,0.19336064328607647,0.19006095808560833
-0.999245804556435,0.18953584813833818,0.18289209315521104
0.5354996460450856,0.21418306341892665,0.2245274927358718
1.2509276340797661,0.21609408436227134,0.22641273700800524
0.24472616963074326,0.2553073869110378,0.2920124605924248
0.12291092394706842,0.24743104103162195,0.2758057594382891
0.3555672181004993,0.23884386804345623,0.2589805382557363
0.36387968836115486,0.23417413629359535,0.24940388675954908
0.06624432151194957,0.2300361777172004,0.24108391946368474
-0.17817922296078464,0.2224630676220869,0.2271949430239452
0.16815494249982613,0.2162698355204578,0.21606284049629615
-0.6224210832680008,0.21044774374186379,0.20587036068102255
-0.8721421026967241,0.21559303523834425,0.21465372485774586
0.668413406222825,0.23128123347021198,0.24121994473678446
-0.2287725278030788,0.23657539143263795,0.24943677434402597
0.34862690153538506,0.2299079310298803,0.2371099403834939
0.7447072860786175,0.22577727288884475,0.22947598216885265
0.6030924143474694,0.2346506611526144,0.24425783104889637
-0.2755973868373992,0.23725394823292442,0.24801807095617973
0.15810350996171893,0.23122667731944366,0.2370139598421419
-0.5525854760884572,0.22416651328316017,0.22456239985103849
-0.049864342680045436,0.22586000478259044,0.22737369528513
0.4847480555634208,0.21855002772722876,0.21476064839016265
0.014851117673342898,0.21861045021085287,0.21503361741977225
-1.2864109357726548,0.211787598262589,0.2035412834626024
-1.1825666389475051,0.25396775344203276,0.275929809900116
-0.45926028156623216,0.28541495931738353,0.32826002168768437
0.7494431361769431,0.2796651159786613,0.3159800198301307
0.11305260705817734,0.28463139631150397,0.32246526856525426
0.07748902149040751,0.2731357435658476,0.3008577863068614
-0.6976764006929042,0.26231925413081136,0.2810722350987523
0.07848827076222262,0.2664149238159941,0.28730262959306735
-1.1797605132061382,0.2561161489867303,0.2688803870661228
0.1938475102070271,0.2872050859756852,0.32158409178553105
0.6472993431000257,0.27623946877022654,0.30130452546765113
-0.44939339857429844,0.2772869995904681,0.30212389489977226
0.5859846303744015,0.27189504320913077,0.29200922674390295
-0.3876602897661285,0.27105859774954305,0.2899772034212639
0.07777331826733683,0.2646281043169931,0.2784935080922154
-0.06944017240554196,0.2544624831879359,0.2609465917347095
0.04647087294670037,0.24503708237130825,0.24509302943842415
0.7334016230746464,0.23625331906509836,0.23069170359620317
0.43574898241724913,0.24383719482197055,0.24451643027300915
-0.33170892314733086,0.24064532347075204,0.23955864602959165
-1.3292088868334544,0.2353575947876876,0.2311043219114106
0.49525059407142663,0.2790181596945234,0.3063337029621211
0.4169882498460357,0.27476329942819583,0.297963990212314
0.08864707672199997,0.2687414057181654,0.28686155121656565
-0.28927442188885916,0.25831474914091307,0.26856831130547687
0.8085723671861238,0.250905816092065,0.2558954647328859
-0.933799612177419,0.2607672405433416,0.27299538190844586
-0.4291165585420533,0.276268940577083,0.2992949295027362
-0.7877051939388316,0.2704327678287906,0.28857248759321136
0.20362367670787077,0.2778272671580606,0.30073921246180085
-0.24807536769232716,0.2676915202719001,0.28273842130142235
1.0920011547954374,0.2589179821967415,0.2675416485740643
0.009920768877100312,0.2839513402468228,0.3104108098203863
-0.12846277602026177,0.2721360044992517,0.28937464992110334
0.29827868663506396,0.2617034509732187,0.27126231917013466
-0.3723309668661605,0.2541907993337455,0.25858459599815814
-0.5415834246073898,0.24870683657116413,0.24965765384271682
0.26715903427473064,0.24817390010959672,0.24935751874891857
-0.23856403613831678,0.241178672623099,0.23799046435375704
0.46503631171828513,0.23429382110687663,0.22703705788531153
0.1588516941802123,0.23260360710961206,0.2251462906576077
0.05384310334104495,0.22544526020113353,0.2138933546290431
0.030813993278076376,0.2181790400157041,0.20264897315500852
-0.03786176447292015,0.21141048580281271,0.19243155094859474
0.17445842037460557,0.20517290589985504,0.1832600715141854
-0.1668613225440822,0.2002613661301683,0.17645585138474698
-0.8076626973716874,0.1956488539101155,0.17020240129433029
0.03442582719167046,0.2096861766291706,0.19579811280118276
-0.19879318726958148,0.20357297350877454,0.18627755839995602
-0.583570296495282,0.19904973068058765,0.17962573912520036
0.3391183313182729,0.20369243120318203,0.1886908797602599
-0.16380253874154996,0.20137176605492021,0.1855718539160384
-0.7370516685959346,0.19664483692786194,0.1783562321093434
-0.033241883079152545,0.20741016194082448,0.1976828670074116
-0.29254797538153504,0.20146838958019897,0.18796983144620286
-0.7287948753757396,0.198455594734848,0.18345206419657434
0.14019369203483348,0.2087280315467139,0.2016639562956139
-0.4609073136848402,0.20322914520895116,0.1924802742303704
0.31629045161902214,0.203798756760357,0.19385402439774216
-0.39066118945234213,0.20103158670007001,0.1894706044472362
0.4238110921467755,0.20001622983633038,0.18815435224972854
0.18461600837816675,0.19986950978759221,0.18831970911608784
0.04623158462004679,0.1954697644342224,0.1811918917319534
-0.3145397590935613,0.19046991315039538,0.1731795705295821
0.3739489156187961,0.1886880669443918,0.17080837647915567
0.20806011775607414,0.18824074537933683,0.17071942840586377
-0.14756902141423114,0.1849986205406466,0.16581193619531095
0.23248674977694717,0.18137370771323824,0.16031957337983757
-0.40635593384844854,0.17897120289492058,0.15699012048294625
-0.5111817464022812,0.18000672283576555,0.15954736568334385
-0.03901382828947069,0.1837813782755618,0.1666579680077538
0.02845277898867816,0.17965592999242036,0.16006827514686844
0.16797823374323986,0.17582459042372808,0.15410192566379052
0.02520113708151816,0.17308883207453454,0.15010256744798642
0.4726516902104729,0.16975379140239846,0.14512406556869786
-0.5027694240203574,0.17320056796143546,0.15178164002476893
0.2267916128236381,0.17724496005189153,0.15924233070878013
0.08909038020594878,0.17508105247010178,0.15588981942025948
0.5264783920021747,0.17180785631244894,0.15069769227049556
0.049886189360188064,0.17667359479015327,0.15948689790570578
0.12399053156442001,0.17311916050953907,0.15366263970957925
0.6800131408780021,0.17021365574840905,0.1490650583345027
0.3256814886963374,0.18062874846003185,0.16727944608939072
0.2478360849894932,0.17980730218768712,0.1658549230844248
-0.15719051393180752,0.17774041969668838,0.1623405670271283
0.055116398337988426,0.17475560179193358,0.15734195320792274
-0.6437195590925756,0.1713637016181891,0.1517596487554181
-0.3451057869697191,0.18028328736244054,0.1673024274177933
0.2640232985379581,0.17986999470302373,0.16652708488601342
-0.7191006624681455,0.1780410996137698,0.16335979150595525
0.0397246646055187,0.1894609509750491,0.18287910049346603
0.007453581415695675,0.1849034961426781,0.1746700928930205
0.15910565753490807,0.18064940165309337,0.16720586139751448
-0.6822217418273616,0.1774602263074604,0.1617510057707438
-0.8588578859968206,0.18741018451974142,0.17884723044476739
0.5058487990536348,0.20457642726312983,0.207844350817237
0.05072054720097065,0.20631621670733122,0.20985406611071356
0.18296966111297117,0.20050096964425645,0.19899728819506052
0.7061024794904802,0.19603527901494414,0.19077145421994424
0.07901954584328286,0.20553844051516998,0.20662334437508
-0.8701716343396017,0.1998901565353507,0.19627321436883594
-0.14787385037553247,0.21667670559819818,0.22450582659241503
0.37782720234565487,0.21063574763175044,0.2131485777144178
-0.1944696994713704,0.20859810710931334,0.20897138968459328
-0.13543663376238213,0.20364136626578458,0.19996517391675822
-0.2628233479054906,0.1984924378925011,0.19088581061332668
0.6317853611909339,0.19522315904641865,0.18525103516220656
0.5513923729515705,0.2018750077549185,0.19668356877674384
-0.8138415858394488,0.20523190560966115,0.20221688934652765
0.9035075712905691,0.21883111107125924,0.22511210675395832
-0.3896774498609069,0.23590395747746432,0.25341719264753165
1.0049972065506432,0.23220353390943058,0.2456678991292835
-0.6972549137815925,0.25393074413105515,0.28160207847508495
0.5909330517172595,0.2586496657439701,0.28775009136720525
-0.30315127834458744,0.25899517536435557,0.28643517581107836
-0.08127184998348524,0.25177517256150195,0.2723866931080684
0.4465002011647856,0.24260720168230854,0.25547827947724844
-0.36975314562579237,0.2397871683182555,0.2498985730115333
0.15503145178044495,0.23534689977051992,0.24174458514538838
0.1470604473398222,0.2279439622020129,0.22877186418290715
0.5548998952891042,0.2210356978070983,0.2169760165232059
0.6420003737953329,0.2230433366131382,0.22067410956047823
0.899604354349447,0.22795231457931595,0.22921492260209778
0.15397489278416857,0.2441225219636973,0.25675783006011227
0.2011755600512459,0.23603998219212843,0.24226746043449585
-0.27272615230692715,0.22906573953722165,0.2300642946891429
-0.36033396566862813,0.22361752424613032,0.22077684292783567
-0.6128736139840852,0.22021034332113193,0.2151911869757761
-0.1067263752759819,0.22426466927413088,0.22245277161409416
0.07180505518444555,0.21733739555119075,0.2107770204116622
0.009040367635148977,0.21075635532847928,0.19995711666799806
0.24988262373931974,0.20452911118033468,0.18996549141354718
-0.581887108575902,0.20060451588136266,0.1840910085545348
0.7603971780204967,0.20507102658342732,0.19261153805542253
0.14149053985903637,0.21621731378957973,0.21226057766695702
0.4913771146919593,0.2101573096875314,0.2020354985437414
0.15589924318232856,0.21104813207572076,0.203904522131517
-0.3867897159490961,0.205508359133639,0.19472929861960644
-0.14306068111768003,0.2040629999792891,0.19273668297584493
-1.4166735971126039,0.19894409276625827,0.18448633260235317
0.11242700707233425,0.25242201086994287,0.27638590337991603
-0.03529708740253777,0.2433814747344142,0.25937930463788655
0.5985752432351198,0.23469734941337597,0.24350366839305304
-0.8728163182246667,0.23713802291594008,0.24706791764444688
-0.04086822608325711,0.25121569081754563,0.27045154214796535
-0.15376592519151336,0.2419458408643612,0.25348989852832843
-0.6179596376742323,0.2340276106939058,0.2393231066629957
-0.7259370008020325,0.23721038560150481,0.24448450168641955
-0.5952117206405518,0.24440200169767892,0.2563852779744501
0.5001988740389524,0.2459840535615588,0.2584605997963994
0.49767104112702343,0.24439574094355865,0.2551244854962513
-0.7228412232635606,0.24285478933614496,0.25199586020544895
-0.08549309442966357,0.2494840272249013,0.2629212458873621
0.23526702645998504,0.24051161625525297,0.24699457475838388
0.15789053225934183,0.23363192133064467,0.23506264596951165
-0.7167516213590072,0.2263861402591767,0.22280285238141742
-0.2924219218791555,0.23401592490872739,0.23620921147931395
-0.6838440742105802,0.2285159013042965,0.22686381935115751
0.49539960803679317,0.23463259536773656,0.23755957330768807
1.2609945714207822,0.2337709854420936,0.23607465455906967
-0.02740512039666754,0.2723755620661203,0.3019725545607968
-1.1390580136057558,0.26146318196047225,0.2818128511359149
0.46916169579763173,0.28937840219944544,0.328504223940298
0.8760705720144408,0.2835952954732253,0.31665943638645366
0.8537568175205343,0.2942926197738464,0.3333684751052938
0.0969110360075481,0.30304220216667244,0.346476662767904
0.30078320951779924,0.29004154363891516,0.32229858393611643
0.05234948920051714,0.28040918489920036,0.3045922524988962
0.3841786223293462,0.26894171378358905,0.2842700506999844
0.4920839313928591,0.2625941089350064,0.27322270632272966
-0.39012308402409496,0.25950164657656405,0.2680077654672093
-0.2983802579251571,0.254009675339052,0.2588167899549119
-0.169939488999297,0.24708623429590598,0.2473866498753949
-0.11142594543552636,0.2389289285018475,0.23409195638392252
0.09019567089742865,0.23091204964718362,0.22130354781134032
0.5121210625317999,0.22338185363915297,0.20957995598263815
-0.6012144275643312,0.22387289680414935,0.21173535951880934
0.42947869365357244,0.22723281851689575,0.21863476296250373
-0.09156120091135815,0.22514976033831918,0.2159938840813723
-1.2971013212054858,0.21806679872453938,0.2048136683488516
-0.21039467312523885,0.2605767760546932,0.2784558933876173
-0.1398988391437102,0.2518402774590094,0.26282359997282934
0.2727420152030866,0.24304726670708146,0.2475198242352343
0.28670247571703755,0.23653178791171983,0.23648725215456293
-0.0030324985509540808,0.23074262102171106,0.22694844241822054
-0.3769865091513291,0.22298726101664937,0.21425405797877156
0.43654476040739737,0.2199879648917923,0.20993459358499966
-0.3091674456691464,0.21863736826395397,0.2084697006184573
-0.5346718287431039,0.21460670188986594,0.2024019560296908
-0.2914773173753301,0.21645941943020292,0.20645545864929649
-0.24090602797429386,0.21228370849732411,0.2000578641115828
-0.05012566369225556,0.20763794650815273,0.1929538634161421
-0.19203785211399335,0.20172002497450828,0.18378410618255733
-0.15340393554440304,0.197260898568338,0.1772496223965294
0.3064094183621043,0.19275119340346944,0.170701298528902
0.3267842768648186,0.19064724101672254,0.16832550525906198
0.217644229016295,0.18908194603280176,0.1668323529134589
-0.12474784392753115,0.18589514110300567,0.16251756814331791
-0.2644258805281963,0.18201968462373552,0.15704391255721453
-0.09120108298287867,0.1800328900651802,0.15483557361614866
-0.05677070261702749,0.17639276156884126,0.1497678981313963
0.32036074494340233,0.17288128447549805,0.1449522539520382
-0.10692010809634646,0.17255065294896968,0.14558857890186896
-0.45333672772208783,0.16957305862162947,0.14160131648744878
-0.3217977474562458,0.1725095769019076,0.14771689427379242
0.6789774114654645,0.17223436427553193,0.14812289435980885
-0.3804079974105054,0.1824539296776696,0.16636112118784513
-0.5163975233075497,0.18262536353208222,0.16696052129375416
-0.12152429703138906,0.186357121932006,0.1735977892682873
0.7196195865669865,0.18242313128409243,0.16697641807990726
0.04161185347741444,0.19353028151869694,0.18617139374045857
0.12334394690813402,0.1886666229109233,0.17764083168390402
-0.6512510085779262,0.18456935302293576,0.17063743497745745
-0.6442863469454463,0.19276643229987003,0.1847800852884
-0.0010523899429333466,0.2000732679118284,0.1970573216025754
-0.19807321797263344,0.19465933619923267,0.1873516448185475
0.16558439095180072,0.19080829490364953,0.18057813032059447
-0.4597352520213373,0.18690510472321972,0.17389122681487895
0.44311962941809785,0.18868947176674794,0.17706992923094717
0.5746151238332375,0.1898980429441663,0.17918068660663405
-0.6703148589933258,0.19493559212498557,0.187771744972865
0.11002843521689543,0.20307939716727558,0.2014606709849406
-0.12232413187980934,0.19779063222462376,0.19191991671426048
0.6179275976469525,0.19298938541441324,0.1834760847048419
0.09952396173034164,0.19930434910253558,0.1942202020310444
0.4103341915765968,0.19423931844905068,0.18529343277586507
-0.03282129549439894,0.19420428624049255,0.18518279693711953
0.13207849031148122,0.18926999427034588,0.1767183791153041
0.8791768866647598,0.18519202584792982,0.1699187775839217
0.9322247956414896,0.20356239116438052,0.20157449972780656
-0.8221480813542786,0.22334568899930723,0.23486920323546676
0.19258606026725236,0.23596005020957467,0.2551786562956462
0.11857964199856803,0.22889280887852756,0.24151526019654465
-0.5128003747046116,0.2216904187114754,0.22806679075171563
-0.36704628144553747,0.2223310066934343,0.22840832289140356
0.08719663254474892,0.21916511234218675,0.22230363923841304
0.4385682393215812,0.21251622983388418,0.2104534379509289
0.23916349962601482,0.21178799990907599,0.20902519918291762
-0.1877232236444744,0.2071555750996276,0.200982638242294
-0.4657614572425767,0.20223342358369015,0.19264637485283828
-0.9225417387621698,0.2030108608349678,0.1942284241201909
0.7343118779487257,0.22231003216756035,0.2273597446960882
-0.27364751568896395,0.23099765092416893,0.24158446693130858
-0.4132158541515639,0.22541668068864684,0.23117016838031482
0.1607156899756355,0.2230707321740417,0.2265905186483937
-0.03984872582404163,0.2166576926513886,0.21522294343377157
-0.007519843058468648,0.21002400248033504,0.2037800451378844
0.28900880936507506,0.20385193710884922,0.19340486802607715
-0.2109538500486372,0.20059684604901634,0.18824068581800035
-0.45078180297470916,0.19644683632391918,0.18164169357871748
-0.061082385444929096,0.1972638054015255,0.18363773591550223
0.027472665298635412,0.192173672218746,0.17546051521453415
-0.4460616543128804,0.18738497239363905,0.16795220106001127
-0.4571366343375503,0.18876979537833097,0.17110553092642733
-0.437454625872889,0.19034197754279372,0.17444367295645777
0.3428076778541946,0.19127821086599828,0.17656763314569146
0.5787880369578342,0.18997911256959746,0.17478672503091158
0.5463480385117693,0.19515149821018415,0.1840578321140956
-0.398624988465323,0.1988594998086012,0.19057685786196893
-0.3019509100465355,0.1981941626079819,0.189464266147221
-0.5494649549955789,0.1955951539305397,0.18507655713639545
0.8040750349631016,0.19936936013822812,0.19166448826117058
-0.2244355249824464,0.21295318677198666,0.2148248725275992
-0.017036029480543252,0.20803173541973338,0.20586095051854658
-0.21032206772977663,0.2020186305094308,0.19528936678171502
0.07261496441326357,0.1977522662039539,0.18797219871224996
-0.4441970052133216,0.19267001626963598,0.17943862549386194
-0.26419542241101374,0.19360267585735122,0.18136031191649996
-0.3834279352315226,0.190727927615801,0.17671424178599665
-0.9933459455883416,0.19033521474816628,0.17639366668319242
0.1188362254639128,0.21457693622838755,0.218091108395713
0.33576621024734343,0.20846937594721252,0.2069880999802672
0.43587062490270057,0.20571769463335693,0.20192623737943363
0.6993790793460232,0.20543942857047218,0.2012327737241438
0.4409533667231223,0.21394768345379153,0.21556605118307398
-0.03340590837244082,0.21317162562213465,0.2137314396459894
0.24428631664088044,0.2067902745178476,0.20241409341709984
-0.23463341643962013,0.20261200295904247,0.1951564743002883
0.34404782170556175,0.19861729404472897,0.18839346887576588
-0.1237309642604325,0.19678280076262403,0.1854725671692064
-0.9800930732740947,0.19206864657913011,0.17769077802812658
-0.014728379999862623,0.21541169158161616,0.21795082183930695
0.027792387265420583,0.20883296475452112,0.20616658591424727
-0.5196928360886172,0.2027728129827983,0.1955885481623181
0.21180880387382142,0.20506631412234466,0.1995337255401778
0.519875237534978,0.20058564229777323,0.19182350145608296
-0.5120292684609972,0.2030516941925852,0.19615466444057716
0.3377778688781356,0.20509223032932702,0.19964789658455465
0.38340743487420587,0.20263810156833997,0.1953878013612919
-0.41773599851735665,0.20133556292759422,0.19319908428100363
-0.19445924315145066,0.20093830949483185,0.19260434407576793
-0.470501273221169,0.19656629007055515,0.18523462953054287
-0.2507778471854264,0.19790645266059184,0.18777973898262562
-0.021341499739638344,0.19450064304475598,0.18214624151631092
0.4864045480903953,0.18952550505885382,0.1739543903452367
-0.26985322418113333,0.19184914321781216,0.1783884205308641
-0.6488606281279746,0.189196814235542,0.17419061660782534
-1.3627589995013372,0.19694951784971904,0.18782256068377431
-0.3490786715834571,0.24618894139806624,0.27189590915149114
-0.6707597544040458,0.24082443185412716,0.2607991141840656
0.09592998965611658,0.2454820159082308,0.26721513517206785
0.11492300774331003,0.23687064725017376,0.25095374980063223
-0.7717814286304217,0.22903411544928448,0.23651873970600745
0.18210087366843442,0.23886185914022134,0.25264919441434747
-0.10345055169267021,0.23145794602310762,0.23904231138245308
-0.12027786300942724,0.22396127782495845,0.22567318107648365
-0.24072643415111622,0.21714730510047828,0.21382920118534102
0.43520763760453696,0.21212766349924697,0.2053437418717625
0.26873179042454853,0.21134306211391776,0.20427965207605236
0.08319262806983052,0.20718463685200494,0.19746252562768632
0.49911221689458224,0.20143049699279358,0.18806232373317594
0.015205471279910949,0.20321211785007312,0.19171174161252957
0.059254389464479175,0.19756527086681017,0.18255212776911883
0.22359562660675247,0.19244567475500357,0.17447246912574735
-0.11133646154589805,0.18907898627495304,0.16952497242505593
-0.48557815260265114,0.1848676642584114,0.16319226556602842
0.7238089061900513,0.1875234020601989,0.16866234612367575
0.4088723802462499,0.1984183181046453,0.1879910781453101
-0.5627524681542299,0.19802912260963867,0.1875508014971908
-0.43376218473694017,0.202050515548148,0.1946302383681556
-0.4700638989638021,0.20199852076031963,0.1945746961767282
-0.6748385441649184,0.20291186814090437,0.19616523001450797
0.16565542257309634,0.21062496574887946,0.20931906004758852
0.6713699317098805,0.20520942326703753,0.1997592399942232
0.1783859760018291,0.2126102786317973,0.21232019525500737
0.7019387009226935,0.20717148638682667,0.20267925355121288
-0.1948699207320387,0.21565259265875533,0.21704722518874353
0.11970468177410232,0.21016179371062804,0.20724121697017475
-0.41151609051145954,0.20439740824881186,0.19723355581508922
0.009512676135174973,0.20361524711317186,0.1959774748710721
0.46370466722415865,0.19793349734628243,0.1863842519343275
0.3097918031619472,0.1989832275627269,0.18849692766116813
0.4382040300079835,0.19646451674967627,0.18444578296036784
-0.17565200694286784,0.1969525100307767,0.18560234326009295
0.38567805814881084,0.19268085804609592,0.17858479031123653
0.6121253338421985,0.19218974258726082,0.17816368950698477
0.245056342359236,0.1983566380295817,0.18908219177285746
-0.5949519294447174,0.19483333189868418,0.18317660314209605
0.12389060728487702,0.20019098933592622,0.19255733274538606
0.10480142120963806,0.19521777155880524,0.18406904359951823
-0.2821201019788141,0.19049635473492493,0.1762113061339444
-0.4282061234126198,0.1881457092609099,0.1725697631175768
-0.3393257487187164,0.1890150477937437,0.1744808110122223
0.4775743719826592,0.18781915291240092,0.17278982809817595
0.0559416255663003,0.1900236628990971,0.17691470932708991
0.6876770950566672,0.18546870166261262,0.16937971166793095
-0.7751776564396632,0.19502617026251226,0.18608672985441668
0.19246418956079522,0.20760442862943188,0.20752307682113943
0.7131473170175386,0.20270081966873124,0.19862289235219016
0.8475784061024544,0.2119880147884331,0.21418955790543684
-0.26339455460597505,0.22671371840955037,0.23869005983945202
0.7603368786477418,0.22129849663003245,0.2282898884253108
0.5407759540608896,0.2312030977910088,0.2443665080343693
0.5846937636835432,0.23198099800937344,0.24455178885545564
0.10644377804915768,0.23414778914520806,0.24718994983443143
0.4876466119832123,0.2264641547078229,0.23303746874525721
0.44043221235857627,0.22600290358717479,0.23162368277966677
-0.2877402480258618,0.22429294706980937,0.2281603411858536
-1.2658490877543196,0.21945570709969162,0.21948402958396748
0.6125200516514379,0.2595127047092226,0.2876543222739929
0.5720479551681777,0.26055352358296363,0.2876479307303476
0.4019087171463511,0.2601101360415042,0.28524508080791755
-0.20667454658396003,0.2548452166434468,0.27479710357303705
-0.20166113146387749,0.24650087218051883,0.25945311162601764
-0.7747210941646107,0.23873365146063175,0.24554116106058044
0.8346003547654568,0.24795402387799653,0.260996683641703
-0.038598820469194814,0.25929397441911856,0.279724902886264
0.4381832116163313,0.24940204746651626,0.26182690604471826
-0.16908005533684095,0.24584762180511432,0.25524444178736655
-1.147842679500389,0.23777634928119515,0.24114940086426537
0.4375621780878032,0.26808874888665674,0.2929116016219705
0.6563677726202239,0.26309162115332474,0.2831934744444206
1.00501842887122,0.26548941633316847,0.2864150596467003
-0.052930203087008194,0.28467643400480364,0.318276655800569
-0.24968955058852366,0.27288494142087544,0.2965890705404537
0.0906855286671106,0.26373841816842997,0.2800474070700633
-0.5235111645440695,0.25370446073740155,0.2624538596185387
-0.4374069178460727,0.2522259444011576,0.2599116706267992
0.31685424068853896,0.2484359924645183,0.25348674415309935
-0.10779859331352823,0.24227114108392525,0.24315790022990494
-0.24630796458207732,0.23397577760363905,0.2294231370429332
0.18920810174566025,0.22775090033972623,0.2195142040094682
-0.15330679146796855,0.22127265490324008,0.2093527688968312
1.081604036833118,0.2149287320023267,0.19959264062265825
-0.13986898662342512,0.24265857995712908,0.24812674118507727
0.7566343038891913,0.23456636511306586,0.23429223373752275
0.35525166192681273,0.24329336465920545,0.24948778385486453
0.4827860143547717,0.23827733284411093,0.2408491926344662
0.17953790783624507,0.236775913926411,0.2384183901538479
-0.06539318592264975,0.2295041088437724,0.2261882441559739
0.004938263351485272,0.22196834034872592,0.21378323317863224
-0.2676586697113693,0.21488335898181152,0.20240612918301545
0.16825870430547715,0.2104377592190637,0.1957475744382969
0.42407090505072287,0.20506198071039997,0.1875883665731951
-1.0525790815205782,0.20453646237595008,0.18782133654140257
-0.6104936104761779,0.23124475461929303,0.23443533902999752
-0.5838697730818664,0.2343712688507985,0.23962692754860973
0.32194241558628106,0.2363273447988325,0.2427094303896823
0.3024000619025882,0.23118224910894797,0.23362083329839053
-0.19570753828547738,0.22607248886248132,0.22483103984048594
0.6966996501645376,0.21979569628409826,0.21426300788352542
-0.18133612609666028,0.2270982165998921,0.22710622722214235
0.25063598666333964,0.22058433687970389,0.21603974403131532
0.3627657509309301,0.21544494211201945,0.20757668951871908
-0.07397551880644883,0.21271327709020385,0.20339897006927127
0.45648114678273877,0.20649456849631678,0.1933326919314783
-0.16437445380009763,0.20669588222133534,0.19441817460673472
-0.009834237064746855,0.2015679458272652,0.18632730519916527
0.04504322589559195,0.19604269381750972,0.17769941029018105
0.3100037301465583,0.1909959200739823,0.17003091387111702
0.5870667967354982,0.1890909045632676,0.16783293811924432
-0.3224884686154222,0.19461391309939713,0.17828201549878384
-0.5807449602476586,0.1926640305361691,0.17565375456840146
0.2833630841767282,0.19769790438476986,0.18495161455421405
-0.8930301044092301,0.1948180015768007,0.18047118497250003
0.020949481656144964,0.21317276211540898,0.21229920484430806
0.2575931059786935,0.20677148542489268,0.2010912283989603
-0.7753919382180747,0.20279033107068759,0.1942998159714518
-0.3918944798507857,0.21478551597554468,0.21493146726698575
-0.14383228841002896,0.21274829837008727,0.21111738470716307
-0.054560534353886844,0.2069727378634815,0.20104003259591008
-0.0033644659175850584,0.20111920979357628,0.19108487193176815
0.16877673050126918,0.19562571758880498,0.18197695072013687
0.28824071934458356,0.19138598324564934,0.17520353488605808
-0.6570717162739061,0.18906970084510488,0.17183731701186641
0.5369941380129191,0.19714630605133482,0.1862407473270366
-0.12727347086921414,0.2004050811618863,0.19203480780734483
-0.18032043847950258,0.19544041259629552,0.1836412538459652
0.4662816621668052,0.19133290526594285,0.1769029014880407
-0.22968270464878449,0.19295682507755027,0.18008354076288854
-0.3675745920987673,0.18963195431334587,0.17471289392733874
-0.7885385250588912,0.1889740686556458,0.17399715857243364
0.5591945319121716,0.2026265870894977,0.19768709299029286
-0.8059153712566549,0.2061799911655706,0.2035533099172872
-0.6261731806307596,0.21933062881407056,0.2256729582069461
-1.0272891311719772,0.22393496441005845,0.23271030499331358
-0.20893850342086276,0.2476209274199797,0.27220542244518603
-0.9479705962147953,0.2398557416242269,0.25716764511125495
0.6275830626022286,0.25773542665238464,0.2863832931645212
-0.3692018881035121,0.25945927409398856,0.28743798887132876
-0.6131492247203122,0.2535050658512386,0.2755096916931558
0.19811472367677238,0.25502717529542346,0.27675632111259624
-0.5506765856022201,0.24656741284865397,0.2610431611882128
-0.06445479667654593,0.24648884401975998,0.2601010801659175
0.4496660270013701,0.23765268742141102,0.2442986931900565
-0.3940185862324965,0.2352940704451307,0.2399788006630107
-0.17953666173167243,0.23173989814394513,0.2337434529115424
-0.34899434462700124,0.22485258963803756,0.2219807782656758
-0.1451699677742887,0.22111542758727148,0.21587255306818973
1.3858233797185697,0.214712347814061,0.20533901373855018
-1.149768588165894,0.2644530500357825,0.2908304343534251
0.5308135668507242,0.2928582869532963,0.3378457812347322
0.0334731195594914,0.28861588909619085,0.32814935524889843
-0.3848514658698006,0.276474352138315,0.3053904422106608
0.5500067992395422,0.2695667768896069,0.29225693052870144
0.6714759772863751,0.26771056026352225,0.2881566114363176
-0.48573128955517664,0.2703435036909927,0.29188494969632045
-0.04664365889399417,0.2664773517227581,0.2844931990093351
-0.31435494154750165,0.2560570531963585,0.26615266065415255
0.22798730643012635,0.24926409449001677,0.25447834605250397
0.08836269264129358,0.24161731775294712,0.2416294220419168
-0.007953359922001283,0.23326016355138984,0.22785687811026611
0.20027140733690665,0.2253141682323011,0.21507435309594194
0.23222962357952884,0.2191482272252186,0.205572349616183
0.6615701367938336,0.21385806254130704,0.1977116445579592
-0.39428821374477324,0.22021583438077524,0.20982423239703388
-0.02899696997421922,0.21781914285443937,0.2066149689322327
1.0846348378580541,0.21107488314543685,0.1959955132523937
-0.31464238551073775,0.2392913526850899,0.2452175985019227
0.5987636302974079,0.23378378574171882,0.23564583018972485
-0.47849018506302204,0.23630082080575837,0.2400071414190989
0.3551397372584594,0.23482931540879115,0.23745407013727127
-0.08231033029838654,0.23045720064644756,0.2300148747725445
0.19221823888664993,0.2229218762849665,0.21735213681898155
-0.1316862438167899,0.21684597790377141,0.20746431570511767
0.5775831076185656,0.2106594975335901,0.19758494747513466
-0.015896341754289726,0.21421206905247145,0.20450656503793718
-0.07262753692752441,0.20772598380553886,0.19406854321820194
0.20605811157243514,0.20188227446594725,0.1849254268523897
-0.29844621238034647,0.19757429977279053,0.1785558814343906
-0.9781300874874361,0.1949609637761834,0.17515380037516032
-0.6962441419455552,0.21797054343032682,0.21547534374005328
-0.34205067342311446,0.22539382646363929,0.22816560462572308
0.8096214732403795,0.22147474323684505,0.2211989773226111
1.1225637592516013,0.23363303057258306,0.2418534260869461
-0.7239401753391828,0.2625801070629937,0.2906755531575059
0.09010814030284231,0.2677498648617094,0.2978124667152616
-0.3575860603582612,0.2574065669465771,0.2784371938911773
0.13205514560910936,0.2513617223702767,0.2669868640301867
-0.6421656439505004,0.2425427479918922,0.2511601057012602
0.18375452468192915,0.24596912627221193,0.2566629308446522
-0.39222703784209156,0.23804028626774923,0.24268492402724107
-0.5779533152594934,0.2342351619680908,0.23610853408523602
-0.32002916043733964,0.23600021979044106,0.2391991824076844
-0.9666166000713504,0.23084411186155293,0.23040019734342737
0.34815451524741414,0.25045787374842204,0.2640775601857595
-0.4308795021870224,0.24474854279517022,0.2537303824915417
0.7458920090655374,0.24136343794457332,0.24764020151263433
0.42924363403919163,0.24909853560127648,0.2606939258207621
0.6246681361036363,0.24534007262054722,0.2538370381068445
-0.20369459166605233,0.24790337526773706,0.2579638483093196
0.6601180045643272,0.2400532225999356,0.24424203781208764
0.6675414473416073,0.24435470652447006,0.25160562302837836
-0.19616444006731903,0.24861654672213154,0.2587256399214869
0.038783793049434905,0.24062371730950902,0.24477710030668445
0.7055712891958771,0.23215772052589684,0.23037459940618107
0.08660138096414993,0.23888089101309687,0.24222868167243958
-0.33455468025513474,0.23072363884251007,0.2283808034644405
0.5194454915539839,0.2262490052951301,0.22113906482202722
0.5814458720583447,0.22674252203865014,0.2225163392746125
-0.4205445578342885,0.2291983044291138,0.2271686704538357
0.21753425651163374,0.22674266067528429,0.22329468966465402
0.017699744512240868,0.2206789840122389,0.21333127833599208
0.5185545976020394,0.21370091237408773,0.2020138145501828
-0.33017836661530886,0.21512540477250128,0.2052573766298752
0.6027210441328718,0.21175648860402416,0.20018252665592534
0.4345034392158266,0.21609466968858354,0.20832790684236374
-0.1639093678726308,0.2149892343420809,0.20693477809264643
-0.23808554723080516,0.20922361058678549,0.19758461432720206
-0.5095200243848667,0.2047719080826021,0.19066038928449147
0.639403258285617,0.2066059952704251,0.1945748831185001
-0.4343545931441883,0.21267248478690953,0.20555922114196326
-0.07929272747085347,0.21182455061377428,0.2044364946570396
0.853916216174956,0.20569757699407049,0.194307212022824
0.3885339187083873,0.2212195404567391,0.2213351360328693
0.15564654207694406,0.21861422589327006,0.21674955272892718
0.12627376223841935,0.21249446004829625,0.20628588975905998
-0.08018011689799226,0.20659931670765636,0.19645455393464623
-0.5934767558254748,0.20087544643975833,0.18713054109847038
0.2673426377081567,0.2057204081979109,0.19602821997387987
-0.48806903858129713,0.20196946359981574,0.18999900227332964
0.9596509242017845,0.2033905070736481,0.19290967136708026
-0.774010326609169,0.22470725450041432,0.2296651990464392
-0.1333503087721626,0.23496631587155792,0.24665327842667692
0.02653330472159731,0.2274092349103549,0.2328770658264908
-0.27541319671990655,0.21992874426908185,0.21962456005681416
0.026247405108301636,0.21522131291610855,0.21145472549750663
0.32328250889010185,0.20867095188684928,0.20034369926150195
0.6611166322424672,0.2056628113490402,0.1955349083630657
0.08242637402816232,0.2126287307715186,0.2078351775981402
0.011124154076836446,0.20645520520358668,0.19739136519509773
0.17446379580655685,0.2005575934853018,0.18765841601578423
0.03577308265779651,0.19599849683195694,0.1804144552165674
-0.29767409617789875,0.19093314607273143,0.17243699536705276
0.016784436612114626,0.18881338878904436,0.16962378920711393
0.5210381532686038,0.184267393036128,0.16267549615202184
0.0590027445688004,0.1880148437511984,0.1699819843948975
0.015524946997822168,0.1836235695335842,0.16315785214874032
-0.03880956607073395,0.17947263431734956,0.15685411813283054
0.2399096770922002,0.1756757013137669,0.15124401544047741
0.17613141872629456,0.17381099563088112,0.14899744655455388
0.18753037867357059,0.17131118523678468,0.14564881573222538
-0.11084628676090615,0.16912370284920336,0.1428423163052755
-0.8706613302367374,0.16643281477720054,0.139172429639182
-0.24866063587530582,0.18579887585273036,0.17315774427374409
-0.004403192364989263,0.18328652031908843,0.16893357543806525
-0.35975399069490277,0.1791548253617025,0.1620411872994089
0.2864789003959475,0.17913022176231153,0.16230821526051342
-0.3519668904914758,0.17772002221217442,0.16018090175306562
-0.8842481165103595,0.17764257648995418,0.160356846177871
0.3758072705273643,0.19685138638930405,0.19341589813768983
-0.09367967589462493,0.19582160456380993,0.19113586355298223
0.011157774834189498,0.1909894036562884,0.1824610712814701
-0.7393078392739794,0.186272658185105,0.17422118895028563
-0.15127785417762063,0.19792751801476252,0.19412787411585508
-0.05619516278894891,0.19334793472069303,0.18585933616249886
0.03692212431164415,0.18853999185422812,0.1774312973622928
0.3812982268863015,0.18404656007712394,0.16975632978924776
-0.2582437659190937,0.18411626215729118,0.17005011370165488
-0.08788195141182685,0.18187471291462873,0.16637959446329317
0.6907087490595352,0.17807654122523292,0.16012779688616138
-0.0564812936622829,0.18832085766981474,0.17796894599891463
0.6053754343905127,0.18389768666512848,0.17033155822571144
-0.7436074486141669,0.1904569025877495,0.1816223732313154
-0.07242188040631309,0.20197910781614797,0.2011077377899074
0.5507745784683731,0.19657330968191364,0.191259210448996
0.31998078803179303,0.2003150512974908,0.19730092121844708
0.6793991130684123,0.197882668889961,0.19269021433207473
-0.15936027498747218,0.20616072027327992,0.20650035064077452
0.06795094556813058,0.2010260816039785,0.1971201004389012
-1.0214760098998474,0.19567465977028842,0.18763895694519125
-0.6718668283667345,0.2211693880792115,0.2310457231907178
0.26750827008595995,0.22737122563167553,0.24051140262462478
-0.2954284139426822,0.22196979435519468,0.23003829609038146
0.40843807811300153,0.21744130174725243,0.22139836386957776
-0.13621928798146657,0.21558926351713548,0.2175996106652521
0.2553083923519188,0.20953431946559048,0.2067674343196358
-0.3734542805891712,0.20530788165682864,0.19934980964793828
-0.46197727598955807,0.2035807723570461,0.19638823366766323
0.49046627323014713,0.2041524696182068,0.19742056047743353
0.26071668759950645,0.20547556950975512,0.19970636268850367
0.009220662447086083,0.20164079838574728,0.19313438597929622
0.3679952127592138,0.1961096413667967,0.18382519841216477
0.38914828668568097,0.19496623713968525,0.18221370240163326
0.49537278152574254,0.19437941323041774,0.18156415161299
-0.1368142538033808,0.19659043396500597,0.18567744608551856
-0.31116948866780386,0.1919908476193089,0.17804560847915551
0.024481562961662897,0.19003108526526447,0.1750823701651291
0.14956804842889843,0.18540142280092317,0.16760410049486849
-0.5309209664845123,0.18176315947133675,0.16196222050092313
-0.9141664319638605,0.18600643376866127,0.16985985208347326
0.18928534562430807,0.20615319232225032,0.20465888014160272
0.5503853536600621,0.20132483092153966,0.19598443923084813
0.06167680898876362,0.20469122627679107,0.20153219718393892
-0.10833184456764929,0.19903613304317663,0.19156917890389683
0.08362724361169345,0.19404522423884663,0.1829990504408786
0.09330658563609114,0.18929642869828284,0.17504882119049522
-0.4119360056142144,0.18496039366754827,0.16797924501759898
0.11789670586943238,0.18567241836890416,0.16966588415190878
0.4848180297169384,0.18176525780022518,0.16339427739946105
0.17042429702973727,0.1846362575514431,0.16880727575644566
-0.05283319194459031,0.18125196498635876,0.1633787702317051
0.3049183692965742,0.17735683292989302,0.1571804605170873
0.2462226764946493,0.17640156191007028,0.15611117506210268
-0.39751624909892735,0.17457135815391434,0.15353133787690185
0.5206327545594827,0.1757346040222437,0.1560791625040957
0.33925848640592193,0.1801211764248267,0.16402416950969587
0.14477269388071023,0.17960300869403992,0.16337656858864813
0.1929019328064625,0.17636610850173481,0.1580868683744572
0.09519304129036635,0.17385254937673486,0.15413873932103495
-0.2795864887378602,0.17070610409318515,0.1491779511444369
0.2543879271938247,0.1698247837269544,0.14816858626423152
0.021685020171600226,0.1686165001948539,0.1465873885129069
0.43132554433359954,0.1656181003885011,0.14195216166660835
-0.19484631216100995,0.16828602859236527,0.1470590317596813
-0.28477814743236834,0.16641149017230747,0.14425138285185046
-0.3271002752935547,0.1659439230364094,0.14388117422941601
0.40349759081447395,0.16627082917882194,0.14484278631133038
-0.009502075025440032,0.1682082209184927,0.1484990229698516
-0.20165896795846186,0.16522986117474275,0.1436536351443559
-0.47043763467186667,0.16366781605660516,0.1413215885978239
0.987088905004669,0.16751808716265343,0.14825500814382453
0.04862921206388723,0.19313885543197262,0.1921467326486079
-0.2632997198871766,0.1883236378249065,0.18305029939704484
-0.1927319159429198,0.18583811048807405,0.17821160658197363
0.490799924899912,0.18259942433874926,0.1722477254949277
-0.1160745156719458,0.18557773464779792,0.17706718125952292
-0.4390462121034132,0.18166531125894966,0.17003412779299448
-0.03351195088585874,0.18330490048653672,0.1726687938318128
0.6685982600696188,0.1792041403766939,0.16545806699124033
0.5360696144721231,0.18848172833396604,0.18126344196052238
0.5774265218417511,0.1923729924249444,0.18750562934248466
-0.29441862620783377,0.1973164752049318,0.19542613581454932
-0.6250535506394496,0.1946528597358141,0.1902176386059998
-0.16682142038799458,0.20110034360403692,0.20073047180374898
-0.17915882021948504,0.19642338367720907,0.19204889393838748
0.004116824530190263,0.19222858921311783,0.18444889868767061
0.38799366165599103,0.18741407825873038,0.17600485623111417
-0.23315926479804552,0.18737758466434556,0.17593132468226394
-0.31720165985736903,0.18452584772253441,0.17105635435209582
-0.4483182730469067,0.18324711577930505,0.16898156356769975
0.3044582754161474,0.18500700930818412,0.1721328709083178
0.17039535809197964,0.18345941722892736,0.16955432589095476
0.3644488820703292,0.18016468973913902,0.164050622204824
-0.5186969070891321,0.18016260533425615,0.16428670936645723
-0.1972808448812834,0.1841521384012378,0.1713103625010031
0.526015692141941,0.1810941632729649,0.16612531283875642
0.16897775443242746,0.18523660482477547,0.17334740697385906
0.48381211629646925,0.18179208905693242,0.16744034035112443
0.40096261122203297,0.18463249071131985,0.1724000145097754
0.3063380292258246,0.18510818071294186,0.17319856383869742
-0.2523195193912564,0.18358650562289425,0.1705708568623258
-0.04626659402896134,0.18129677809855885,0.16669702816938495
0.12725370462666644,0.1773791570182473,0.16013435523859848
0.9247831073401335,0.174172415531317,0.15493059498179917
0.32531568479866013,0.19579477979572688,0.1921987252647029
-0.04079401898350863,0.19380839965523997,0.18827036747703368
0.07894146238010864,0.18892153147269403,0.17952653832857166
0.17960671957922716,0.1845416197054599,0.17188547221985
-0.07831463878276547,0.1812587296080881,0.16630985368376558
0.29338583617239716,0.1774609995656777,0.15998552744777278
0.43852088826950314,0.17629560073146539,0.15829073714632436
0.9921270179254295,0.17833167002017966,0.16207669190412563
0.6921486066059276,0.20341897340755177,0.20508482369859335
0.14803347550152127,0.21178668677813522,0.21852982601006038
-0.2798284113370428,0.2061204753458121,0.2077725389025073
-0.5388721533589922,0.20253916366833521,0.20091048200182723
0.45333890297505813,0.2054453856050363,0.20533859368493237
0.5593548879097401,0.20564303911599233,0.2050805423639706
0.6883652943109154,0.20897138673237345,0.21021638265899945
0.15511773241884277,0.2167621268184722,0.22288708331368717
0.01611265227327157,0.21077895721971743,0.21180145052785665
-0.027986254097916757,0.2045551996733796,0.20063428635323496
0.3678374617738052,0.19882198050794686,0.19061001923883314
-0.8883031433247898,0.1974680826762092,0.18831423722915963
-0.8092555000199121,0.21537378294282497,0.21893693722827878
-1.2092866808991993,0.22798053084811531,0.2397879667210748
-0.23761662499302633,0.2632845390868628,0.2989278838789774
-0.06191468224901988,0.2546986425546651,0.2818581785147335
0.6180458757788437,0.2452262463758681,0.26386403205716
0.02579086121109719,0.2475571066696347,0.2665766640798059
0.2679854303977559,0.2385371482131086,0.24995225609792582
-0.055932712195450755,0.23229066367157417,0.23854784003340676
-0.23064230334927002,0.2245085047670523,0.22484947944474304
-0.5065327535469625,0.21878754431021907,0.21502432510498157
0.11930952333303754,0.21946257563148072,0.21635066411527681
-0.013301056967419976,0.212985289802271,0.20542733582164696
-0.46581256813989363,0.2065906512732022,0.1948934481453048
-0.24672005800487218,0.20703680075660846,0.1962531707626285
-0.4649378441266327,0.2028747203882204,0.18967139303746203
-0.37159388776469354,0.2035807332420812,0.1915126136787719
0.5416951380158759,0.20194488178375714,0.1892654531820987
0.16641170540774278,0.20498585821983517,0.1950105889913908
0.22816059852809648,0.20000823117061958,0.18689417287708737
-0.40298267719960834,0.19612455238910245,0.1808076185254136
-0.24355558060711632,0.19577038610148498,0.18084660857902046
0.5125252443876263,0.19242305938892626,0.17572791376336191
-0.2901382727897265,0.19529000198292534,0.18128922869375552
-0.26197490965795434,0.19270779787470882,0.17736931669125028
0.27799665793719525,0.1898671411996622,0.17306392768663992
0.48515087267117224,0.18749686397311877,0.16962164200918842
0.5160850538917738,0.18993970403277083,0.17442804627094957
0.0946857538975377,0.1931035451786838,0.18030243078637836
-0.25644416642131446,0.18848442624410067,0.1727204573072978
0.14883063804125862,0.1858822197522555,0.16873659210114417
0.2074347895149738,0.1822007992152224,0.16297046083201816
-0.08593476329867762,0.17941222316219196,0.1588248743438724
-0.09025095695597118,0.17579215042683854,0.15331162608664514
0.2947092599832946,0.17247075919681484,0.14838772523955404
0.7567540117085143,0.1717091797976462,0.1478916301115937
-0.6932951477976403,0.18524075705148688,0.17173629881228084
0.018710541913878224,0.19504295631647903,0.18859557702904034
-0.6687099377076187,0.1900233240687282,0.17975352354507185
0.03284532136491001,0.1984792221205008,0.19413682023001105
-0.13163787588654252,0.19321857663498065,0.18477707896378817
0.8589444772163338,0.18883572152790476,0.1771657975858054
0.2470856043964509,0.20589748011886286,0.2063384985742469
-0.4729716140234126,0.20182767817269473,0.19875721351182019
0.6992112437773927,0.20283441483530903,0.20006659954423378
-0.7136442942058837,0.21153468975685916,0.21450475776104683
0.33351908326195917,0.22016817826137355,0.22851869091757285
0.8555173671622733,0.21647920292720757,0.22122857077081043
0.20194924007441412,0.23125816619746917,0.2457012119695428
0.35314246196457977,0.2246581631943255,0.23317026555092019
0.26281214089998894,0.22102118592870526,0.2260887189179484
-0.05215854591944302,0.21603162035648382,0.21693335809637534
0.14147727604018825,0.20947891792169537,0.20537604798235934
-0.6520893522347,0.20393329359419968,0.19583923416591098
0.2735519349686591,0.21068391345315501,0.20751633691421342
-0.2951173635412271,0.20665240445284966,0.20050623627904696
0.3886291719597887,0.2032880423707643,0.19481032556431851
-0.1266503074690248,0.20205400193328824,0.19288092467279422
-0.030506977237871765,0.19695879858843446,0.18439484722461472
-0.07574418401918677,0.19180989981692745,0.17600189628516286
-0.319557305790955,0.18719496406858183,0.1686885657272832
0.23058985328869439,0.1857563904404131,0.16692555273877357
-0.09095621508800286,0.1829935211210712,0.1628915814868813
-0.4007736067430454,0.17912603568684432,0.15701607499134992
-0.17107289839525527,0.1800177143327747,0.1593454416853064
-0.059415746287488025,0.17699254660376867,0.15487419434504343
0.16521825869313306,0.1734442794182792,0.14956328645588404
0.0874645653295832,0.1708633170526006,0.1459718114605752
-0.16660303923632783,0.16790374260113444,0.14175713282393232
0.11241003853009937,0.16575927480513164,0.13896924817567816
0.8330299240438396,0.1633354968401199,0.13570412419622727
-0.10314218544681322,0.18105950214827013,0.1668306544942288
-1.124683225947112,0.17740898739346403,0.16067950456574315
-0.5271063116719876,0.21078843863277705,0.21785717204550897
-0.3015185298978998,0.21269731759252508,0.21996350803118042
0.5507458740280106,0.2089833191652748,0.21251282842165192
0.5747047948029083,0.21177660575611687,0.2164275964674306
-0.2262432874187779,0.21514670349341566,0.22129911687916018
0.10563932995738337,0.21008164479541805,0.21172850644634697
-0.04445257044439222,0.20423050869801151,0.20111363920340453
-0.5450075504855769,0.1985570303460865,0.19110107683401978
0.04012004606624144,0.20196214729375628,0.19684263065493224
0.16038774055298685,0.19645112659187958,0.18723884849425687
-0.4508570139404496,0.19206746064978017,0.1798011750108158
0.1020059749527596,0.1932207906331328,0.18198465986069917
0.47304865809646923,0.18863490786941037,0.1743064548209324
-0.7224692311080154,0.1906510740297854,0.17806456098518267
0.08564985220345528,0.2012504146144443,0.19635619438155474
0.34161722648730886,0.19596152069858314,0.18708736980252294
0.442927767474645,0.19428096895400368,0.1842137492939147
-0.47864719859374183,0.19505763724758274,0.1856016247245269
-0.1677576725148944,0.19673953327562999,0.1884966192881561
0.01736676737300943,0.1924047082638332,0.1810540891937212
0.4413702701913695,0.18758509093557776,0.1729637605047985
0.8249858523699177,0.18883264689405713,0.17540777022475879
0.10320539477736423,0.2042191041030395,0.2018970760328089
0.5643178919869405,0.19880069046580598,0.19223993610508558
-0.07727071657050498,0.2028148693526934,0.19893867665540624
-0.15220305838794254,0.1973665267329112,0.18934334717183157
0.4630560707973055,0.1928380033579578,0.1815673010037806
0.7037132048541278,0.1942591720086591,0.1841316171385145
0.8442380957872043,0.20379924484528594,0.20047906915896646
-0.3399397485111547,0.2189845926300839,0.22606806036199006
-0.46873968793253407,0.2155126846456151,0.21923920595668242
0.7830688201205048,0.21535777309099313,0.21830113011316865
-1.0330611319399134,0.22674396748578093,0.23713085595409777
-0.11007252847015458,0.25056391285660795,0.27677853547493675
-0.31508398359545564,0.2416498963251226,0.2597064800036337
0.7034023415276771,0.23597039808968825,0.24869972783918942
0.07137203017046789,0.24231292018745332,0.2585684977586014
0.2661184727180886,0.23382313302069987,0.24296634631727398
0.08752869448571136,0.22790735550765306,0.232210663761637
-0.11919697525577103,0.22059268560070355,0.21937266100339195
0.2678580265783751,0.2140283271230289,0.208145790848559
-0.41999324963248796,0.20965113884338188,0.20091860788382618
-0.46521015286836986,0.20867438168073585,0.1996464635822864
-0.19281868514874229,0.20894500054034584,0.20050284154064837
-0.08507385635714289,0.20394303821949414,0.19231150965370802
-0.31219074935765295,0.19844567587914438,0.18344223674011104
0.04742370470485718,0.19601172800483055,0.17997116626532458
0.9182168750094836,0.190973768125704,0.1720865000271888
-0.12282050275598731,0.21095873049620176,0.20703396150207903
0.40154143783422214,0.20515563894313787,0.19708480914673282
-0.1335503000973654,0.20407795684293267,0.19543810454695826
0.5059813292560474,0.1988808267189125,0.18678607822506724
-0.5025411494394953,0.2010594156223534,0.19090832568034635
0.397663154980087,0.20297000587627168,0.1944448734563102
0.15613245558951383,0.20196838208270165,0.19290718535211504
0.1784391816853171,0.19712399807975095,0.18483533400132413
-0.5329066732724594,0.1928681700233385,0.17794382767921801
-0.19932623951478223,0.1963254514567821,0.1843489210322122
0.5754627419726962,0.19236178933115683,0.1779005764169462
-0.6607008985742118,0.19723978985457027,0.1866683871451883
-0.18214372100187223,0.2048327219984801,0.199827832299508
0.1994789566989339,0.20002745757289989,0.19150386582457762
0.8445170420910947,0.19578292456409918,0.1843430719504046
0.555958691239319,0.21159413692282,0.21156921647447874
0.6372124399233752,0.2143571202353949,0.2158667981452577
-0.2213408855293878,0.21974984668295625,0.22458210301038697
0.08860365273776807,0.2142690360399116,0.21457348208969496
-0.3360653265384513,0.20800122625291825,0.2035086642446492
-0.13793544345302577,0.20529117725277815,0.19880479300525408
0.047838138634637095,0.20003629809509357,0.18987562303275782
-0.3233270481308597,0.1946922111803734,0.18100248510488337
0.5553401331013034,0.19275221877468413,0.17812925559704582
0.01787283858211127,0.19693367805080525,0.18573646320898993
-0.15536849281262963,0.191768787535342,0.17717878880604004
-0.36590246571397744,0.1876961897274653,0.17066787835337946
0.5170157006721817,0.18715016704070755,0.17029532123881994
0.27266588555126653,0.19055516612636514,0.17663105085201528
-0.12447137358482599,0.18804634559638692,0.17268528002398656
-0.49529573128897547,0.18400462155663322,0.16619140816369257
0.3254510831681699,0.18700554142702536,0.17183816041897737
-0.07071807303639926,0.18569281865816828,0.1699502647538464
0.3800191379635565,0.18152336469384414,0.16320529057116082
0.0016684993613448034,0.18175718478338232,0.16410548877497297
0.5580360631621996,0.17774177107833786,0.1576950790919816
-0.026793899735806804,0.18315725633566535,0.16749578357226177
0.6311351903615525,0.17905589828222832,0.16078210086818823
0.32997632240873515,0.1869180897692688,0.17462047220700508
-0.563208330035784,0.18569894929851177,0.17260264365382427
-0.13008291963329477,0.19067681475966863,0.18120256043952668
0.6448509630386321,0.1864761037744508,0.1739283826945901
0.1163090517516794,0.19428454542318882,0.18732718265172366
-0.22594922348783747,0.18970893690846652,0.17927085416252003
0.034859506653650875,0.18658220537491482,0.17389642132600588
0.467215260588706,0.1822339162166371,0.1665675384536121
0.15381836009601627,0.1845780976803943,0.17082528959459953
-0.07907109029020339,0.18104047984321545,0.16492576503027098
-0.6754278670626301,0.17726290199661407,0.15874580039322794
0.7023562569809579,0.18695766441061118,0.17568136053414385
-0.40828659107486215,0.19699931682522015,0.19277844006674455
0.4627765596272988,0.19670443906775154,0.1918354930826467
-0.6823910376772939,0.1978228152855253,0.19336005098140596
-0.25309517825169886,0.2062248190402101,0.20730692229838008
-0.38852612223947897,0.20221809864059168,0.19977908853125503
0.37900188240274274,0.20106340393270647,0.19734880706125185
-0.256349186354556,0.19978267999174884,0.1947960476983678
0.24552963339364417,0.19631640255547853,0.18860218819576316
0.7443434848216613,0.1929556757593772,0.18275620941990772
0.055308395478304066,0.20431918457958295,0.2021829496477397
-0.39028061529897545,0.19867066806067096,0.19211760561348495
-0.13816009714700103,0.19782686358440835,0.1905217929860438
-0.4306342438769666,0.19314371683104034,0.18242402430962287
0.3589396733924951,0.19369255064013627,0.18345391447863493
0.296693335515389,0.19254081504652823,0.181550407487527
0.12771162754808518,0.19028122869807582,0.17779671350573667
-0.4384424567232646,0.18609280972073267,0.17083255514571205
-0.9153149537981786,0.1873788275218172,0.17336088902401742
-0.16298878281000223,0.2074823679553071,0.2079148733539438
-0.1467046950916631,0.2022810904661847,0.19845165318464372
-0.4266168171935675,0.19732917452948373,0.18968260124427624
-0.3913326371317027,0.1974575301119745,0.18981443655546712
-0.16464762172294015,0.1967304443966082,0.18849005454414305
0.33364749274577005,0.19236602224179475,0.18099649105667975
-0.8838572177820123,0.19080230629142877,0.1784628744217887
-0.22854556753826208,0.20898609374037755,0.20967676605087782
0.40293207583779855,0.2044220891354419,0.20132074326785937
-0.9734150459514711,0.20343319473673474,0.19930638182802132
-0.07853381437317147,0.22552628814516903,0.23675258622945441
0.014783831886278232,0.21834965042595553,0.22338570560650894
0.04741974951959003,0.21154665262690953,0.21105806313012015
0.8127710887662423,0.20532255977713149,0.20006468844933317
-0.013228983056526075,0.21886382258529047,0.223088061741113
-0.31696803853579203,0.21202029051596605,0.2107880058666372
-0.20362220484478422,0.20863796283525676,0.20473264215263484
0.017735012918206117,0.2037849375417972,0.1963324780526639
-0.39685299149330305,0.19809679612104084,0.18671495678155797
-0.6662188314729655,0.19744839087789823,0.18591807594626136
-0.36087997815933104,0.20523993215747613,0.1995186449220954
-0.12669265022512605,0.20324745486921353,0.19607849836169983
0.7154891998298798,0.1980614433675408,0.18727319990658314
-0.2887571954645401,0.2078008956618882,0.20414211966958493
-0.2695691625968648,0.20424003429313708,0.19789694359925375
-0.6048810447617865,0.20063714672390656,0.19174062591048713
0.6005850439305449,0.20590074022930452,0.20086061723504395
0.1681590705080991,0.21061070844043198,0.2088096752611923
0.3596395988561515,0.20522074279787558,0.19934258138478045
0.20797439338193774,0.20320354400866458,0.1958753552995731
-0.30915691194404005,0.19881793514025614,0.18845048718474502
0.08918310943543713,0.19630033053329188,0.18438433827640927
-0.41507082266354084,0.1914074852331441,0.17634358579919698
0.19939694933732693,0.19170322462746053,0.17732341661060674
0.496242324026053,0.18809330468707827,0.1715790321197977
1.0864050497005637,0.19080954680854004,0.17673395111555684
-0.42284782462763076,0.22068592342172752,0.22807435260474537
0.5847130531276691,0.2189371351693985,0.22420693148388682
0.4203355901396721,0.22210051177355236,0.22888070606039215
-0.5517507092376263,0.22018164977338134,0.22482673587125626
0.11657401932544764,0.22215238208429627,0.2275655045413418
0.6327347864269631,0.21545081760432006,0.2154884291862921
-0.29737205505913333,0.22059342248110345,0.22395725176540163
0.20520250723937472,0.21620377870363802,0.21598303354536608
-0.07195425464822752,0.21079201879711265,0.20649013363969576
0.15641290704822672,0.20471135940113547,0.1960999910138253
-0.3154256146958451,0.1996601120245263,0.18771324178700663
0.039387218270779525,0.19719292766073265,0.18391658352861856
0.2015803605298589,0.1920443390210901,0.17560249282391222
-0.22241668764242156,0.18843402713560603,0.17007397562908838
-0.33577379749768216,0.18535822883499653,0.16554003721327087
-0.026261996959494053,0.18437127824616917,0.1646232356462445
-0.1993089002535192,0.18017640035184165,0.15819539670583507
0.014333166614164079,0.1774455474392044,0.15436205892126495
-0.2916326463107107,0.17376527368394398,0.14893612501239792
0.3452015871306387,0.17285199844484672,0.14829499253086753
0.10488571099566996,0.173008036984795,0.1494237000656564
-0.5367423370279554,0.1699828948546556,0.1450313806776441
0.5733141506364321,0.17530772771534234,0.15493285942779125
-0.33894909596834705,0.18141551753026786,0.1658740292510108
-0.13728150283769003,0.18079237610025092,0.1650309508087977
0.4595431617626443,0.17740275505623215,0.15947016627898666
-0.3215466275035422,0.17990747107710625,0.16408214552722838
0.8319555866680146,0.17906268097444528,0.16284354265745063
-1.0171863396827718,0.19553347291288256,0.19116669330111158
-1.3966976533801276,0.22078274001406148,0.23378342645286218
0.12612193519684167,0.2709465366314803,0.3179433005554537
-0.7822745385204104,0.2605873397212773,0.29694430762679813
0.045014036638962536,0.26848373756941313,0.3078475495449844
-0.4515405285331515,0.25790587096048534,0.2871641077652126
-0.15883024468401874,0.25405038191445467,0.2786421394340912
0.1480710747604891,0.24525433200526378,0.26203927782200137
0.04955505289027957,0.23703312640097599,0.24693160219883756
-0.12224447402892788,0.22886915860256754,0.23236122714230173
-0.222658834628313,0.22169443448495624,0.219872289999602
-0.09766281879985636,0.21608229667228793,0.21036390883154374
-0.30607790130508616,0.20972548361356455,0.19980441925718606
0.5201621844271951,0.20631956133174828,0.19450816141483376
-0.47422228053023624,0.20835656165780503,0.19858578017875397
0.12298708962212918,0.20889951568463844,0.1999715407284435
0.1450102002339439,0.20325484904198046,0.19073067786628523
-0.7594303015179912,0.19821410106308077,0.18270900798825113
0.1438206213524883,0.20984087087749792,0.20327482633261137
0.4994544566803477,0.20428719982986882,0.19398156225566102
-0.09754421214151368,0.20586071934851344,0.19705614374498798
0.2923025945145243,0.2002836653790631,0.1878262730366046
-0.028462554097677284,0.19735712155902743,0.18331568607094026
0.06747752769880486,0.19217427758061026,0.1750246233131344
0.3500946161923083,0.18749682975453955,0.1677498218190381
-0.06809635500717502,0.1866343910950848,0.16710315165147627
0.22668242851845427,0.18238238271773016,0.1606246921645918
-0.6152235733116981,0.1798247720853534,0.15713146911808382
0.0414123640526662,0.1870471771489954,0.17034332446419614
-0.716466925088492,0.18267803098845517,0.16339474121259806
-0.1777599972836653,0.19363305988346177,0.1827215098286262
-0.28669669476618664,0.18963668321302515,0.17602928967747802
0.1720127303688052,0.18742795246339647,0.17253611044922304
-0.17259850182578293,0.1838464463475172,0.16676191837474733
0.7474745624069301,0.18054431001285928,0.16157523867889784
-0.1683693484068842,0.19299231497588712,0.18335362588327966
-0.4455074641770862,0.18894962170373789,0.17643567516909964
-0.8815469292623221,0.19020050314929687,0.17871595268406457
-0.011566406436282827,0.20831073338399703,0.2097006068402496
-0.14941780331633048,0.2022717424802664,0.1987372352441171
0.33551032007245735,0.1973440809120332,0.18997979571709928
0.37734179430627496,0.1954368046158258,0.1866101748891455
0.3309462957690952,0.19454889256431973,0.1850684988867449
-0.3930445812864127,0.1927659094094734,0.1820379215322347
-0.5297050480519749,0.19243638355786302,0.18155833152294182
-0.18334540350655912,0.19582694891372374,0.1874318702672349
-0.3864141011214461,0.19172216190507008,0.18036946008986057
0.05682168476224526,0.19132089622170695,0.17979830695814927
-0.12439121711401958,0.18666979644034465,0.17197991145529534
0.29046356475058527,0.18273259013892273,0.16555557905452117
-0.2125807403529902,0.1811147029667051,0.16321847527144995
-0.7392081965656224,0.17847238265065876,0.15915615630275623
0.2910986128488278,0.19071849213108874,0.1805619785659706
1.0816278413979725,0.18850168704373746,0.1767427008294991
0.30450327762305684,0.21825080057819599,0.22756437011091107
-0.7299374291562917,0.21416578277815787,0.21944404540397922
-0.719993691274523,0.22328755097715955,0.23414007338774612
0.7957332146533764,0.2312904030011131,0.24664561182272715
-0.070469446771867,0.24204596693197566,0.26364061808558426
-0.0055537671634342195,0.23357281097054985,0.2475248534234425
-0.27738167726688673,0.2256019947213282,0.23277391029758351
0.4689248081797701,0.22049328370449464,0.22334354901199474
0.09906363833426846,0.21996317969237963,0.22200371789711698
-0.5526989892419192,0.21331812826515367,0.21029402632940644
-0.23291279680405094,0.2158435914545996,0.21453843233191774
-0.1315865212119935,0.21081505319741417,0.20579700764448022
-0.21049976559236655,0.20508827649250994,0.19608305750826593
0.32249462197453627,0.20058972978179898,0.1886902593231614
-0.37539719902788304,0.19818369817787734,0.18502137245097025
-0.1842264934848665,0.19704316569125285,0.18356538805777223
0.6908583413417664,0.1928550076191563,0.1769058192970815
0.764321363229515,0.20197701480443195,0.19307949975744818
0.87739801544938,0.2135348507547109,0.21298090709615458
0.20504262415489138,0.22964962893837967,0.24017418026226467
0.40108988260081774,0.22320933010473323,0.22825888612205442
-0.37714049292156765,0.22074259369632246,0.22347665220608587
-0.32709919496041656,0.2179180848330839,0.21824073455553344
-0.685057285515526,0.2142766410244638,0.21176635526716772
0.23557495984395196,0.2215291923541591,0.22405489396234599
0.3325745742066225,0.21610309100823621,0.21442418265138535
0.2727783213882699,0.2127060590022999,0.20851205675668263
-0.14654041581875518,0.2085077712788746,0.20138125171198448
-0.1657885759735283,0.20307902450362,0.1923168312142027
0.40974322397414953,0.19824092257278858,0.18445944068894896
-0.4322865493902543,0.1978861597177151,0.18440797209969056
0.08954905816310692,0.1981146760545207,0.18531075792890817
0.5189887723663708,0.19308521838582665,0.17718063382691232
0.22968177031182188,0.19609695876007538,0.18293003773633873
0.17352340928605645,0.1925323200513529,0.17727471974338346
0.21415915095100557,0.18857638030404753,0.17105276644755793
0.19539751779487324,0.1853840824483326,0.16624069689960494
-0.05230491326076626,0.18221037680302873,0.16152563670766434
-0.6604002488003203,0.17824044069178588,0.15550986323445873
-0.7721007710854634,0.1872723724755815,0.1717653013417891
0.12119071624635516,0.2003031532849659,0.19439575124314856
-0.09987900189377394,0.195301983435071,0.18569053560404894
0.7669842040284038,0.1905446156359046,0.17762027279460887
0.06619806245335719,0.2030948153400937,0.19927148397660222
0.943334344817301,0.19757855161369123,0.18956344475257092
-0.3918003873107585,0.2184292570227146,0.22510108458290817
0.6825506223180489,0.21611167200130468,0.22026635329946037
0.2482858704682805,0.22312366806828288,0.23153348557085213
0.6473954589859626,0.21775603447190814,0.2214624306874765
-0.39605413372624093,0.22327253647751458,0.2302722316345111
-0.36113140327863,0.22068335433781697,0.22508795231314216
-0.23921582976147768,0.21751706048950525,0.21909995160352758
0.7032386894006711,0.21244794416884996,0.21005116710359845
0.25167561434226476,0.22057970674196306,0.22377328310673728
0.5965127253211157,0.21545596687528426,0.21456298553879138
-0.49855708677935157,0.21929353441552102,0.2208980585584135
0.7955292763049444,0.219695049462847,0.22123621114146785
0.6303098959280418,0.23132643270837172,0.2407559315002345
-0.2936181445565569,0.23516716231696116,0.246544866595452
-0.3469905206935377,0.2295997803516097,0.23620096067654855
-0.01711933013834159,0.22545929715657476,0.22860098568145232
0.26760204769974627,0.21811564707498685,0.21575554068652636
-0.07439220304306242,0.21342236773823092,0.20776052941452858
0.28768377603577555,0.20715133013079656,0.19726118646675575
-0.5068971081426906,0.20362193411145219,0.1916731655697903
0.5939671142655034,0.20546570879041032,0.1953530829249824
0.542500354111393,0.2099772560830935,0.20345762127392863
0.41144344389777743,0.21243052492574507,0.20782719085708512
-0.4631440342811128,0.21103326781305506,0.20550875714769978
0.445644427913517,0.21106757950701055,0.20568300125743905
-0.49802682537493964,0.2106332877964628,0.20504464893821345
0.6363829452597229,0.21168054565613523,0.20694171998404412
-0.5809260861109415,0.21724667926349664,0.2164967106365117
-0.09185399798446058,0.22040978478689063,0.2217207954490694
0.3875178272623118,0.21369030316170973,0.20997057375144892
-0.4718334391019824,0.21163675579538158,0.2064820196986092
-0.8671305907638709,0.21186304140993817,0.20696515744148847
-0.25129240826188665,0.22758063484876156,0.23386441476926462
-0.22586018560229423,0.22191671293371187,0.2236353670148411
-0.21314802681892803,0.21632967578159837,0.21382247148537215
0.05564603870602197,0.21100569963130095,0.20471182840367508
-0.034785402815679455,0.2048477522637039,0.19439546964449117
0.02125568910916566,0.19910470153765375,0.1850164238924945
-0.3705905282542846,0.19377792754823406,0.17653737171922032
-0.19412603082485605,0.1928687198803814,0.17575050152888777
0.16900543458557482,0.18910903554857558,0.17005969716818964
-0.3892147106294427,0.18536912621760715,0.16448186929734365
-0.47518535405749646,0.1855165754683192,0.16560808691612736
-0.02932968791069926,0.18783019843411916,0.17033733426005204
0.8977235871269779,0.18337622210020488,0.1633466123636938
0.9589240894295273,0.20285085447337445,0.19730733307153087
-1.1543134216563145,0.22416794583947802,0.2335533702287902
-0.25581447051019196,0.25595585787079633,0.2868200069767066
-0.09197164468729856,0.24819262369597261,0.2714100584451565
-0.08099642227827676,0.23935250147488585,0.25469199177196516
-0.04187752620421793,0.23113171636409982,0.2395508136158627
-0.3047847178901519,0.2233977643370544,0.22568341861432567
-0.11002149397670571,0.2189247902030642,0.21775976296586208
-0.5446448576651662,0.21242615365393655,0.20658902312611918
-0.7577701546041001,0.21476075587575086,0.21076202186256274
-0.5493466199536596,0.22505035396578213,0.22839660003674256
-0.019498749631433304,0.22657178792772042,0.23064602547579385
0.2844866796566827,0.21914574996537567,0.21760043299007392
1.065770389660664,0.2146469569544481,0.20988702323617076
-0.35556708151639266,0.24140206901047276,0.2556916470864259
0.47328775024611364,0.23653701075082015,0.24644387985068755
-0.041577439006199216,0.23490238700512092,0.24299955659227018
-0.18983755749037662,0.22687980307283115,0.22878603510475887
0.3075589392252754,0.2204750585739242,0.2177093465059786
-0.0753599019610129,0.2162750142927603,0.21066803691024957
-0.3527446528191517,0.20979041764811643,0.1998851889604033
-0.33133078387545795,0.20728039401876108,0.19611810956898817
-0.4364905629221922,0.20453279683369802,0.19199530302926562
-0.48150282684747253,0.20436084620858488,0.19232197330234568
0.19128935219999135,0.20541276185394336,0.19468202458521647
0.08075281095342157,0.200663280742022,0.18704340293994942
-0.4792373975191976,0.19539533898703684,0.17866511346979844
-0.6447444419940622,0.1970680158149879,0.18228202628186727
0.41110342426555035,0.20406371917078295,0.19483859342779228
-0.09375924211514035,0.20329708918494926,0.19380503535715612
-0.06700425196555233,0.19789455734394842,0.1848640715955408
-0.07890260293554105,0.19277849002559883,0.17660214292505988
-0.06352027081697414,0.18810391218098313,0.16925320967005408
-0.37603812556802746,0.18372205543822867,0.16252962994328177
0.45845268180587734,0.1836998094566388,0.16334690054298937
0.43180956779665836,0.18569440126645945,0.16752115356144048
0.050138629637161966,0.18684170572461506,0.1700920133473333
-1.0562331647054437,0.18251165607513647,0.16320850612169457
0.010562841035920563,0.2111273709372319,0.21266908042070898
0.011308240333498074,0.20487267351256025,0.20140775105917558
0.26495133111010927,0.1990960121918546,0.19127336976823003
0.20319406533915066,0.1958135568727732,0.18565599318425796
0.508803720442289,0.1919345966977975,0.17915478527528472
-0.09224665558766089,0.19472746493298138,0.184183368044552
-0.994613882826659,0.18997099693734268,0.17619050351345222
0.8414375078965087,0.2143143830197262,0.21803429195768315
0.9579214739591038,0.2285585536977647,0.24163171674666922
0.29657419236656984,0.2478564997611677,0.2733492225856014
-0.8182031026623515,0.24137138124697477,0.2604121129059354
0.44172698398858223,0.25241983555009395,0.27784371747565684
-0.027053694044987687,0.24872636166582598,0.26981548214727363
-0.6163439393803086,0.2396190836512621,0.25287052905062024
0.3646871846207889,0.2423165051346731,0.2565774687261001
1.314102965224982,0.23757409882450908,0.24756955898482197
0.08496421661074362,0.2798954579830166,0.3191559332469943
-0.009004228556856876,0.26859843309860426,0.2976012858275088
-0.5733860900273546,0.25795481370113055,0.2778452110513531
-0.21804759673891272,0.25775475343089643,0.2764992703580607
0.9544281154262481,0.24932979434055322,0.2612265810444354
-0.15498366922671325,0.26684607071219607,0.2906505743157969
-0.28504636546962425,0.2570376755890946,0.27278651377056595
-0.2621055699100573,0.24965509961365379,0.2595704339168815
0.16339056576369426,0.24246841111894293,0.24704835701408717
-0.5275190491206306,0.23459972290286496,0.23367834516170746
0.22755155818011757,0.23470331773787517,0.23422432800479343
-0.3828695040682622,0.22816246866065643,0.22339088078582406
0.3071023066082781,0.2248990165966146,0.21838124556451552
0.7901818914054226,0.22035297045355315,0.21125871234427024
-0.24982509255324153,0.23168566664303056,0.23135221218509577
0.16111270067025757,0.22568677268251483,0.221337619810048
0.39836257270239606,0.21907773707755784,0.21050172294490638
0.31662515054620305,0.21686256975469503,0.20738618761691935
0.24034286685525516,0.21310415890789883,0.20166014315314773
0.5799408551277798,0.20838781279562396,0.19438236352024313
-1.0928376742592716,0.21219379817762138,0.20176069694053586
-0.07299872863905675,0.24084819128415727,0.25129933636050295
-0.4570246670181726,0.23247712027036813,0.23643584344359858
0.19694574320842811,0.23070916329300994,0.23323583641239232
0.6494149841192697,0.22409259714282492,0.22185163405954908
0.1305892233195614,0.2292020272477323,0.23075346173352573
-0.25306061789985335,0.2220637077896944,0.21853079282253346
0.28633730412749264,0.2168471445964984,0.2098796973568729
1.0768266640651012,0.2125548074271452,0.20299118020793563
-0.10123959579219294,0.2401637701564634,0.25066984540922077
-0.06771309106587649,0.2319891348028555,0.23611533365610704
0.2265361798218731,0.22427267761103334,0.22273305342558114
-0.04220365266383877,0.21851471862723035,0.21302568012143744
0.44599861010341885,0.21174490259613554,0.2018121695242022
-0.5123524792403805,0.21126814925317897,0.20157669058249103
-0.2399652127904845,0.21269104416289628,0.20454427467343017
-1.0627169187220071,0.20800092528989894,0.1969690123735663
0.04756152264060193,0.23507304092677384,0.24374047360310952
0.11686641579345587,0.22705305672279336,0.2294795311645932
-0.3341214922459258,0.21997931610737118,0.21721446600515432
-0.391526420578466,0.21631654533945355,0.2110748779836711
0.13077107249081357,0.21415398188689624,0.20763203708585332
1.2125955893456744,0.20816600283433842,0.19772388704728786
-0.654955692377456,0.24521769958800024,0.2614709015075882
0.24478117273642178,0.24892594762596174,0.2667721593057111
-0.0982626941500086,0.24153762606568116,0.25309083450145087
-1.230818321899059,0.23324069240634535,0.2382645289043867
0.4976381945948614,0.26968252571861157,0.30018376309006883
0.07437513775858015,0.2662099205577411,0.2925475754170436
-0.38416736844360755,0.25590837531937044,0.27356940093116966
-0.053940749985946765,0.25055563807747533,0.263591689186897
-0.30833347465519767,0.24137249964997667,0.24737800049365966
0.6732903148069773,0.23559087211396604,0.23739367702394107
-0.41834158988116765,0.24074770662606904,0.2463203017221909
-0.8007466240185872,0.23735609430782958,0.24043875584118696
-0.0247965607787931,0.24788304880945447,0.2584546380509265
-0.3457514902731818,0.23883673022685398,0.24263991771715668
0.8530995848930013,0.23396583806741425,0.2343531305967473
-0.10261165555350099,0.24728861892753898,0.25730676262430313
0.6543494407804865,0.2385781827105692,0.24210254395464434
-0.06125700441491622,0.24277011283819808,0.2493009490916667
-0.7022374443840853,0.23420610973179692,0.23455847521199447
1.1688372060323076,0.2406353608109791,0.2457594991055496
-0.3540564445635982,0.2721545901362938,0.2994925699052652
-0.2542152597090439,0.26491010656026664,0.2858111112115895
0.6804700325996255,0.2564392988685591,0.2704612700038773
0.6679978327135621,0.2602891077177889,0.27656711626679636
0.32025533327487615,0.26335218456141346,0.28122145986561753
0.2729166431235785,0.2561119436444713,0.2682274878036059
1.0075939488105636,0.2486017431209465,0.25512891372793745
0.9218249567984932,0.2692300491981237,0.29037830063912695
0.5546064742178031,0.2834345196322266,0.31382853312404146
0.12918037801802357,0.280668346993672,0.30782509687385246
-1.1650603442303218,0.2695897496619159,0.2878769656897112
0.24301351610891367,0.29863997357665434,0.3369575494056439
-0.23801536367666876,0.28743062385674906,0.31621457291566035
1.0212687006713639,0.27700668335253226,0.2974256812914012
-0.04677930501933171,0.2962791437614778,0.32983260111080986
-0.0979988036344737,0.2835837912459673,0.30695875616863344
-0.1356712016537359,0.2720750328333542,0.28674306882745954
0.33966386155977013,0.261702923061469,0.26898909569262197
-0.13793449612027261,0.2549638930032152,0.25785876306584454
0.3654426069368788,0.24591639686723135,0.24302418302025777
0.7089292248643057,0.2409152928050925,0.23539917966647309
0.11652881780244667,0.24710897848827246,0.24698829399316102
0.41502657857437336,0.23850162016929619,0.23296841286276673
0.373081025192193,0.2352005538200344,0.22828392462264757
0.3764461821354589,0.23118291572086244,0.2224150047283057
-0.6725285883470774,0.22754593691721914,0.21725909065769328
-0.32445779225476107,0.23328698041682683,0.2281479166991296
0.22665666404136328,0.22842166386809554,0.22059676797695832
0.2505364600415811,0.2223485215418146,0.21110575334698045
0.09725005071995751,0.21707296628902353,0.20313360390279075
-1.0431517333000002,0.21063815629946225,0.1932931221307634
-0.44819056601475565,0.23630167079478345,0.23837208685202682
-0.9349229034317604,0.23400739027518278,0.2345786173400555
0.8998398615448929,0.25161376328836227,0.2648247973741136
-0.8190091442041982,0.26598978978915433,0.2888279064579588
0.09143730775930006,0.2751972474260787,0.30348391472666764
0.45880094729731186,0.2642923976488901,0.2835535623165143
-0.4500550954348032,0.26014294728057463,0.2757231215469084
-0.6521760110750573,0.2560774116692079,0.2682782888385591
-0.06697442399763216,0.25885003754687885,0.27271713742579184
-1.1046835293017647,0.24907978260633606,0.2556697023567034
-0.054075363915103286,0.2756806028984594,0.3011190171165632
-0.34621212830334286,0.2645795501515218,0.2811533226540345
0.2061738405858218,0.25775248265414,0.2690311322778476
-1.0184513799326396,0.24918010579053518,0.25425340167715826
0.35101533033110666,0.27040880157371316,0.2906902221737773
0.5233200790490391,0.26323478547785784,0.2777817880627724
-0.4528674038279533,0.26102274898076205,0.27369680451328976
0.196054824718019,0.25696444222091425,0.2665815683344543
-0.024671257389432124,0.24833297486882364,0.2518452862157695
0.7752247399957568,0.23925212192807394,0.23669119114125137
0.3851426857270834,0.24845578101405244,0.2530707419022007
-0.03534262702072699,0.24369404899409675,0.24518041213043418
-0.8243076516130664,0.23498615227289554,0.23072482598162708
-0.6732721000266964,0.24681592429925175,0.25162649860885683
-0.23667800015365045,0.2511149853791607,0.259128614781689
-0.4146322188426735,0.24344521388145274,0.2460165770913567
-0.3241607887586967,0.23975710769550343,0.24001091322734094
0.5487739451460253,0.2343921396669604,0.23126383275303988
0.0920834598279326,0.23518188367821974,0.23319509162129254
0.47935586518956885,0.2273357600035228,0.22029955063785742
0.010808550053507542,0.22657305047722748,0.21975869784865368
-0.056069234360814624,0.21913919897321057,0.20778866930150125
-0.30265001678413556,0.21236162823692484,0.1971669903234415
-0.5209940826695265,0.20869329063996847,0.19203014292406922
0.06766967244954718,0.21057443056127978,0.19639887034049539
0.610030622591269,0.204492855826568,0.1869879425349173
-0.02751006776622538,0.2096453724938501,0.19689601630638015
0.32507299615876795,0.20352273432466214,0.18724425486716725
-0.42212537236585007,0.2009416847948735,0.18380345202203247
-0.1390073911125992,0.20068252114631868,0.1843325983195796
