return_percent,density
-10.178761490082243,6.322194285055297e-08
-10.145924195365138,1.1759845603412054e-07
-10.113086900648034,2.1425792685244444e-07
-10.08024960593093,3.8236107453408574e-07
-10.047412311213826,6.683623001355708e-07
-10.014575016496721,1.1443311313126025e-06
-9.981737721779616,1.9190795499963257e-06
-9.948900427062512,3.152359495304896e-06
-9.916063132345407,5.072008774370326e-06
-9.883225837628304,7.993293324325305e-06
-9.8503885429112,1.233880216091696e-05
-9.817551248194095,1.8656138101677947e-05
-9.78471395347699,2.762943420603377e-05
-9.751876658759885,4.007963258648262e-05
-9.71903936404278,5.694780224887043e-05
-9.686202069325677,7.925591813796912e-05
-9.653364774608573,0.00010804083476291363
-9.620527479891468,0.00014425991009350765
-9.587690185174363,0.00018867088206409846
-9.554852890457258,0.000241693849587672
-9.522015595740154,0.0003032688571631652
-9.48917830102305,0.0003727275776501912
-9.456341006305946,0.00044870068809618036
-9.423503711588841,0.0005290825532882573
-9.390666416871737,0.0006110709561355046
-9.357829122154632,0.0006912916969619077
-9.324991827437529,0.0007660066419500814
-9.292154532720424,0.0008313908233690619
-9.25931723800332,0.00088385172593919
-9.226479943286215,0.0009203544119761506
-9.19364264856911,0.0009387118046641492
-9.160805353852005,0.0009378015724042654
-9.1279680591349,0.0009176797117716282
-9.095130764417798,0.000879574845338746
-9.062293469700693,0.0008257640417513877
-9.029456174983588,0.0007593476105861201
-8.996618880266483,0.0006839538373273278
-8.963781585549379,0.0006034127004221799
-8.930944290832276,0.0005214391073248331
-8.898106996115171,0.00044136129880360656
-8.865269701398066,0.00036592020856043
-8.832432406680962,0.00029715294387063634
-8.799595111963857,0.00023636065019223276
-8.766757817246752,0.00018415003737983564
-8.733920522529647,0.00014053029023865143
-8.701083227812545,0.0001050435937928299
-8.66824593309544,7.690785458351462e-05
-8.635408638378335,5.5153530505727535e-05
-8.60257134366123,3.874158955981514e-05
-8.569734048944126,2.6655267801491044e-05
-8.536896754227023,1.7963467025049947e-05
-8.504059459509918,1.1857653858118741e-05
-8.471222164792813,7.666707112831629e-06
-8.438384870075708,4.855349230984265e-06
-8.405547575358604,3.011851602430423e-06
-8.372710280641499,1.829987668850906e-06
-8.339872985924396,1.0890912109486305e-06
-8.307035691207291,6.34865664530822e-07
-8.274198396490187,3.6249408363320234e-07
-8.241361101773082,2.0273162533903627e-07
-8.208523807055977,1.1105639665596253e-07
-8.175686512338874,5.9589144536055095e-08
-8.14284921762177,3.131787019535705e-08
-8.110011922904665,1.6121995116389873e-08
-8.07717462818756,8.129182008251234e-09
-8.044337333470455,4.014915467753182e-09
-8.01150003875335,1.94226042366085e-09
-7.978662744036247,9.203224420938458e-10
-7.945825449319143,4.2714375431917174e-10
-7.912988154602038,1.9418228402959427e-10
-7.8801508598849335,8.646625436743515e-11
-7.847313565167829,3.771248790219188e-11
-7.814476270450725,1.6111100946131826e-11
-7.78163897573362,6.741658604380161e-12
-7.748801681016516,2.7631842170579695e-12
-7.715964386299412,1.1093148554485925e-12
-7.683127091582307,4.3621912454461136e-13
-7.650289796865202,1.6802894203436187e-13
-7.617452502148098,6.343029447868699e-14
-7.584615207430994,2.3557118971858464e-14
-7.55177791271389,8.878966072743553e-15
-7.518940617996785,4.181516186558451e-15
-7.48610332327968,4.421792740690239e-15
-7.453266028562576,9.861160753285933e-15
-7.420428733845472,2.632107025937148e-14
-7.387591439128367,7.078309741931426e-14
-7.354754144411263,1.870974993795862e-13
-7.3219168496941585,4.846084423714299e-13
-7.289079554977054,1.2295256683579257e-12
-7.256242260259949,3.0555429720362876e-12
-7.223404965542845,7.43774032736121e-12
-7.190567670825741,1.7733528751890686e-11
-7.157730376108637,4.141434682769912e-11
-7.124893081391532,9.473445611199381e-11
-7.092055786674427,2.1225924374588916e-10
-7.059218491957322,4.658292506312304e-10
-7.026381197240219,1.0013557478064322e-09
-6.993543902523115,2.1083928318317224e-09
-6.96070660780601,4.348266599227392e-09
-6.927869313088905,8.783797044102063e-09
-6.895032018371801,1.738000584067929e-08
-6.862194723654696,3.3683641782829233e-08
-6.829357428937592,6.394250684398469e-08
-6.796520134220488,1.1889450242333055e-07
-6.7636828395033834,2.1653863025405767e-07
-6.730845544786279,3.8628735630941594e-07
-6.698008250069174,6.749740836805612e-07
-6.66517095535207,1.155221330068161e-06
-6.632333660634965,1.936621713488872e-06
-6.599496365917862,3.1799910028091877e-06
-6.566659071200757,5.114562408510331e-06
-6.533821776483652,8.057356326460167e-06
-6.500984481766547,1.2433063598750098e-05
-6.468147187049444,1.8791663965065397e-05
-6.435309892332339,2.781978815430086e-05
-6.402472597615235,4.034074356978309e-05
-6.36963530289813,5.729747466810817e-05
-6.336798008181026,7.971289268567539e-05
-6.303960713463921,0.00010862334446634276
-6.271123418746817,0.00014498373918929097
-6.238286124029712,0.00018954702295809404
-6.205448829312608,0.00024272595669206124
-6.172611534595504,0.0003044508008972768
-6.139774239878399,0.00037404148801668444
-6.106936945161295,0.0004501159254197139
-6.07409965044419,0.0005305560398792252
-6.041262355727086,0.0006125492446223933
-6.008425061009982,0.000692715053669068
-5.975587766292877,0.0007673153210311746
-5.942750471575772,0.0008325336502190096
-5.909913176858669,0.0008847971562451226
-5.877075882141564,0.0009211044407061341
-5.844238587424459,0.000939319500794738
-5.811401292707355,0.0009383936034263317
-5.7785639979902506,0.0009184859327417944
-5.745726703273146,0.0008809677267700599
-5.712889408556042,0.0008283111928151962
-5.680052113838937,0.0007638806505538617
-5.6472148191218325,0.0006916560760772385
-5.614377524404729,0.0006159262196760416
-5.581540229687624,0.0005409886847338656
-5.548702934970519,0.0004708881575220197
-5.515865640253415,0.00040921304396273147
-5.483028345536311,0.0003589576609091082
-5.450191050819207,0.0003224447010716481
-5.417353756102102,0.0003012934698531061
-5.384516461384997,0.00029641506581602625
-5.351679166667894,0.00030801678294050186
-5.318841871950789,0.0003356038852688812
-5.286004577233684,0.00037797585437912904
-5.25316728251658,0.0004332239028000233
-5.2203299877994755,0.0004987444928917022
-5.187492693082371,0.0005712876758568407
-5.154655398365267,0.0006470579628304298
-5.121818103648162,0.0007218789764960896
-5.0889808089310575,0.0007914223373365649
-5.056143514213954,0.0008514881947240787
-5.023306219496849,0.0008983122520335493
-4.990468924779744,0.0009288648685671894
-4.95763163006264,0.0009411041135336307
-4.924794335345536,0.0009341476781437906
-4.891957040628431,0.0009083381053821536
-4.859119745911327,0.0008651902682142487
-4.826282451194222,0.0008072267559066011
-4.793445156477118,0.0007377226870836558
-4.760607861760014,0.0006603935568426849
-4.727770567042909,0.000579065998143426
-4.694933272325804,0.0004973710081087455
-4.6620959776087005,0.0004184928197018319
-4.629258682891596,0.00034499587079473966
-4.596421388174491,0.00027873957331415626
-4.563584093457387,0.00022087824076585008
-4.5307467987402825,0.00017193358757541054
-4.497909504023178,0.0001319208778515531
-4.465072209306074,0.00010050737194376656
-4.432234914588969,7.718267782374588e-05
-4.3993976198718645,6.142388633345148e-05
-4.366560325154761,5.2842662922538736e-05
-4.333723030437656,5.1305603202247216e-05
-4.300885735720552,5.702231667638289e-05
-4.268048441003447,7.059755921189942e-05
-4.235211146286343,9.30444724144886e-05
-4.202373851569239,0.0001257561951624187
-4.169536556852134,0.00017043360276801118
-4.136699262135029,0.00022896851580617557
-4.1038619674179255,0.00030328498281769357
-4.071024672700821,0.0003951463230920017
-4.038187377983716,0.0005059420990105704
-4.005350083266612,0.0006364760729961157
-3.9725127885495075,0.0007867820293851324
-3.939675493832403,0.0009559974329721495
-3.906838199115299,0.001142323726786105
-3.8740009043981942,0.001343095660438547
-3.8411636096810895,0.0015549703014011043
-3.8083263149639857,0.0017742303321394174
-3.775489020246881,0.0019971779861130447
-3.742651725529776,0.002220578468760289
-3.7098144308126724,0.0024420982419015333
-3.6769771360955676,0.0026606771507981567
-3.644139841378463,0.0028767761681075176
-3.611302546661359,0.0030924552180037032
-3.5784652519442544,0.003311257104168245
-3.5456279572271496,0.0035379012503108697
-3.512790662510046,0.0037778206102965658
-3.479953367792941,0.0040366017317218245
-3.4471160730758363,0.004319406551057098
-3.4142787783587325,0.00463046092696743
-3.3814414836416278,0.004972686803683495
-3.348604188924524,0.005347532316841108
-3.315766894207419,0.005755020001034338
-3.2829295994903145,0.0061939930963219435
-3.2500923047732106,0.006662501291992149
-3.217255010056106,0.007158238251548281
-3.184417715339001,0.007678931046354584
-3.1515804206218974,0.008222590480437018
-3.1187431259047926,0.008787561281189868
-3.085905831187688,0.009372357492264739
-3.053068536470584,0.009975322042263325
-3.0202312417534793,0.010594198631764308
-2.9873939470363746,0.011225736955272007
-2.954556652319271,0.011865459834096813
-2.921719357602166,0.012507699330089973
-2.8888820628850613,0.013145961177020214
-2.8560447681679575,0.013773612050857486
-2.8232074734508528,0.014384815825867174
-2.790370178733748,0.014975587791800814
-2.757532884016644,0.01554480228967728
-2.7246955892995395,0.01609498650205596
-2.6918582945824348,0.016632761418717838
-2.659020999865331,0.01716884375534651
-2.626183705148226,0.017717588452648834
-2.5933464104311215,0.018296117126021718
-2.5605091157140176,0.018923131686894676
-2.527671820996913,0.019617546482637135
-2.494834526279808,0.02039708401096806
-2.4619972315627043,0.021276970683570956
-2.4291599368455996,0.022268845665430248
-2.396322642128495,0.023379964162906948
-2.363485347411391,0.02461274271524618
-2.3306480526942863,0.0259646623625998
-2.2978107579771816,0.027428518377624982
-2.2649734632600778,0.02899298347000928
-2.232136168542973,0.030643435210346154
-2.199298873825869,0.03236298789009415
-2.1664615791087645,0.03413366401336763
-2.1336242843916597,0.0359376404806854
-2.100786989674555,0.03775850774150271
-2.0679496949574503,0.0395824842823109
-2.0351124002403473,0.04139953096563462
-2.0022751055232426,0.04320430798153462
-1.969437810806138,0.044996911742982273
-1.9366005160890332,0.046783323184986306
-1.9037632213719284,0.048575498581940636
-1.8709259266548237,0.050391046266070466
-1.8380886319377208,0.052252463077097126
-1.805251337220616,0.054185954178853996
-1.7724140425035113,0.056219923831235655
-1.7395767477864066,0.058383291012478945
-1.7067394530693019,0.060703836148017075
-1.673902158352199,0.0632068068641245
-1.6410648636350942,0.06591398944598266
-1.6082275689179895,0.06884338537505519
-1.5753902742008847,0.07200952729419319
-1.54255297948378,0.07542434531223954
-1.5097156847666753,0.07909837925815459
-1.4768783900495723,0.08304205295014332
-1.4440410953324676,0.08726670441079618
-1.4112038006153629,0.09178511086531531
-1.3783665058982582,0.09661135356122093
-1.3455292111811534,0.10176001421433191
-1.3126919164640487,0.10724485070758301
-1.2798546217469458,0.11307722933649575
-1.247017327029841,0.11926466373205302
-1.2141800323127363,0.1258098078007519
-1.1813427375956316,0.13271016930424517
-1.1485054428785268,0.13995866702013654
-1.1156681481614221,0.1475449767619677
-1.0828308534443192,0.15545743650352215
-1.0499935587272144,0.1636851447889167
-1.0171562640101097,0.17221981806479295
-0.984318969293005,0.18105698687025384
-0.9514816745759003,0.19019620773185014
-0.9186443798587955,0.19964013224298247
-0.8858070851416926,0.20939248105061195
-0.8529697904245879,0.21945518578608394
-0.8201324957074831,0.22982515226344785
-0.7872952009903784,0.24049123195694055
-0.7544579062732737,0.25143203985965024
-0.7216206115561707,0.2626152072428662
-0.688783316839066,0.27399849974132884
-0.6559460221219613,0.2855329697185041
-0.6231087274048566,0.2971679681318444
-0.5902714326877518,0.3088574544762313
-0.5574341379706471,0.3205666712437306
-0.5245968432535442,0.3322779626839774
-0.49175954853643944,0.34399439111809127
-0.4589222538193347,0.35573990093001684
-0.42608495910223,0.3675551348192526
-0.39324766438512526,0.3794886077903423
-0.36041036966802054,0.3915837256151947
-0.3275730749509176,0.40386297701924745
-0.29473578023381286,0.41631137625218567
-0.26189848551670813,0.4288617201592466
-0.2290611907996034,0.44138431467411093
-0.19622389608249868,0.4536834473912677
-0.16338660136539396,0.4655020532244469
-0.130549306648291,0.4765348539504347
-0.09771201193118628,0.486448945610933
-0.06487471721408156,0.49490959981419413
-0.03203742249697683,0.5016081678803204
0.0007998722201278952,0.5062886024371291
0.03363716693723262,0.5087693113139976
0.06647446165433557,0.5089577882344118
0.0993117563714403,0.5068565729431265
0.13214905108854502,0.5025603597846924
0.16498634580564975,0.49624526072397457
0.19782364052275447,0.48815213469656876
0.2306609352398592,0.4785663953634316
0.26349822995696215,0.4677967751911393
0.2963355246740669,0.4561552165798086
0.3291728193911716,0.4439395048002945
0.3620101141082763,0.43141960184925215
0.39484740882538105,0.4188280209120204
0.427684703542484,0.4063540930323101
0.4605219982595887,0.3941416631948917
0.49335929297669345,0.38228960607115087
0.5261965876937982,0.3708545328748301
0.5590338824109029,0.3598551179960745
0.5918711771280076,0.34927756018004186
0.6247084718451106,0.3390817766213471
0.6575457665622153,0.32920799616521634
0.69038306127932,0.31958347009042304
0.7232203559964248,0.31012906168811855
0.7560576507135295,0.30076551363081483
0.7888949454306342,0.2914192244583667
0.8217322401477372,0.282027387534377
0.8545695348648419,0.27254235234014235
0.8874068295819466,0.26293505841095727
0.9202441242990513,0.2531973740301681
0.9530814190161561,0.24334316036980622
0.9859187137332608,0.23340789654736538
1.0187560084503637,0.22344675901196578
1.0515933031674685,0.2135311572943911
1.0844305978845732,0.20374388068484572
1.117267892601678,0.19417318496362312
1.1501051873187826,0.18490631176457809
1.1829424820358874,0.17602304876841282
1.2157797767529903,0.16758997580687962
1.248617071470095,0.1596559835780551
1.2814543661871998,0.1522495010452424
1.3142916609043045,0.14537764762167005
1.3471289556214092,0.1390272750433315
1.379966250338514,0.13316762624608164
1.412803545055617,0.1277541560854727
1.4456408397727216,0.12273296041529036
1.4784781344898263,0.11804525659421218
1.511315429206931,0.11363144099528878
1.5441527239240358,0.10943439233781095
1.5769900186411387,0.10540185909870965
1.6098273133582435,0.10148792962234443
1.6426646080753482,0.09765370685669246
1.675501902792453,0.09386738065854379
1.7083391975095576,0.0901039085066671
1.7411764922266624,0.08634449164085911
1.7740137869437653,0.0825759865924969
1.80685108166087,0.07879034096587686
1.8396883763779748,0.0749841013334777
1.8725256710950795,0.07115801599616979
1.9053629658121842,0.06731674331844784
1.938200260529289,0.06346866879307027
1.971037555246392,0.05962582125736261
2.0038748499634966,0.055803854897209695
2.0367121446806014,0.052022030010548566
2.069549439397706,0.048303090661276464
2.102386734114811,0.04467291498977608
2.1352240288319155,0.041159817856568255
2.1680613235490185,0.03779342420975608
2.200898618266123,0.034603104208805496
2.233735912983228,0.03161605609425763
2.2665732077003327,0.02885521981354209
2.2994105024174374,0.026337279633544076
2.332247797134542,0.02407104640073992
2.365085091851645,0.02205648761372985
2.39792238656875,0.020284596433177076
2.4307596812858545,0.018738172334868165
2.4635969760029592,0.017393449093013068
2.496434270720064,0.01622237695281337
2.529271565437167,0.01519526961827349
2.5621088601542716,0.01428347964663478
2.5949461548713764,0.013461773715942742
2.627783449588481,0.012710136637771478
2.660620744305586,0.012014825857716661
2.6934580390226905,0.01136860782359634
2.7262953337397935,0.010770215121369879
2.759132628456898,0.0102231533014101
2.791969923174003,0.009734049152985185
2.8248072178911077,0.009310764310155177
2.8576445126082124,0.00896050118375046
2.890481807325317,0.00868810744137061
2.92331910204242,0.008494747210275645
2.956156396759525,0.00837705836570054
2.9889936914766295,0.00832686118513086
3.0218309861937342,0.008331428562204276
3.054668280910839,0.008374275208969488
3.0875055756279437,0.008436375729613123
3.1203428703450466,0.008497682018762444
3.1531801650621514,0.008538782156191239
3.186017459779256,0.008542528776984427
3.218854754496361,0.008495467101428922
3.2516920492134656,0.008388912416362807
3.2845293439305703,0.00821956291713622
3.3173666386476732,0.007989583358175432
3.350203933364778,0.0077061527624211965
3.3830412280818827,0.007380528853766456
3.4158785227989874,0.0070267356826943855
3.448715817516092,0.006660022413358813
3.481553112233195,0.006295265266803987
3.5143904069503,0.005945488288844057
3.5472277016674045,0.005620661684370049
3.5800649963845093,0.00532690125315324
3.612902291101614,0.005066143456153305
3.6457395858187187,0.004836313844782512
3.6785768805358217,0.004631948801918609
3.7114141752529264,0.004445178619238443
3.744251469970031,0.00426694003181897
3.777088764687136,0.0040882632362967825
3.8099260594042406,0.003901474934576411
3.8427633541213453,0.0037011754172840373
3.8756006488384482,0.003484881810542045
3.908437943555553,0.0032532765351918147
3.9412752382726577,0.0030100530490569668
3.9741125329897624,0.0027614024440173308
4.006949827706867,0.0025152271842195364
4.039787122423972,0.0022801965196789058
4.072624417141075,0.0020647687469622423
4.1054617118581795,0.0018762983521671806
4.138299006575284,0.0017203238247966276
4.171136301292389,0.0016000993753317464
4.203973596009494,0.0015163968252365572
4.2368108907265984,0.0014675684365580695
4.269648185443701,0.001449832269894126
4.302485480160806,0.0014577219947049453
4.335322774877911,0.0014846341733423087
4.368160069595016,0.0015234072997054049
4.40099736431212,0.0015668762200692677
4.433834659029225,0.0016083599943130776
4.466671953746328,0.0016420574559619097
4.499509248463433,0.001663339669137459
4.532346543180537,0.0016689399115573365
4.565183837897642,0.001657048598760273
4.598021132614747,0.0016273227893397139
4.63085842733185,0.0015808187387819385
4.6636957220489546,0.0015198532805458039
4.696533016766059,0.0014477976838502596
4.729370311483164,0.0013688077869316094
4.762207606200269,0.0012874975369441437
4.7950449009173735,0.0012085694288344524
4.827882195634476,0.0011364235369423347
4.860719490351581,0.0010747749351871527
4.893556785068686,0.0010263150786402827
4.926394079785791,0.0009924541898895718
4.959231374502895,0.0009731775965522187
4.99206866922,0.0009670390810121021
5.024905963937103,0.0009712995588751586
5.057743258654208,0.0009822017603269087
5.090580553371312,0.0009953537254177639
5.123417848088417,0.0010061787695307305
5.156255142805522,0.0010103797786644197
5.189092437522627,0.0010043631166822384
5.22192973223973,0.0009855727502598537
5.254767026956834,0.0009526977396556273
5.287604321673939,0.0009057340337374104
5.320441616391044,0.00084590162725714
5.3532789111081485,0.0007754372699478082
5.386116205825253,0.0006972979893916275
5.418953500542356,0.0006148194728336285
5.451790795259461,0.0005313748660833621
5.484628089976566,0.000450074184543841
5.51746538469367,0.0003735338861314958
5.550302679410775,0.00030373260121910534
5.58313997412788,0.00024195515272192985
5.615977268844983,0.00018881512271985883
5.648814563562087,0.00014433791051448816
5.681651858279192,0.000108082155043102
5.714489152996297,7.927736080307926e-05
5.747326447713402,5.6958702505074524e-05
5.780163742430505,4.008506047952523e-05
5.813001037147609,2.7632081837302023e-05
5.845838331864714,1.8657403161559903e-05
5.878675626581819,1.2339394251767661e-05
5.9115129212989235,7.99356477201212e-06
5.944350216016028,5.0721306738239436e-06
5.977187510733133,3.1524131160529245e-06
6.010024805450238,1.919102653480433e-06
6.042862100167342,1.144340881969569e-06
6.0756993948844435,6.683663310224054e-07
6.108536689601548,3.823627067454362e-07
6.141373984318653,2.142585742337645e-07
6.174211279035758,1.1759870754165288e-07
6.207048573752862,6.322203855852173e-08
