FTSE_return_percent,DAX_conditional_mean
-1.5717657162643799,-1.7757592040818704
-1.5502041049564983,-1.7148255275864492
-1.5286424936486167,-1.6526512786874696
-1.5070808823407353,-1.5903470489480085
-1.4855192710328537,-1.5289464490247753
-1.4639576597249722,-1.4693754394643586
-1.4423960484170906,-1.4124158364312558
-1.420834437109209,-1.3586696780232281
-1.3992728258013276,-1.308533168841879
-1.377711214493446,-1.2621878696463518
-1.3561496031855644,-1.2196128926971113
-1.3345879918776828,-1.1806165572140437
-1.3130263805698013,-1.1448813096157262
-1.2914647692619199,-1.1120133512248853
-1.2699031579540383,-1.0815888095754576
-1.2483415466461567,-1.0531907327087386
-1.2267799353382751,-1.026434392572082
-1.2052183240303935,-1.0009811929361245
-1.1836567127225122,-0.9765432639059529
-1.1620951014146306,-0.9528815229835012
-1.140533490106749,-0.9297998743738146
-1.1189718787988674,-0.9071376894315358
-1.0974102674909858,-0.8847620846159346
-1.0758486561831044,-0.8625609830870906
-1.0542870448752228,-0.8404375808100347
-1.0327254335673413,-0.8183066165723368
-1.0111638222594599,-0.7960926995690459
-0.9896022109515782,-0.7737308020322459
-0.9680405996436966,-0.7511688238683217
-0.9464789883358151,-0.7283718683383361
-0.9249173770279335,-0.7053275645043451
-0.903355765720052,-0.6820514998766762
-0.8817941544121705,-0.6585916639110455
-0.8602325431042889,-0.6350308136777051
-0.8386709317964074,-0.6114858843625275
-0.8171093204885258,-0.5881039584162286
-0.7955477091806443,-0.5650548115593977
-0.7739860978727627,-0.5425205740518706
-0.7524244865648811,-0.5206834772034671
-0.7308628752569997,-0.49971291363045456
-0.7093012639491181,-0.47975308369193986
-0.6877396526412366,-0.4609123420484807
-0.666178041333355,-0.44325505744975535
-0.6446164300254734,-0.4267964424275478
-0.6230548187175919,-0.4115004820784454
-0.6014932074097104,-0.39728084919718787
-0.5799315961018289,-0.38400455181266874
-0.5583699847939474,-0.371497994387664
-0.5368083734860658,-0.35955509733064034
-0.5152467621781842,-0.3479470619270832
-0.4936851508703026,-0.33643326247149236
-0.47212353956242104,-0.32477260486463366
-0.45056192825453967,-0.3127345596097397
-0.4290003169466581,-0.30010902559590175
-0.4074387056387765,-0.2867142673303226
-0.3858770943308949,-0.2724024090398802
-0.3643154830230133,-0.2570623252356436
-0.34275387171513194,-0.240620155698708
-0.32119226040725035,-0.22303799853368098
-0.29963064909936876,-0.20431152735565197
-0.2780690377914872,-0.18446731221516838
-0.2565074264836056,-0.16356051542230315
-0.23494581517572422,-0.1416734228517286
-0.21338420386784263,-0.11891499867918334
-0.19182259255996104,-0.09542134385331577
-0.17026098125207945,-0.07135661169045047
-0.14869936994419786,-0.046913607304855956
-0.1271377586363165,-0.022313015651840986
-0.1055761473284349,0.0021999488092621527
-0.08401453602055331,0.02636257756403481
-0.06245292471267172,0.04990602434063115
-0.04089131340479013,0.07257073765809588
-0.019329702096908763,0.09412456388165681
0.0022319092109728267,0.11438100414788556
0.023793520518854416,0.13321449885149728
0.045355131826736006,0.15056986861330057
0.0669167431346176,0.16646420618108643
0.08847835444249896,0.18098122766954303
0.11003996575038055,0.19425973513108552
0.13160157705826214,0.2064788521952243
0.15316318836614373,0.21784282981374473
0.17472479967402532,0.2285676200955549
0.1962864109819067,0.23887045381286642
0.21784802228978828,0.24896271221060354
0.23940963359766987,0.2590456942425504
0.26097124490555146,0.26930850855941496
0.28253285621343305,0.27992720546335187
0.3040944675213144,0.29106430390570837
0.325656078829196,0.3028679756445785
0.3472176901370776,0.315470281851261
0.3687793014449592,0.3289840232642612
0.3903409127528408,0.34349800153239834
0.41190252406072214,0.3590708389408862
0.43346413536860373,0.3757239773241355
0.4550257466764851,0.3934350172042844
0.4765873579843669,0.4121330158961122
0.4981489692922483,0.4316975151968333
0.5197105806001301,0.45196270012982753
0.5412721919080115,0.4727271294340704
0.5628338032158928,0.493768120596339
0.5843954145237746,0.5148585733291704
0.605957025831656,0.5357833075319199
0.6275186371395378,0.5563521949074778
0.6490802484474192,0.576408389594604
0.6706418597553006,0.5958313652907848
0.6922034710631824,0.6145356976072751
0.7137650823710637,0.6324672228463044
0.7353266936789455,0.6495982893766834
0.7568883049868269,0.665923459716425
0.7784499162947083,0.6814564633576103
0.8000115276025901,0.6962286367816127
0.8215731389104715,0.7102886171072266
0.8431347502183533,0.7237027050045758
0.8646963615262346,0.7365550841608285
0.886257972834116,0.7489470023142789
0.9078195841419978,0.7609941353338652
0.9293811954498792,0.772821717421724
0.950942806757761,0.7845576025834712
0.9725044180656424,0.7963240801235387
0.9940660293735237,0.8082297583584136
1.0156276406814055,0.8203629310906603
1.037189251989287,0.8327874840048474
1.0587508632971687,0.8455417340714173
1.08031247460505,0.8586399117686212
1.1018740859129315,0.8720755523665398
1.1234356972208133,0.8858259621642205
1.1449973085286946,0.8998571035689124
1.1665589198365764,0.9141285445641222
1.1881205311444578,0.9285983937555167
1.2096821424523392,0.9432283024587587
1.231243753760221,0.9579886387079608
1.2528053650681024,0.9728638518038448
1.2743669763759842,0.9878579020973283
1.2959285876838655,1.0029994872083097
1.317490198991747,1.0183467031798432
1.3390518102996287,1.0339907685200878
1.36061342160751,1.050058514756463
1.382175032915392,1.0667134840189423
1.4037366442232733,1.0841556257723066
1.4252982555311546,1.1026196985400316
1.4468598668390364,1.1223725168120866
1.4684214781469178,1.143709119504107
1.4899830894547996,1.1669477802666346
1.511544700762681,1.192423556311733
1.5331063120705624,1.2204798161785486
1.5546679233784442,1.251456938258504
1.5762295346863255,1.2856771787553432
1.5977911459942074,1.3234246351047594
1.6193527573020887,1.3649193749007713
1.6409143686099703,1.4102852993086439
