u,uniform,Epanechnikov,Gaussian
-1.5,0.0,0.0,0.12951759566589174
-1.495,0.0,0.0,0.13049099829189736
-1.49,0.0,0.0,0.13146842987223106
-1.485,0.0,0.0,0.13244987153142793
-1.48,0.0,0.0,0.13343530395100234
-1.475,0.0,0.0,0.13442470736807907
-1.47,0.0,0.0,0.1354180615740713
-1.465,0.0,0.0,0.13641534591340346
-1.46,0.0,0.0,0.13741653928228179
-1.455,0.0,0.0,0.13842162012751114
-1.45,0.0,0.0,0.13943056644536028
-1.445,0.0,0.0,0.14044335578047473
-1.44,0.0,0.0,0.1414599652248388
-1.435,0.0,0.0,0.1424803714167865
-1.43,0.0,0.0,0.14350455054006242
-1.425,0.0,0.0,0.1445324783229329
-1.42,0.0,0.0,0.1455641300373476
-1.415,0.0,0.0,0.14659948049815277
-1.41,0.0,0.0,0.14763850406235574
-1.405,0.0,0.0,0.14868117462844202
-1.4,0.0,0.0,0.14972746563574488
-1.395,0.0,0.0,0.15077735006386792
-1.39,0.0,0.0,0.1518308004321617
-1.385,0.0,0.0,0.15288778879925372
-1.38,0.0,0.0,0.15394828676263372
-1.375,0.0,0.0,0.15501226545829322
-1.37,0.0,0.0,0.15607969556042084
-1.365,0.0,0.0,0.15715054728115344
-1.3599999999999999,0.0,0.0,0.1582247903703831
-1.355,0.0,0.0,0.1593023941156212
-1.35,0.0,0.0,0.1603833273419196
-1.345,0.0,0.0,0.16146755841184876
-1.34,0.0,0.0,0.16255505522553412
-1.335,0.0,0.0,0.16364578522075088
-1.33,0.0,0.0,0.1647397153730768
-1.325,0.0,0.0,0.16583681219610472
-1.32,0.0,0.0,0.1669370417417138
-1.315,0.0,0.0,0.1680403696004011
-1.31,0.0,0.0,0.1691467609016724
-1.305,0.0,0.0,0.17025618031449458
-1.3,0.0,0.0,0.17136859204780736
-1.295,0.0,0.0,0.1724839598510975
-1.29,0.0,0.0,0.173602247015033
-1.285,0.0,0.0,0.17472341637216032
-1.28,0.0,0.0,0.17584743029766237
-1.275,0.0,0.0,0.17697425071017972
-1.27,0.0,0.0,0.1781038390726936
-1.265,0.0,0.0,0.17923615639347232
-1.26,0.0,0.0,0.18037116322708033
-1.255,0.0,0.0,0.18150881967545088
-1.25,0.0,0.0,0.18264908538902191
-1.245,0.0,0.0,0.18379191956793625
-1.24,0.0,0.0,0.1849372809633053
-1.2349999999999999,0.0,0.0,0.18608512787853726
-1.23,0.0,0.0,0.18723541817072956
-1.225,0.0,0.0,0.18838810925212632
-1.22,0.0,0.0,0.18954315809164027
-1.2149999999999999,0.0,0.0,0.19070052121643938
-1.21,0.0,0.0,0.1918601547135994
-1.205,0.0,0.0,0.19302201423182105
-1.2,0.0,0.0,0.19418605498321298
-1.195,0.0,0.0,0.1953522317451398
-1.19,0.0,0.0,0.19652049886213654
-1.185,0.0,0.0,0.1976908102478883
-1.18,0.0,0.0,0.1988631193872759
-1.175,0.0,0.0,0.20003737933848775
-1.17,0.0,0.0,0.2012135427351974
-1.165,0.0,0.0,0.20239156178880738
-1.16,0.0,0.0,0.20357138829075944
-1.155,0.0,0.0,0.2047529736149104
-1.15,0.0,0.0,0.20593626871997478
-1.145,0.0,0.0,0.20712122415203338
-1.1400000000000001,0.0,0.0,0.2083077900471083
-1.135,0.0,0.0,0.20949591613380422
-1.13,0.0,0.0,0.21068555173601533
-1.125,0.0,0.0,0.21187664577569948
-1.12,0.0,0.0,0.21306914677571784
-1.115,0.0,0.0,0.2142630028627408
-1.1099999999999999,0.0,0.0,0.21545816177021973
-1.105,0.0,0.0,0.21665457084142514
-1.1,0.0,0.0,0.21785217703255055
-1.095,0.0,0.0,0.219050926915882
-1.0899999999999999,0.0,0.0,0.22025076668303337
-1.085,0.0,0.0,0.22145164214824717
-1.08,0.0,0.0,0.22265349875176116
-1.075,0.0,0.0,0.2238562815632395
-1.07,0.0,0.0,0.22505993528526969
-1.065,0.0,0.0,0.22626440425692396
-1.06,0.0,0.0,0.2274696324573859
-1.055,0.0,0.0,0.22867556350964122
-1.05,0.0,0.0,0.22988214068423302
-1.045,0.0,0.0,0.23108930690308138
-1.04,0.0,0.0,0.2322970047433662
-1.035,0.0,0.0,0.23350517644147484
-1.03,0.0,0.0,0.23471376389701185
-1.025,0.0,0.0,0.23592270867687257
-1.02,0.0,0.0,0.23713195201937962
-1.0150000000000001,0.0,0.0,0.23834143483848136
-1.01,0.0,0.0,0.23955109772801336
-1.005,0.0,0.0,0.24076088096602083
-1.0,0.5,0.0,0.24197072451914337
-0.995,0.5,0.007481249999999967,0.2431805680470608
-0.99,0.5,0.014925000000000022,0.2443903509069996
-0.985,0.5,0.022331249999999997,0.24560001215829985
-0.98,0.5,0.02970000000000006,0.24680949056704274
-0.975,0.5,0.03703125000000004,0.24801872461073715
-0.97,0.5,0.04432500000000003,0.24922765248306594
-0.965,0.5,0.05158125000000002,0.2504362120986911
-0.96,0.5,0.05880000000000002,0.2516443410981171
-0.955,0.5,0.06598125000000002,0.25285197685261257
-0.95,0.5,0.07312500000000002,0.254059056469189
-0.945,0.5,0.08023125000000003,0.25526551679563736
-0.94,0.5,0.08730000000000004,0.25647129442562033
-0.9349999999999999,0.5,0.09433125000000006,0.2576763257038214
-0.9299999999999999,0.5,0.10132500000000008,0.25888054673114885
-0.9249999999999999,0.5,0.1082812500000001,0.2600838933699957
-0.92,0.5,0.11519999999999997,0.26128630124955315
-0.915,0.5,0.12208124999999992,0.26248770577117886
-0.91,0.5,0.12892499999999996,0.2636880421138182
-0.905,0.5,0.13573125,0.26488724523947826
-0.9,0.5,0.14249999999999996,0.2660852498987548
-0.895,0.5,0.14923125,0.26728199063641017
-0.89,0.5,0.15592499999999998,0.2684774017970024
-0.885,0.5,0.16258124999999995,0.26967141753056534
-0.88,0.5,0.16920000000000002,0.27086397179833804
-0.875,0.5,0.17578125,0.2720549983785435
-0.87,0.5,0.182325,0.2732444308722162
-0.865,0.5,0.18883124999999998,0.27443220270907726
-0.86,0.5,0.19530000000000006,0.27561824715345673
-0.855,0.5,0.20173125000000006,0.27680249731026274
-0.85,0.5,0.20812500000000006,0.2779848861309965
-0.845,0.5,0.21448125000000007,0.279165346419812
-0.84,0.5,0.22080000000000008,0.2803438108396206
-0.835,0.5,0.22708125,0.28152021191823895
-0.83,0.5,0.23332500000000003,0.28269448205458025
-0.825,0.5,0.23953125000000006,0.2838665535248873
-0.82,0.5,0.24570000000000008,0.28503635848900727
-0.815,0.5,0.25183125000000006,0.286203828996707
-0.8099999999999999,0.5,0.25792500000000007,0.28736889699402834
-0.8049999999999999,0.5,0.2639812500000001,0.28853149432968256
-0.7999999999999999,0.5,0.2700000000000001,0.2896915527614828
-0.795,0.5,0.27598124999999996,0.2908490039628143
-0.79,0.5,0.2819249999999999,0.2920037795291414
-0.785,0.5,0.28783125,0.29315581098455007
-0.78,0.5,0.29369999999999996,0.2943050297883251
-0.775,0.5,0.2995312499999999,0.29545136734156296
-0.77,0.5,0.305325,0.2965947549938157
-0.765,0.5,0.31108125,0.2977351240497695
-0.76,0.5,0.31679999999999997,0.29887240577595275
-0.755,0.5,0.32248125,0.3000065314074768
-0.75,0.5,0.328125,0.30113743215480443
-0.745,0.5,0.33373125000000003,0.302265039210549
-0.74,0.5,0.33930000000000005,0.30338928375630014
-0.735,0.5,0.34483125000000003,0.3045100969694775
-0.73,0.5,0.35032500000000005,0.30562741003020993
-0.725,0.5,0.35578125,0.30674115412824
-0.72,0.5,0.3612,0.30785126046985295
-0.715,0.5,0.3665812500000001,0.30895766028482874
-0.71,0.5,0.371925,0.31006028483341613
-0.705,0.5,0.37723125,0.3111590654133289
-0.7,0.5,0.3825,0.31225393336676127
-0.695,0.5,0.3877312500000001,0.3133448200874239
-0.69,0.5,0.392925,0.31443165702759734
-0.6849999999999999,0.5,0.39808125,0.31551437570520335
-0.6799999999999999,0.5,0.40320000000000006,0.3165929077108928
-0.6749999999999999,0.5,0.40828125000000004,0.31766718471514827
-0.6699999999999999,0.5,0.4133250000000001,0.3187371384754016
-0.665,0.5,0.41833124999999993,0.3198027008431647
-0.66,0.5,0.4233,0.3208638037711725
-0.655,0.5,0.42823125,0.3219203793205376
-0.65,0.5,0.4331249999999999,0.3229723596679143
-0.645,0.5,0.43798124999999993,0.3240196771126731
-0.64,0.5,0.4428,0.3250622640840822
-0.635,0.5,0.44758125000000004,0.3261000531484968
-0.63,0.5,0.452325,0.3271329770165545
-0.625,0.5,0.45703125,0.3281609685503751
-0.62,0.5,0.46169999999999994,0.3291839607707648
-0.615,0.5,0.46633125,0.3302018868644235
-0.61,0.5,0.47092500000000004,0.33121468019115297
-0.605,0.5,0.47548124999999997,0.3322222742910669
-0.6,0.5,0.48,0.33322460289179967
-0.595,0.5,0.48448125,0.334221599915714
-0.59,0.5,0.48892500000000005,0.33521319948710615
-0.585,0.5,0.49333125,0.3361993359394074
-0.58,0.5,0.4977,0.3371799438223806
-0.575,0.5,0.50203125,0.33815495790931144
-0.57,0.5,0.506325,0.33912431320419223
-0.565,0.5,0.5105812500000001,0.34008794494889777
-0.5599999999999999,0.5,0.5148000000000001,0.34104578863035256
-0.5549999999999999,0.5,0.51898125,0.34199777998768727
-0.5499999999999999,0.5,0.5231250000000001,0.34294385501938396
-0.5449999999999999,0.5,0.52723125,0.3438839499904092
-0.54,0.5,0.5312999999999999,0.3448180014393334
-0.535,0.5,0.53533125,0.3457459461854354
-0.53,0.5,0.5393249999999999,0.34666772133579166
-0.525,0.5,0.5432812499999999,0.3475832642923481
-0.52,0.5,0.5472,0.3484925127589745
-0.515,0.5,0.55108125,0.34939540474849967
-0.51,0.5,0.554925,0.3502918785897258
-0.505,0.5,0.5587312499999999,0.351181872934423
-0.5,0.5,0.5625,0.3520653267642995
-0.4949999999999999,0.5,0.5662312500000002,0.3529421793979503
-0.49,0.5,0.569925,0.3538123704977797
-0.4849999999999999,0.5,0.57358125,0.354675840076899
-0.48,0.5,0.5772,0.3555325285059971
-0.4750000000000001,0.5,0.5807812499999999,0.3563823765201833
-0.47,0.5,0.584325,0.35722532522580086
-0.4650000000000001,0.5,0.5878312499999999,0.3580613161072108
-0.45999999999999996,0.5,0.5912999999999999,0.35889029103354464
-0.45500000000000007,0.5,0.5947312499999999,0.35971219226542395
-0.44999999999999996,0.5,0.598125,0.36052696246164795
-0.44500000000000006,0.5,0.60148125,0.3613345446858455
-0.43999999999999995,0.5,0.6048,0.3621348824130922
-0.43500000000000005,0.5,0.6080812499999999,0.36292791953649073
-0.42999999999999994,0.5,0.611325,0.3637136003737134
-0.42500000000000004,0.5,0.61453125,0.3644918696735065
-0.41999999999999993,0.5,0.6177000000000001,0.3652626726221539
-0.41500000000000004,0.5,0.62083125,0.36602595484990114
-0.4099999999999999,0.5,0.6239250000000001,0.3667816624373361
-0.405,0.5,0.6269812499999999,0.36752974192172844
-0.3999999999999999,0.5,0.6300000000000001,0.3682701403033234
-0.395,0.5,0.6329812499999999,0.36900280505159144
-0.3899999999999999,0.5,0.6359250000000001,0.36972768411143236
-0.385,0.5,0.63883125,0.37044472590933103
-0.3799999999999999,0.5,0.6417000000000002,0.3711538793594661
-0.375,0.5,0.64453125,0.37185509386976895
-0.3699999999999999,0.5,0.647325,0.3725483193479334
-0.365,0.5,0.65008125,0.3732335062073733
-0.3599999999999999,0.5,0.6528,0.3739106053731284
-0.355,0.5,0.65548125,0.3745795682877177
-0.34999999999999987,0.5,0.6581250000000001,0.3752403469169379
-0.345,0.5,0.66073125,0.3758928937556074
-0.3400000000000001,0.5,0.6633,0.376537161833254
-0.33499999999999996,0.5,0.66583125,0.37717310471974586
-0.33000000000000007,0.5,0.6683250000000001,0.37780067653086463
-0.32499999999999996,0.5,0.67078125,0.3784198319338195
-0.32000000000000006,0.5,0.6732,0.3790305261527017
-0.31499999999999995,0.5,0.67558125,0.37963271497387846
-0.31000000000000005,0.5,0.6779249999999999,0.38022635475132494
-0.30499999999999994,0.5,0.6802312500000001,0.3808114024118944
-0.30000000000000004,0.5,0.6824999999999999,0.3813878154605241
-0.29499999999999993,0.5,0.68473125,0.38195555198537817
-0.29000000000000004,0.5,0.686925,0.38251457066292405
-0.2849999999999999,0.5,0.68908125,0.38306483076294384
-0.28,0.5,0.6912,0.3836062921534786
-0.2749999999999999,0.5,0.6932812500000001,0.3841389153057048
-0.27,0.5,0.695325,0.3846626612987428
-0.2649999999999999,0.5,0.69733125,0.38517749182439526
-0.26,0.5,0.6993,0.3856833691918161
-0.2549999999999999,0.5,0.7012312500000001,0.3861802563321081
-0.25,0.5,0.703125,0.3866681168028493
-0.24499999999999988,0.5,0.70498125,0.38714691479254604
-0.24,0.5,0.7068,0.38761661512501416
-0.23499999999999988,0.5,0.70858125,0.3880771832636847
-0.22999999999999998,0.5,0.7103250000000001,0.3885285853158359
-0.22499999999999987,0.5,0.7120312500000001,0.38897078803674945
-0.21999999999999997,0.5,0.7137,0.38940375883379047
-0.21500000000000008,0.5,0.71533125,0.38982746577041066
-0.20999999999999996,0.5,0.716925,0.39024187757007434
-0.20500000000000007,0.5,0.71848125,0.3906469636201053
-0.19999999999999996,0.5,0.72,0.39104269397545594
-0.19500000000000006,0.5,0.7214812500000001,0.39142903936239587
-0.18999999999999995,0.5,0.722925,0.3918059711821211
-0.18500000000000005,0.5,0.72433125,0.39217346151428173
-0.17999999999999994,0.5,0.7257,0.3925314831204289
-0.17500000000000004,0.5,0.72703125,0.39288000944737933
-0.16999999999999993,0.5,0.7283250000000001,0.3932190146304972
-0.16500000000000004,0.5,0.72958125,0.39354847349689354
-0.15999999999999992,0.5,0.7308,0.3938683615685408
-0.15500000000000003,0.5,0.73198125,0.39417865506530453
-0.1499999999999999,0.5,0.733125,0.39447933090788895
-0.14500000000000002,0.5,0.73423125,0.39477036672069815
-0.1399999999999999,0.5,0.7353000000000001,0.39505174083461125
-0.135,0.5,0.73633125,0.3953234322896713
-0.1299999999999999,0.5,0.737325,0.3955854208376874
-0.125,0.5,0.73828125,0.3958376869447495
-0.11999999999999988,0.5,0.7392000000000001,0.3960802117936561
-0.11499999999999999,0.5,0.74008125,0.3963129772862533
-0.10999999999999988,0.5,0.7409250000000001,0.39653596604568586
-0.10499999999999998,0.5,0.7417312500000001,0.39674916141855904
-0.09999999999999987,0.5,0.7424999999999999,0.3969525474770118
-0.09499999999999997,0.5,0.74323125,0.3971461090206997
-0.09000000000000008,0.5,0.743925,0.39732983157868834
-0.08499999999999996,0.5,0.74458125,0.39750370141125657
-0.08000000000000007,0.5,0.7452000000000001,0.3976677055116089
-0.07499999999999996,0.5,0.7457812500000001,0.3978218316074972
-0.07000000000000006,0.5,0.746325,0.39796606816275104
-0.06499999999999995,0.5,0.74683125,0.3981004043787173
-0.06000000000000005,0.5,0.7473,0.39822483019560695
-0.05499999999999994,0.5,0.7477312500000001,0.39833933629375107
-0.050000000000000044,0.5,0.7481249999999999,0.39844391409476404
-0.04499999999999993,0.5,0.74848125,0.3985385557626147
-0.040000000000000036,0.5,0.7487999999999999,0.39862325420460504
-0.03499999999999992,0.5,0.7490812499999999,0.3986980030722557
-0.030000000000000027,0.5,0.749325,0.39876279676209975
-0.02499999999999991,0.5,0.74953125,0.39881763041638185
-0.020000000000000018,0.5,0.7497,0.3988624999236661
-0.014999999999999902,0.5,0.74983125,0.3988974019193495
-0.010000000000000009,0.5,0.749925,0.39892233378608216
-0.004999999999999893,0.5,0.7499812499999999,0.3989372936540949
0.0,0.5,0.75,0.3989422804014327
0.0050000000000001155,0.5,0.7499812499999999,0.3989372936540949
0.010000000000000009,0.5,0.749925,0.39892233378608216
0.015000000000000124,0.5,0.74983125,0.3988974019193495
0.020000000000000018,0.5,0.7497,0.3988624999236661
0.025000000000000133,0.5,0.74953125,0.39881763041638185
0.030000000000000027,0.5,0.749325,0.39876279676209975
0.03500000000000014,0.5,0.7490812499999999,0.3986980030722557
0.040000000000000036,0.5,0.7487999999999999,0.39862325420460504
0.04499999999999993,0.5,0.74848125,0.3985385557626147
0.050000000000000044,0.5,0.7481249999999999,0.39844391409476404
0.05499999999999994,0.5,0.7477312500000001,0.39833933629375107
0.06000000000000005,0.5,0.7473,0.39822483019560695
0.06499999999999995,0.5,0.74683125,0.3981004043787173
0.07000000000000006,0.5,0.746325,0.39796606816275104
0.07499999999999996,0.5,0.7457812500000001,0.3978218316074972
0.08000000000000007,0.5,0.7452000000000001,0.3976677055116089
0.08499999999999996,0.5,0.74458125,0.39750370141125657
0.09000000000000008,0.5,0.743925,0.39732983157868834
0.09499999999999997,0.5,0.74323125,0.3971461090206997
0.10000000000000009,0.5,0.7424999999999999,0.3969525474770118
0.10499999999999998,0.5,0.7417312500000001,0.39674916141855904
0.1100000000000001,0.5,0.7409250000000001,0.3965359660456858
0.11499999999999999,0.5,0.74008125,0.3963129772862533
0.1200000000000001,0.5,0.7392,0.3960802117936561
0.125,0.5,0.73828125,0.3958376869447495
0.13000000000000012,0.5,0.737325,0.3955854208376874
0.135,0.5,0.73633125,0.3953234322896713
0.14000000000000012,0.5,0.7353,0.39505174083461125
0.14500000000000002,0.5,0.73423125,0.39477036672069815
0.15000000000000013,0.5,0.7331249999999999,0.3944793309078889
0.15500000000000003,0.5,0.73198125,0.39417865506530453
0.16000000000000014,0.5,0.7307999999999999,0.3938683615685408
0.16500000000000004,0.5,0.72958125,0.39354847349689354
0.16999999999999993,0.5,0.7283250000000001,0.3932190146304972
0.17500000000000004,0.5,0.72703125,0.39288000944737933
0.17999999999999994,0.5,0.7257,0.3925314831204289
0.18500000000000005,0.5,0.72433125,0.39217346151428173
0.18999999999999995,0.5,0.722925,0.3918059711821211
0.19500000000000006,0.5,0.7214812500000001,0.39142903936239587
0.19999999999999996,0.5,0.72,0.39104269397545594
0.20500000000000007,0.5,0.71848125,0.3906469636201053
0.20999999999999996,0.5,0.716925,0.39024187757007434
0.21500000000000008,0.5,0.71533125,0.38982746577041066
0.21999999999999997,0.5,0.7137,0.38940375883379047
0.2250000000000001,0.5,0.71203125,0.38897078803674945
0.22999999999999998,0.5,0.7103250000000001,0.3885285853158359
0.2350000000000001,0.5,0.7085812499999999,0.3880771832636847
0.24,0.5,0.7068,0.38761661512501416
0.2450000000000001,0.5,0.70498125,0.38714691479254604
0.25,0.5,0.703125,0.3866681168028493
0.2550000000000001,0.5,0.70123125,0.3861802563321081
0.26,0.5,0.6993,0.3856833691918161
0.2650000000000001,0.5,0.69733125,0.38517749182439526
0.27,0.5,0.695325,0.3846626612987428
0.27500000000000013,0.5,0.69328125,0.3841389153057048
0.28,0.5,0.6912,0.3836062921534786
0.28500000000000014,0.5,0.6890812499999999,0.3830648307629438
0.29000000000000004,0.5,0.686925,0.38251457066292405
0.29499999999999993,0.5,0.68473125,0.38195555198537817
0.30000000000000004,0.5,0.6824999999999999,0.3813878154605241
0.30499999999999994,0.5,0.6802312500000001,0.3808114024118944
0.31000000000000005,0.5,0.6779249999999999,0.38022635475132494
0.31499999999999995,0.5,0.67558125,0.37963271497387846
0.32000000000000006,0.5,0.6732,0.3790305261527017
0.32499999999999996,0.5,0.67078125,0.3784198319338195
0.33000000000000007,0.5,0.6683250000000001,0.37780067653086463
0.33499999999999996,0.5,0.66583125,0.37717310471974586
0.3400000000000001,0.5,0.6633,0.376537161833254
0.345,0.5,0.66073125,0.3758928937556074
0.3500000000000001,0.5,0.658125,0.3752403469169379
0.355,0.5,0.65548125,0.3745795682877177
0.3600000000000001,0.5,0.6527999999999999,0.37391060537312837
0.365,0.5,0.65008125,0.3732335062073733
0.3700000000000001,0.5,0.6473249999999999,0.3725483193479334
0.375,0.5,0.64453125,0.37185509386976895
0.3800000000000001,0.5,0.6416999999999999,0.37115387935946603
0.385,0.5,0.63883125,0.37044472590933103
0.3900000000000001,0.5,0.6359249999999999,0.36972768411143236
0.395,0.5,0.6329812499999999,0.36900280505159144
0.40000000000000013,0.5,0.6299999999999999,0.36827014030332333
0.405,0.5,0.6269812499999999,0.36752974192172844
0.41000000000000014,0.5,0.6239249999999998,0.3667816624373361
0.41500000000000004,0.5,0.62083125,0.36602595484990114
0.41999999999999993,0.5,0.6177000000000001,0.3652626726221539
0.42500000000000004,0.5,0.61453125,0.3644918696735065
0.42999999999999994,0.5,0.611325,0.3637136003737134
0.43500000000000005,0.5,0.6080812499999999,0.36292791953649073
0.43999999999999995,0.5,0.6048,0.3621348824130922
0.44500000000000006,0.5,0.60148125,0.3613345446858455
0.44999999999999996,0.5,0.598125,0.36052696246164795
0.45500000000000007,0.5,0.5947312499999999,0.35971219226542395
0.45999999999999996,0.5,0.5912999999999999,0.35889029103354464
0.4650000000000001,0.5,0.5878312499999999,0.3580613161072108
0.47,0.5,0.584325,0.35722532522580086
0.4750000000000001,0.5,0.5807812499999999,0.3563823765201833
0.48,0.5,0.5772,0.3555325285059971
0.4850000000000001,0.5,0.5735812499999999,0.354675840076899
0.49,0.5,0.569925,0.3538123704977797
0.4950000000000001,0.5,0.56623125,0.3529421793979503
0.5,0.5,0.5625,0.3520653267642995
0.5049999999999999,0.5,0.5587312500000001,0.351181872934423
0.5100000000000002,0.5,0.5549249999999999,0.35029187858972577
0.5150000000000001,0.5,0.5510812499999999,0.3493954047484996
0.52,0.5,0.5472,0.3484925127589745
0.5249999999999999,0.5,0.54328125,0.3475832642923481
0.5300000000000002,0.5,0.5393249999999998,0.3466677213357916
0.5350000000000001,0.5,0.5353312499999998,0.34574594618543536
0.54,0.5,0.5312999999999999,0.3448180014393334
0.5449999999999999,0.5,0.52723125,0.3438839499904092
0.5499999999999998,0.5,0.5231250000000002,0.34294385501938396
0.5550000000000002,0.5,0.5189812499999998,0.3419977799876872
0.56,0.5,0.5147999999999999,0.34104578863035256
0.565,0.5,0.5105812500000001,0.34008794494889777
0.5699999999999998,0.5,0.5063250000000001,0.33912431320419223
0.5750000000000002,0.5,0.5020312499999999,0.3381549579093114
0.5800000000000001,0.5,0.4977,0.33717994382238053
0.585,0.5,0.49333125,0.3361993359394074
0.5899999999999999,0.5,0.4889250000000001,0.33521319948710615
0.5950000000000002,0.5,0.4844812499999998,0.33422159991571393
0.6000000000000001,0.5,0.4799999999999999,0.33322460289179967
0.605,0.5,0.47548124999999997,0.3322222742910669
0.6099999999999999,0.5,0.4709250000000001,0.33121468019115297
0.6150000000000002,0.5,0.4663312499999998,0.3302018868644234
0.6200000000000001,0.5,0.46169999999999994,0.3291839607707648
0.625,0.5,0.45703125,0.3281609685503751
0.6299999999999999,0.5,0.45232500000000014,0.3271329770165545
0.6350000000000002,0.5,0.4475812499999998,0.32610005314849677
0.6400000000000001,0.5,0.44279999999999986,0.3250622640840821
0.645,0.5,0.43798124999999993,0.3240196771126731
0.6499999999999999,0.5,0.4331250000000001,0.3229723596679144
0.6550000000000002,0.5,0.42823124999999973,0.3219203793205375
0.6600000000000001,0.5,0.42329999999999984,0.32086380377117246
0.665,0.5,0.41833124999999993,0.3198027008431647
0.6699999999999999,0.5,0.4133250000000001,0.3187371384754016
0.6750000000000003,0.5,0.4082812499999997,0.3176671847151482
0.6800000000000002,0.5,0.4031999999999999,0.31659290771089277
0.685,0.5,0.39808125,0.31551437570520335
0.69,0.5,0.392925,0.31443165702759734
0.6949999999999998,0.5,0.38773125000000014,0.3133448200874239
0.7000000000000002,0.5,0.38249999999999984,0.3122539333667612
0.7050000000000001,0.5,0.37723124999999996,0.3111590654133289
0.71,0.5,0.371925,0.31006028483341613
0.7149999999999999,0.5,0.36658125000000014,0.30895766028482874
0.7200000000000002,0.5,0.36119999999999974,0.30785126046985295
0.7250000000000001,0.5,0.35578124999999994,0.30674115412824
0.73,0.5,0.35032500000000005,0.30562741003020993
0.7349999999999999,0.5,0.34483125000000014,0.3045100969694775
0.7400000000000002,0.5,0.33929999999999977,0.3033892837563001
0.7450000000000001,0.5,0.3337312499999998,0.302265039210549
0.75,0.5,0.328125,0.30113743215480443
0.7549999999999999,0.5,0.32248125000000005,0.3000065314074768
0.7600000000000002,0.5,0.31679999999999975,0.2988724057759527
0.7650000000000001,0.5,0.31108124999999986,0.29773512404976943
0.77,0.5,0.305325,0.2965947549938157
0.7749999999999999,0.5,0.29953125000000014,0.29545136734156296
0.7800000000000002,0.5,0.29369999999999974,0.2943050297883251
0.7850000000000001,0.5,0.2878312499999998,0.29315581098455
0.79,0.5,0.2819249999999999,0.2920037795291414
0.7949999999999999,0.5,0.2759812500000001,0.2908490039628143
0.8000000000000003,0.5,0.2699999999999997,0.2896915527614827
0.8050000000000002,0.5,0.2639812499999998,0.2885314943296825
0.81,0.5,0.2579249999999999,0.2873688969940283
0.815,0.5,0.25183125000000006,0.286203828996707
0.8199999999999998,0.5,0.24570000000000017,0.28503635848900727
0.8250000000000002,0.5,0.2395312499999998,0.28386655352488727
0.8300000000000001,0.5,0.23332499999999995,0.28269448205458025
0.835,0.5,0.22708125,0.28152021191823895
0.8399999999999999,0.5,0.22080000000000016,0.2803438108396206
0.8450000000000002,0.5,0.21448124999999973,0.27916534641981194
0.8500000000000001,0.5,0.2081249999999999,0.2779848861309965
0.855,0.5,0.20173125000000006,0.27680249731026274
0.8599999999999999,0.5,0.19530000000000014,0.27561824715345673
0.8650000000000002,0.5,0.18883124999999973,0.2744322027090772
0.8700000000000001,0.5,0.18232499999999982,0.2732444308722162
0.875,0.5,0.17578125,0.2720549983785435
0.8799999999999999,0.5,0.1692000000000001,0.27086397179833804
0.8850000000000002,0.5,0.1625812499999997,0.2696714175305653
0.8900000000000001,0.5,0.1559249999999998,0.26847740179700236
0.895,0.5,0.14923125,0.26728199063641017
0.8999999999999999,0.5,0.14250000000000013,0.26608524989875487
0.9050000000000002,0.5,0.13573124999999966,0.2648872452394782
0.9100000000000001,0.5,0.1289249999999998,0.26368804211381813
0.915,0.5,0.12208124999999992,0.26248770577117886
0.9199999999999999,0.5,0.11520000000000014,0.26128630124955315
0.9250000000000003,0.5,0.10828124999999961,0.2600838933699956
0.9300000000000002,0.5,0.10132499999999975,0.25888054673114885
0.935,0.5,0.0943312499999999,0.2576763257038214
0.94,0.5,0.08730000000000004,0.25647129442562033
0.9449999999999998,0.5,0.0802312500000002,0.2552655167956374
0.9500000000000002,0.5,0.07312499999999977,0.25405905646918897
0.9550000000000001,0.5,0.06598124999999994,0.25285197685261257
0.96,0.5,0.05880000000000002,0.2516443410981171
0.9649999999999999,0.5,0.05158125000000019,0.25043621209869116
0.9700000000000002,0.5,0.0443249999999997,0.24922765248306586
0.9750000000000001,0.5,0.03703124999999988,0.2480187246107371
0.98,0.5,0.02970000000000006,0.24680949056704274
0.9849999999999999,0.5,0.022331250000000163,0.24560001215829985
0.9900000000000002,0.5,0.014924999999999689,0.24439035090699954
0.9950000000000001,0.5,0.0074812499999998006,0.24318056804706079
1.0,0.5,0.0,0.24197072451914337
1.005,0.0,0.0,0.24076088096602083
1.0100000000000002,0.0,0.0,0.23955109772801333
1.0150000000000001,0.0,0.0,0.23834143483848136
1.02,0.0,0.0,0.23713195201937962
1.025,0.0,0.0,0.23592270867687257
1.0300000000000002,0.0,0.0,0.23471376389701176
1.0350000000000001,0.0,0.0,0.2335051764414748
1.04,0.0,0.0,0.2322970047433662
1.045,0.0,0.0,0.23108930690308138
1.0500000000000003,0.0,0.0,0.22988214068423296
1.0550000000000002,0.0,0.0,0.22867556350964116
1.06,0.0,0.0,0.2274696324573859
1.065,0.0,0.0,0.22626440425692396
1.0699999999999998,0.0,0.0,0.2250599352852697
1.0750000000000002,0.0,0.0,0.22385628156323945
1.08,0.0,0.0,0.22265349875176116
1.085,0.0,0.0,0.22145164214824717
1.0899999999999999,0.0,0.0,0.22025076668303337
1.0950000000000002,0.0,0.0,0.21905092691588193
1.1,0.0,0.0,0.21785217703255055
1.105,0.0,0.0,0.21665457084142514
1.1099999999999999,0.0,0.0,0.21545816177021973
1.1150000000000002,0.0,0.0,0.21426300286274078
1.12,0.0,0.0,0.21306914677571784
1.125,0.0,0.0,0.21187664577569948
1.13,0.0,0.0,0.21068555173601533
1.1350000000000002,0.0,0.0,0.20949591613380414
1.1400000000000001,0.0,0.0,0.2083077900471083
1.145,0.0,0.0,0.20712122415203338
1.15,0.0,0.0,0.20593626871997478
1.1550000000000002,0.0,0.0,0.20475297361491035
1.1600000000000001,0.0,0.0,0.2035713882907594
1.165,0.0,0.0,0.20239156178880738
1.17,0.0,0.0,0.2012135427351974
1.1750000000000003,0.0,0.0,0.2000373793384877
1.1800000000000002,0.0,0.0,0.19886311938727586
1.185,0.0,0.0,0.1976908102478883
1.19,0.0,0.0,0.19652049886213654
1.1949999999999998,0.0,0.0,0.1953522317451398
1.2000000000000002,0.0,0.0,0.19418605498321292
1.205,0.0,0.0,0.19302201423182105
1.21,0.0,0.0,0.1918601547135994
1.2149999999999999,0.0,0.0,0.19070052121643938
1.2200000000000002,0.0,0.0,0.1895431580916402
1.225,0.0,0.0,0.18838810925212632
1.23,0.0,0.0,0.18723541817072956
1.2349999999999999,0.0,0.0,0.18608512787853726
1.2400000000000002,0.0,0.0,0.18493728096330525
1.245,0.0,0.0,0.18379191956793625
1.25,0.0,0.0,0.18264908538902191
1.255,0.0,0.0,0.18150881967545088
1.2600000000000002,0.0,0.0,0.18037116322708027
1.2650000000000001,0.0,0.0,0.1792361563934723
1.27,0.0,0.0,0.1781038390726936
1.275,0.0,0.0,0.17697425071017972
1.2800000000000002,0.0,0.0,0.1758474302976623
1.2850000000000001,0.0,0.0,0.17472341637216027
1.29,0.0,0.0,0.173602247015033
1.295,0.0,0.0,0.1724839598510975
1.3000000000000003,0.0,0.0,0.17136859204780733
1.3050000000000002,0.0,0.0,0.17025618031449452
1.31,0.0,0.0,0.1691467609016724
1.315,0.0,0.0,0.1680403696004011
1.3199999999999998,0.0,0.0,0.16693704174171387
1.3250000000000002,0.0,0.0,0.16583681219610472
1.33,0.0,0.0,0.1647397153730768
1.335,0.0,0.0,0.16364578522075088
1.3399999999999999,0.0,0.0,0.16255505522553418
1.3450000000000002,0.0,0.0,0.1614675584118487
1.35,0.0,0.0,0.1603833273419196
1.355,0.0,0.0,0.1593023941156212
1.3599999999999999,0.0,0.0,0.1582247903703831
1.3650000000000002,0.0,0.0,0.15715054728115338
1.37,0.0,0.0,0.15607969556042084
1.375,0.0,0.0,0.15501226545829322
1.38,0.0,0.0,0.15394828676263372
1.3850000000000002,0.0,0.0,0.15288778879925366
1.3900000000000001,0.0,0.0,0.15183080043216163
1.395,0.0,0.0,0.15077735006386792
1.4,0.0,0.0,0.14972746563574488
1.4050000000000002,0.0,0.0,0.14868117462844196
1.4100000000000001,0.0,0.0,0.1476385040623557
1.415,0.0,0.0,0.14659948049815277
1.42,0.0,0.0,0.1455641300373476
1.4250000000000003,0.0,0.0,0.14453247832293284
1.4300000000000002,0.0,0.0,0.1435045505400624
1.435,0.0,0.0,0.1424803714167865
1.44,0.0,0.0,0.1414599652248388
1.4449999999999998,0.0,0.0,0.14044335578047476
1.4500000000000002,0.0,0.0,0.13943056644536023
1.455,0.0,0.0,0.13842162012751114
1.46,0.0,0.0,0.13741653928228179
1.4649999999999999,0.0,0.0,0.1364153459134035
1.4700000000000002,0.0,0.0,0.13541806157407124
1.475,0.0,0.0,0.13442470736807907
1.48,0.0,0.0,0.13343530395100234
1.4849999999999999,0.0,0.0,0.13244987153142795
1.4900000000000002,0.0,0.0,0.13146842987223098
1.495,0.0,0.0,0.13049099829189736
1.5,0.0,0.0,0.12951759566589174
