t,value,split
0,-2.270403070820618,train
1,-1.7587395889663584,train
2,0.5734815708982687,train
3,1.369276709288923,train
4,2.6560151562646794,train
5,1.3383479731040064,train
6,-1.254220621893217,train
7,0.8895488447713478,train
8,2.6601541302382063,train
9,2.8502866083324623,train
10,3.2796435143394844,train
11,3.3886061691361005,train
12,1.1797008751829619,train
13,-2.5750267253712926,train
14,-2.7551466123451247,train
15,-0.1798908715596435,train
16,0.6704095398523552,train
17,0.01806940337299362,train
18,-0.09402494636616174,train
19,-0.5712139174968509,train
20,0.14973297941432728,train
21,-0.9666151488616215,train
22,-0.6454685529875148,train
23,-0.7980550594369517,train
24,0.039989491072637356,train
25,-0.12158599383977053,train
26,-0.18029825981189657,train
27,-0.31805569102735054,train
28,0.5366181513968306,train
29,-0.6399696447066228,train
30,-0.6009756627073856,train
31,0.33887694274605057,train
32,1.0681098336570356,train
33,0.508007727596442,train
34,-0.5244175462043581,train
35,-0.3580920127033289,train
36,0.11369413319280003,train
37,0.2964370230077146,train
38,0.1898422156933259,train
39,0.1696367676107347,train
40,-0.5541562583921498,train
41,-0.4706035626846556,train
42,-1.9164838134296969,train
43,-0.6883467488373649,train
44,1.5935986378540126,train
45,1.4163820624881789,train
46,0.19498745857534236,train
47,-1.908942835313592,train
48,0.9881254474665029,train
49,1.8911874652167753,train
50,1.4417286848296702,train
51,0.8575286451969294,train
52,0.7438903907526839,train
53,-1.2475895629990013,train
54,-0.33605690635121044,train
55,0.32021542344921194,train
56,0.4634112675328097,train
57,-0.4705540034168393,train
58,-1.149660427533231,train
59,0.6043581618852546,train
60,-1.4739418284521655,train
61,0.0147215738443085,train
62,-0.2341585766346147,train
63,-1.5772639555305585,train
64,-0.9252278613116686,train
65,-0.4412962301835576,train
66,-1.4132893212603423,train
67,-1.6715141794092814,train
68,0.7135986849560738,train
69,0.7458456526210346,train
70,1.4402768101397148,train
71,1.0322999763124139,train
72,0.8605068617205787,train
73,-0.6950035654469993,train
74,-0.5469945856760268,train
75,1.7836396639583552,train
76,2.466941664509289,train
77,1.7722003243993858,train
78,0.00956110578788627,train
79,-0.5097587216147765,train
80,-0.2408306837823021,train
81,1.5954901431632713,train
82,2.7028146211649084,train
83,2.6067777898711997,train
84,0.2203146749286921,train
85,0.7470025989694238,train
86,0.4969151338482146,train
87,1.5526134409603412,train
88,0.6005257144490538,train
89,-0.7698692456151042,train
90,-1.0573290404578228,train
91,-1.0832515664819429,train
92,-0.7211924128746545,train
93,-0.155836794726902,train
94,0.9515833701046492,train
95,1.2142013666091966,train
96,-1.5521877193317113,train
97,-1.3561586697606094,train
98,0.8801694180099054,train
99,0.2809879585910019,train
100,-0.9346123560559438,train
101,-1.4704996263068928,train
102,0.682208553638949,train
103,1.2314144637209279,train
104,0.28580771319098897,train
105,-0.36453695038230366,train
106,-0.7242745399825032,train
107,0.8453178721964331,train
108,2.6937068596556495,train
109,0.4624546425080275,train
110,-0.26332148499274555,train
111,-0.17846515621383413,train
112,-0.2190188065914094,train
113,0.5503173539066636,train
114,-0.08391537014091327,train
115,-0.7944856892126306,train
116,-0.6281547786085068,train
117,-2.2820274157781792,train
118,-1.48113894223507,train
119,0.5099944350914213,train
120,2.4162701088983454,train
121,-1.0130453161164035,train
122,-0.6489840086524908,train
123,-1.3707306225511766,train
124,0.8980803051567375,train
125,1.5655591189004743,train
126,0.333893013214257,train
127,-0.25863210013393567,train
128,-0.9242145579755534,train
129,-0.5999092535574325,train
130,0.10080825522832378,train
131,1.4369122466992534,train
132,-0.04673661504552307,train
133,1.279824121683295,train
134,2.5036467034841547,train
135,0.5096217611363083,train
136,0.46576740732835453,train
137,0.5021088431587271,train
138,-0.9227418590437942,train
139,0.5118246968725981,train
140,-0.5664566664288733,train
141,0.2197494675589653,train
142,0.0913366763759556,train
143,-0.02525242003079392,train
144,0.576249901455206,train
145,1.6626132777020808,train
146,-0.4724761525847695,train
147,-0.1617292338120303,train
148,-0.09942319530874909,train
149,-0.052740864120988495,train
150,0.14228368583638284,train
151,0.31276318205999687,train
152,-0.9631414301762696,train
153,1.0406852086671945,train
154,3.8381728409411022,train
155,4.303671060258075,train
156,1.9279040594366617,train
157,-2.4657918911204644,train
158,-2.5951765699621623,train
159,-1.5147174040879514,train
160,-0.31353638241257464,train
161,2.311227951193536,train
162,1.43964285586332,train
163,1.0327434904543946,train
164,1.2346065927457441,train
165,-1.1665914900530128,train
166,-1.2438894156666223,train
167,-1.0595754074138775,train
168,-1.4226416322038653,train
169,-0.5312156617410273,train
170,0.8861214600505984,train
171,1.3653925510131648,train
172,0.4185629101758737,train
173,-0.01951385348289497,train
174,0.640170122657718,train
175,1.581974650392902,train
176,0.8007290531487029,train
177,0.8819988538960633,train
178,-0.41298570805600554,train
179,-0.419823031409119,train
180,-2.528283708772088,train
181,-3.420975898924998,train
182,-0.9198596061853204,train
183,1.5875018832861874,train
184,0.4034412089854298,train
185,-0.5254393232561335,train
186,-1.6019420383292156,train
187,0.05597784309509424,train
188,1.4787728531444833,train
189,-0.24370206600268707,train
190,-1.0249469391613912,train
191,-0.3751383846383931,train
192,-0.4441357144181437,train
193,1.4051683732025542,train
194,1.2284855278674554,train
195,0.6628160185346874,train
196,1.0312855406940284,train
197,2.028850651290192,train
198,2.1313822037109307,train
199,1.1741446915839036,train
200,-1.993991835509139,train
201,-1.5569829995911928,train
202,-1.6697450795405793,train
203,-1.591472725644151,train
204,0.4489209698312926,train
205,0.35755873477235567,train
206,-1.5538752981918535,train
207,-0.5008380776711879,train
208,-0.7695045965955446,train
209,-1.2502429727611615,train
210,0.04862859195597902,train
211,-0.062489830660672596,train
212,-1.1788006732276486,train
213,-1.5986072679335106,train
214,0.042142247387000786,train
215,0.5684357266001019,train
216,-0.12049190113205654,train
217,0.4235285676705923,train
218,-0.6350552869887398,train
219,-1.1599843973260655,train
220,0.8112450693124882,train
221,0.9373651358275429,train
222,2.1889390731938554,train
223,0.8247814301794382,train
224,-0.12094835438671664,train
225,-0.5720273207716875,train
226,0.2729879599067025,train
227,-0.26765681995575813,train
228,-2.2190047108577136,train
229,-0.5802378374507761,train
230,3.349289400240688,train
231,2.2012076028262246,train
232,-0.2715137938503182,train
233,-0.8457998396492712,train
234,0.14048867463828352,train
235,0.48152109075664007,train
236,-0.4392996459716363,train
237,-1.2857330608204456,train
238,-2.0319640776750467,train
239,0.45050793246293586,train
240,0.7312843845462693,train
241,1.0743031865607,train
242,0.4463975489728985,train
243,-0.5558516236300284,train
244,-1.7041206104397313,train
245,-0.3713670463529335,train
246,0.830541882707502,train
247,0.9771452053098639,train
248,-1.7509005866888692,train
249,-2.3113902141864564,train
250,-1.2326044504285223,train
251,0.8941589908057621,train
252,-0.03176870753112615,train
253,-0.055269200598732526,train
254,-1.5729806691697366,train
255,-1.051828710532657,train
256,-0.4520025729007887,train
257,0.5021024371073692,train
258,1.543178720470289,train
259,2.7351015092103377,train
260,-0.9113242066132932,train
261,-1.615118900137955,train
262,1.3302924347813923,train
263,2.724130678866109,train
264,-0.0682738140088559,train
265,-0.8899077053941866,train
266,-0.45606519988679267,train
267,-0.6651746480951779,train
268,-1.3928881642264332,train
269,-0.6195064749158192,train
270,0.37680755087265205,train
271,-1.342266325461695,train
272,-1.697069534761315,train
273,-2.4680693577738557,train
274,-0.7759639420663815,train
275,0.27754087266146926,train
276,0.068775947540967,train
277,0.4113576985494607,train
278,-0.5753440706863335,train
279,0.15331259060952185,train
280,1.6259868840874787,train
281,2.038916662442925,train
282,1.3507993397426075,train
283,0.1317344998836956,train
284,-0.5832811085889699,train
285,0.6771699767015262,train
286,0.20693035541220423,train
287,-0.19644958307547689,train
288,0.7451526407812037,train
289,0.4314072935751916,train
290,0.33841459250912564,train
291,0.43423904803878344,train
292,-1.0097357858030285,train
293,-1.0593292328790087,train
294,-0.14438630102547134,train
295,0.26879423814857367,train
296,1.0975093242496228,train
297,0.21279886619362387,train
298,1.0000776980667285,train
299,0.9616012928721253,train
300,0.8241111472119569,train
301,-1.606320748902624,train
302,-1.6782139713374533,train
303,-0.417443037962148,train
304,0.9035026919530236,train
305,0.6587609188652358,train
306,-0.3262673053089232,train
307,-0.6186000193368039,train
308,-0.3507448058309885,train
309,0.43987381280405125,train
310,-0.4081438661337623,train
311,-0.41618328213274386,train
312,-1.0836364386755624,train
313,-0.9838779919168303,train
314,-0.862652494271173,train
315,1.0689100757316137,train
316,1.528135212107337,train
317,1.2670126151564918,train
318,1.5054272911465802,train
319,1.2009315412411983,train
320,1.4302716430379272,train
321,1.784290002048812,train
322,-1.7137890692955056,train
323,-2.5237185644370266,train
324,-0.8765288810527415,train
325,0.6605456492598364,train
326,2.1013248377832516,train
327,1.957554443419974,train
328,0.9408739664229318,train
329,0.4054432351804613,train
330,-0.8962695816484962,train
331,-1.5097473468740663,train
332,-0.4161934222558054,train
333,-1.03278261057843,train
334,-1.584777439113522,train
335,0.5052582545672,train
336,0.26553261476558265,train
337,0.1613971189825145,train
338,-1.1265801817148362,train
339,-1.653384755321833,train
340,-0.29955686707254486,train
341,0.23776652107829954,train
342,0.6492478152705157,train
343,0.7865020737435182,train
344,-0.3013797553122504,train
345,0.2200415640152385,train
346,2.1760035419073236,train
347,1.1886183959812835,train
348,-0.5143494536905611,train
349,-0.8664104255400036,train
350,-0.22042510341285992,train
351,0.3962823583576627,train
352,1.6531383822351509,train
353,1.7173393823989644,train
354,2.27161779294148,train
355,0.5557262122441404,train
356,0.5254543537427216,train
357,-0.23736790360977722,train
358,-0.08741570310886027,train
359,0.2133589929000154,train
360,0.2080652837160411,train
361,-1.144202986902769,train
362,-2.244621868831932,train
363,0.40331053484285573,train
364,0.5492723769455921,train
365,-0.9331833628891089,train
366,-0.5863300095790132,train
367,0.0036030362056838176,train
368,-1.6603663484837314,train
369,-1.3120998134230937,train
370,-1.0354677794389249,train
371,1.033746365656284,train
372,0.6670614783894266,train
373,-0.3389851496947283,train
374,-1.1639558102979548,train
375,-1.7277195815648407,train
376,-0.701582582417625,train
377,1.4532931349124223,train
378,0.7778396499215843,train
379,1.05533083080733,train
380,1.5720532659123008,train
381,-1.2240791339418813,train
382,1.3464934362930074,train
383,1.549635785770291,train
384,0.13330604086358255,train
385,-1.2660757521463573,train
386,-0.7877059649487296,train
387,1.794491601198639,train
388,3.1826119092123726,train
389,0.36639551064365306,train
390,-0.9445576616214624,train
391,-1.4813116219836666,train
392,-2.7164907486492527,train
393,0.37606881520071234,train
394,0.6698388543415789,train
395,0.6448077219266111,train
396,1.562515221180144,train
397,0.6641914810454596,train
398,-0.30927758625924207,train
399,0.12843518958986433,train
400,-1.9815064873005588,train
401,-2.5828462482030856,train
402,-0.17383203095465138,train
403,1.5151876874045584,train
404,-0.6512584652093597,train
405,-2.660705011747135,train
406,-1.0519224941913485,train
407,1.2175574425906304,train
408,2.489101377934893,train
409,0.3750271352952834,train
410,-1.536819708551397,train
411,0.17699132057518763,train
412,-0.37436938886596394,train
413,-0.34148788495298044,train
414,1.002996240983553,train
415,-0.35264377321711293,train
416,-1.010883927274481,train
417,-0.26148772794683506,train
418,0.332385622627854,train
419,1.5370551058092876,train
420,0.08930132723889306,train
421,-0.3919146566016387,train
422,1.6452508074438066,train
423,2.5843080480332796,train
424,1.0791809225982316,train
425,-0.2109020553614297,train
426,0.2097644241760278,train
427,-0.5688272230721475,train
428,-2.308602939520204,train
429,-0.9214528989129942,train
430,0.7638405982613984,train
431,1.3719867969292885,train
432,0.6441066247439724,train
433,-1.3186670286807907,train
434,-2.9161981622900486,train
435,0.6021734492321036,train
436,0.9852975370091721,train
437,-0.6189422379539014,train
438,-0.22341300821304544,train
439,0.15463310383612378,train
440,1.2156675523446157,train
441,-0.4732482875354147,train
442,-0.669056319002194,train
443,-0.6410691831612034,train
444,-0.5234510303891783,train
445,-0.4676118314993625,train
446,0.6300882864095404,train
447,-1.6702533600052183,train
448,-1.8518821628473892,train
449,0.10074141592040803,train
450,1.2617939396611293,train
451,1.1868423697408352,train
452,1.1132938401048442,train
453,-0.021886428817941922,train
454,0.1658415213419666,train
455,2.2660340338384506,train
456,-0.7701218584892406,train
457,-0.8058931883655259,train
458,-0.035660145401839344,train
459,0.6782513251550577,train
460,0.08706939448802303,train
461,-0.2776154778340497,train
462,-0.7775500337611054,train
463,1.6451042707865595,train
464,1.7754199997563125,train
465,0.43763914298224954,train
466,-1.3276231080122523,train
467,-1.4414177737920648,train
468,-1.7276046274562586,train
469,0.8281544803823184,train
470,1.6253201661195154,train
471,1.1304038257651445,train
472,0.652961622760142,train
473,1.0995929823389252,train
474,0.5383998566574697,train
475,1.6101383505110665,train
476,-0.3047610923478875,train
477,-1.5604933095824864,train
478,-0.34397191066693866,train
479,0.38441519520788764,train
480,1.2756679783259675,train
481,-0.025147138324628115,train
482,-0.027043103697166504,train
483,0.26152527879960324,train
484,-1.3156184078721207,train
485,-1.8949487754434047,train
486,-0.9962240941495535,train
487,-0.860815743992968,train
488,-0.6888901176363917,train
489,1.1130740065668032,train
490,0.9851157355750001,train
491,-0.9845905398061278,train
492,-0.15449139690034153,train
493,0.7600638553802547,train
494,-0.6106939342303196,train
495,-0.7488288506460592,train
496,0.2916412238922433,train
497,1.7179748467681701,train
498,-0.2061704553760616,train
499,0.49707198917863027,train
500,0.7515552913432231,train
501,-0.8791498434517371,train
502,0.38396886213373815,train
503,0.9905012668860014,train
504,-1.4181267249285678,train
505,-1.956394904088761,train
506,-2.605546873682279,train
507,0.015677778063606262,train
508,3.4087271335717118,train
509,2.000399756740016,train
510,-1.2968800847708941,train
511,-2.638581714628154,train
512,-0.702266167165893,train
513,-0.39841730239229456,train
514,-0.8320694217963263,train
515,-0.07098623843407809,train
516,-0.5681742065418368,train
517,0.4548264338835218,train
518,-0.04988206190814615,train
519,-0.06221124480228546,train
520,1.747626950122411,train
521,1.9787265448659261,train
522,0.5032101028969945,train
523,-0.563811153839874,train
524,-1.5673474999605772,train
525,-0.277084725095188,train
526,1.3391489185971095,train
527,0.4432339226745952,train
528,1.615916734699107,train
529,2.199930444075708,train
530,-0.3069835511929049,train
531,-0.5430841713549627,train
532,-0.467026175542671,train
533,-2.3273126739107695,train
534,-0.9943059529095133,train
535,0.8695540596828071,train
536,0.2517377017839486,train
537,-0.5396640313488842,train
538,0.9352317539206798,train
539,1.6981359102985296,train
540,0.9079919663892654,train
541,-1.241088279139673,train
542,-0.8942780154218973,train
543,1.0275972355642158,train
544,3.3038999605680064,train
545,0.8347806906849216,train
546,-1.4734865153505163,train
547,-1.1531297031376313,train
548,-1.3537474596073593,train
549,0.36006272547335,train
550,-0.5743355392725769,train
551,0.23981044070771623,train
552,0.22302487472884472,train
553,-1.1182418064539734,train
554,-0.8209801251768005,train
555,-0.47627799621089195,train
556,0.08125615683529999,train
557,-0.4678356864334748,train
558,-0.2150233265903881,train
559,-0.3178588535622721,train
560,-0.7176367148544093,train
561,0.12295805511694885,train
562,0.4567833990134646,train
563,0.12185398175013772,train
564,1.519905862768026,train
565,1.2212727414769016,train
566,-0.47661971603887004,train
567,0.10684910057104824,train
568,-1.4559495420119777,train
569,-0.009196680856193407,train
570,0.9845831787128679,train
571,4.9931108631236105,train
572,2.4229528522804493,train
573,-1.195241611643129,train
574,-2.3709299382871727,train
575,0.07294907700645248,train
576,1.3052043298798401,train
577,0.22660360866437046,train
578,0.6931903085210523,train
579,-0.665193819313213,train
580,-1.611299011126837,train
581,-0.4058861364302726,train
582,0.8661215879619465,train
583,1.855476402687746,train
584,1.001367900879582,train
585,0.9232034043373749,train
586,1.8314635670361787,train
587,-0.20858853847783665,train
588,-3.129482343998797,train
589,-2.172801726694944,train
590,0.6569389576610869,train
591,2.274021669583291,train
592,1.930156153464352,train
593,1.3967600977437313,train
594,0.30007915742242125,train
595,0.6220985393012906,train
596,-0.960115198337363,train
597,0.6291488242766093,train
598,1.828299790712844,train
599,0.6046178102732009,train
600,-0.5700238512881446,train
601,0.5142002391163849,train
602,0.7450030041661557,train
603,0.7910834108461458,train
604,-0.34512475549318367,train
605,0.44723107035025855,train
606,1.2436891892013635,train
607,0.8770000711268267,train
608,-0.010525506878831074,train
609,-1.0067843555903493,train
610,-1.2254241192874282,train
611,0.4121331799856309,train
612,1.0736756363384432,train
613,-0.6443472293207027,train
614,-0.4390782595058488,train
615,-1.258552236016056,train
616,-0.8466121350281866,train
617,0.6394159507380283,train
618,0.5671802824565182,train
619,0.6929842222728351,train
620,-0.6077497960087278,train
621,-1.6804670146295617,train
622,-0.6249370309860903,train
623,1.3546172515818307,train
624,1.7376052197472145,train
625,-0.44675895734648363,train
626,-0.05631388460889275,train
627,0.48156081465569317,train
628,1.5335013215853897,train
629,0.9906711430525852,train
630,-0.4248825556705618,train
631,-0.5711564041006242,train
632,0.7796142078076469,train
633,-0.2295990729721784,train
634,-0.18992499678973856,train
635,1.8973524505016626,train
636,0.7540789556355918,train
637,-0.5500546512887096,train
638,-1.446060371746697,train
639,-0.9426992192057178,train
640,0.5934641284483839,train
641,0.7173606996628,train
642,0.18668020020527543,train
643,1.6501297953832503,train
644,1.126317865137611,train
645,-0.1510442347715826,train
646,-0.2034952014974843,train
647,-0.5408704982562527,train
648,-1.1284416059038473,train
649,-0.19534850855620806,train
650,-0.22922763362281284,train
651,-0.010402067583195694,train
652,1.0806509663612838,train
653,0.6234643027360219,train
654,-0.355710780284892,train
655,-1.5656857022591433,train
656,-1.4389977627450925,train
657,0.5414180925480575,train
658,-0.30204494662727266,train
659,-1.34069561825497,train
660,-0.05303017249371589,train
661,-0.03981607148804034,train
662,-0.9626834442314243,train
663,-0.862997778929494,train
664,2.2835314399756044,train
665,1.3655595214314724,train
666,-0.26901371516492834,train
667,-2.3075905136981687,train
668,0.154859226735645,train
669,1.008908150089314,train
670,1.618171792408428,train
671,0.11554246030206866,train
672,-0.05403610887853194,train
673,-0.37496613446804206,train
674,-2.118716940080956,train
675,-1.0203249088051671,train
676,1.4341983949872783,train
677,1.002418192936938,train
678,0.3219185805622803,train
679,-1.3355209442944358,train
680,-0.22600790849276275,train
681,-0.8554409150390861,train
682,-3.117254171569959,train
683,-3.009942973694982,train
684,0.5084267992139606,train
685,-0.15982154420089878,train
686,-0.173182989989586,train
687,1.6566793969530695,train
688,-0.04143431021985888,train
689,-0.332717297366476,train
690,2.1256666507726707,train
691,2.6361985966094026,train
692,2.1330074560864305,train
693,1.8180983391293764,train
694,-0.5805680009028436,train
695,-0.8312021344535678,train
696,-0.4385786997107687,train
697,0.23338241254988742,train
698,0.7005070266905526,train
699,0.08273912718904025,train
700,-0.7010885685653341,train
701,0.9740253114098593,train
702,1.0634151360778588,train
703,1.1381614342573274,train
704,0.02931048034151268,train
705,-0.8370610803937573,train
706,0.053551713753259844,train
707,-0.9548709012171149,train
708,-1.6765542844034325,train
709,-1.487329861630056,train
710,-2.081181061998527,train
711,0.04821105696147021,train
712,1.5023645337215554,train
713,1.1125214357464652,train
714,0.7038580154990153,train
715,-0.8278757882927023,train
716,-0.3609882915083323,train
717,1.8246875377140461,train
718,0.38592366155613733,train
719,-1.0712204201941429,train
720,-1.7921744523909373,train
721,-2.181968273216306,train
722,-1.1493364172016403,train
723,0.2834354973947516,train
724,1.158101300089792,train
725,0.817191525522901,train
726,0.39638766126810365,train
727,0.5425335449854964,train
728,0.6853835066319128,train
729,-1.6993085000116737,train
730,-2.0226704536971543,train
731,0.952044281195975,train
732,0.2092263670197554,train
733,-0.24938628008787414,train
734,-1.1399436874456086,train
735,-1.3756875436209004,train
736,-1.1458239054863433,train
737,-1.409807296321809,train
738,-0.7202883187470024,train
739,0.6552828903483611,train
740,-0.6645719879358413,train
741,0.976658711026968,train
742,0.05546732189264225,train
743,-0.012018458686056666,train
744,-0.5039788439848231,train
745,0.7747961703878162,train
746,0.9246432528076505,train
747,1.4240910761005336,train
748,1.1022956588122452,train
749,0.622210374762976,train
750,0.1733177110812149,train
751,-0.4581046397903352,train
752,-0.4895175353067708,train
753,-0.10085724102393545,train
754,-0.6395442686055676,train
755,1.2246683140795356,train
756,2.8197449982081384,train
757,0.6242312212395317,train
758,-0.5850229392088032,train
759,-1.8510777922555892,train
760,-1.6450246075337613,train
761,0.5479842154831398,train
762,1.0661187641309273,train
763,0.031518697518446104,train
764,1.1587634377624452,train
765,0.20228617379217223,train
766,-0.5302401482603687,train
767,0.2384298080114891,train
768,0.979645546083238,train
769,0.2280905749757523,train
770,1.1428341219260787,train
771,2.1617052222109217,train
772,2.139159070454897,train
773,0.6177757057583602,train
774,-2.147493428037545,train
775,-1.9885574764933363,train
776,-0.8505162740652777,train
777,-0.7224088995375475,train
778,0.22014735318821638,train
779,-1.0602222128012502,train
780,-2.8405401547346685,train
781,0.052274870524161354,train
782,0.6129611166915125,train
783,0.9928091190818766,train
784,-0.838313718638348,train
785,0.2600264820117214,train
786,0.0182414470962039,train
787,-1.0473037375615115,train
788,0.28120176172739186,train
789,0.04773510780101331,train
790,-0.6082233990784662,train
791,-0.03632323284891381,train
792,-2.0385455211885013,train
793,-2.3495728843677965,train
794,-1.8479073660008858,train
795,-0.32302774408656654,train
796,1.6384803625891928,train
797,0.12108264927812218,train
798,-1.7670130077646955,train
799,0.03260346904581635,train
800,3.0019554481612776,train
801,0.43093828007040047,train
802,-1.9477308503140232,train
803,-2.917167516632117,train
804,-1.3640435458002511,train
805,-0.17115087300425913,train
806,-0.21398957072529023,train
807,0.4299258009574181,train
808,1.2987832290418178,train
809,-0.08054884682326424,train
810,-0.7786602116232703,train
811,-0.840312984025049,train
812,1.7795985081595904,train
813,2.0132072052959153,train
814,-0.16606573998187002,train
815,-2.6410185990536172,train
816,-1.7641422340557116,train
817,-0.16953134474245327,train
818,0.969129811088578,train
819,0.47951167916617654,train
820,-0.8106232019885976,train
821,-1.255608032947183,train
822,-0.6113114836403583,train
823,0.6013689252633084,train
824,-0.11442460683960531,train
825,0.6815969535766757,train
826,-0.10699942164083076,train
827,-0.05505294000912486,train
828,0.7368900129154655,train
829,2.566975501369521,train
830,2.179220679123294,train
831,0.04934918719435252,train
832,-1.5596095904929475,train
833,-1.3167387148458032,train
834,0.16910533481654463,train
835,-0.9424429304915607,train
836,0.07006981410550928,train
837,-1.139316998785072,train
838,-0.7080631186680729,train
839,0.06662592775567458,train
840,1.2985267204745177,train
841,-0.9205945864239429,train
842,-0.46107916864730925,train
843,0.47323961445354973,train
844,1.3255704906084191,train
845,0.482399154093909,train
846,-2.1526627551303155,train
847,-0.8055215752118744,train
848,-0.15980390582469928,train
849,1.9145668093964214,train
850,3.4526518673691995,train
851,2.966796490255547,train
852,0.923118447374095,train
853,-0.5650900545466163,train
854,-1.229990887184221,train
855,-0.01866692883555393,train
856,-2.2359693439578177,train
857,-1.129898054230964,train
858,-0.28328782644902084,train
859,0.1782134666022206,train
860,-0.9758103050618909,train
861,-1.8891272369174024,train
862,-0.13733663416449648,train
863,2.0480798431054072,train
864,1.36959082077012,train
865,-1.6307788202417781,train
866,-1.562934553660442,train
867,-1.3369229142847092,train
868,-0.6807818399603274,train
869,-0.38810642403501505,train
870,-1.1711830377556385,train
871,-1.3301323515597536,train
872,0.926191339470217,train
873,1.9086584053735622,train
874,0.9845391721182937,train
875,-0.9572603784211069,train
876,-2.5190009113939222,train
877,-1.140240714297628,train
878,-0.2664191143035515,train
879,0.612010919574219,train
880,0.44844800933161005,train
881,-0.13746815064518597,train
882,-0.9459234760290899,train
883,-0.6702885669928852,train
884,0.23296810596726406,train
885,1.5681016452403944,train
886,-0.9805113126818494,train
887,-1.9611320087411332,train
888,-1.4491648839375757,train
889,-1.8928400880864629,train
890,0.5070276914251604,train
891,1.4920527389056106,train
892,0.2795430319415013,train
893,-0.22343803327032363,train
894,-0.1881798864916035,train
895,-1.432669694975734,train
896,-0.6098797679812827,train
897,1.793161255335237,train
898,1.809670225205544,train
899,0.4158989321648205,train
900,-1.3899757598767697,train
901,-0.3017975483087212,train
902,0.7333708738772013,train
903,-0.5882833387679223,train
904,-1.4160331624297315,train
905,-1.0511526609250115,train
906,-1.8732861801010452,train
907,-0.030817971054630577,train
908,0.030389011678230937,train
909,-1.4027110844435293,train
910,-2.042792976537412,train
911,-0.7576201708872912,train
912,0.3732354230080676,train
913,-0.6756796939319409,train
914,-1.9528669760165542,train
915,-0.43934901095488765,train
916,0.16896463730703093,train
917,0.0373121055226425,train
918,1.237885261748478,train
919,-2.1612706433893534,train
920,-2.2183583667930926,train
921,-0.738129863617246,train
922,-0.4426274729861363,train
923,1.2829174148273714,train
924,1.3068656256832711,train
925,0.8021711178272,train
926,1.9644808555832907,train
927,3.118238425950164,train
928,0.4488473923850732,train
929,-2.4472478475626906,train
930,-0.9614054446444611,train
931,1.3742708072242515,train
932,-0.8351373437979674,train
933,-0.7927486850915257,train
934,-0.37309079353133356,train
935,0.6201035455165743,train
936,0.7825806992475279,train
937,2.3147760048120576,train
938,0.2439375561796182,train
939,0.0655454818440403,train
940,-1.1570374146206273,train
941,-1.1523047541691707,train
942,-0.6356744266028074,train
943,-0.5098169978165735,train
944,0.05980682961685463,train
945,0.8668293188495232,train
946,0.7148362892086261,train
947,1.1340679568072864,train
948,0.5944523342413458,train
949,-1.7256410402966547,train
950,-0.7757428583010719,train
951,-0.6389348779050043,train
952,-0.5974494571923612,train
953,0.8128904811361507,train
954,1.3968572326367603,train
955,0.5919767330697291,train
956,-0.9233378415434976,train
957,-1.9583900694869993,train
958,-1.1916922213314232,train
959,-2.294358343297094,train
960,-1.319890361895352,train
961,0.3944832334485439,train
962,-0.05811881405077379,train
963,-1.5762779601979573,train
964,-1.5476914344042532,train
965,1.1486577568245981,train
966,0.8163061022081359,train
967,-0.6564529807458452,train
968,-0.799705468829234,train
969,-0.5138097060472872,train
970,2.0326869455515473,train
971,1.283334920611773,train
972,-0.27183390247735195,train
973,1.3994523348894954,train
974,1.553058217654831,train
975,0.5740628981123734,train
976,0.6114503156680862,train
977,0.012158191205221075,train
978,-0.5744181909893854,train
979,-1.447588943496617,train
980,-1.5724177709875486,train
981,-2.0073019077396075,train
982,-2.2252077863176707,train
983,-0.700834245432147,train
984,-0.12471738494565743,train
985,0.5042886333713414,train
986,0.6387456638186841,train
987,-0.38397701599462086,train
988,0.4270642706451249,train
989,-0.3476567002871153,train
990,-2.1809417825930404,train
991,-2.20993926739088,train
992,-0.3089736111638902,train
993,-2.409585446526764,train
994,-0.6115241723556571,train
995,-0.43197417362405144,train
996,-1.4043020389228065,train
997,0.48445358892597534,train
998,1.4133633620863728,train
999,1.1240021724945306,train
1000,1.4249823892768498,test
1001,0.7343079802844388,test
1002,-0.8085516643021439,test
1003,-2.6026962443996755,test
1004,-2.089571322395763,test
1005,-1.6235634721670835,test
1006,-0.9993559601243805,test
1007,0.5381324251443331,test
1008,0.42943961883962417,test
1009,-1.518966597218132,test
1010,-1.8850303636637644,test
1011,-0.6356124971807943,test
1012,-1.7517813952291246,test
1013,-0.8215942333333834,test
1014,2.023934968264557,test
1015,0.7078529274300545,test
1016,-0.5790400502062175,test
1017,0.3744385030697479,test
1018,0.36470725326296005,test
1019,-2.548961275892954,test
1020,-0.7462653455335099,test
1021,1.4190521010326302,test
1022,0.26735887372306,test
1023,-1.0852772226515919,test
1024,-0.13938819948307468,test
1025,0.11034075274771157,test
1026,-0.2281031813507268,test
1027,-0.7259647595297638,test
1028,-0.686881903386781,test
1029,-0.5076918950698592,test
1030,0.15119624931228248,test
1031,-0.6282356791059704,test
1032,-0.3466620277984096,test
1033,-0.03374796444676258,test
1034,1.0868111882992595,test
1035,-0.11523163184242391,test
1036,-0.6334369092737647,test
1037,-1.2786150748221399,test
1038,-2.2192445649507837,test
1039,0.32049780117553484,test
1040,0.8780967614565077,test
1041,1.4447707664346572,test
1042,0.45035218800091525,test
1043,-0.9610716687390561,test
1044,0.04023366043146359,test
1045,0.1393820706642318,test
1046,-0.0558539135675345,test
1047,-0.31662445563380814,test
1048,1.256418308205008,test
1049,1.5175870450376807,test
1050,-1.662286116743117,test
1051,0.8610750998730732,test
1052,1.463070333224425,test
1053,0.7775711655640444,test
1054,-0.2788948385324607,test
1055,-1.5865466727516442,test
1056,-1.0070718355290842,test
1057,0.6087769046182901,test
1058,1.3800134940844417,test
1059,1.19261497078834,test
1060,0.7032049999460854,test
1061,-0.5432785579400421,test
1062,0.9452817039751648,test
1063,1.5964811747428382,test
1064,-0.32559728844939717,test
1065,0.7183545495759962,test
1066,-2.4833495282426483,test
1067,-1.277326264557328,test
1068,-0.031317472165799304,test
1069,0.040418656377623596,test
1070,-0.97529261791123,test
1071,-1.412400661876399,test
1072,-0.49905938532658883,test
1073,1.834298940402634,test
1074,1.2451128600645371,test
1075,-0.5776035622364276,test
1076,-0.6708174869644694,test
1077,-2.080365021565677,test
1078,0.7840824539094254,test
1079,1.0682823700722788,test
1080,-0.8615092753231359,test
1081,-0.42297350916252285,test
1082,-0.24343636980154162,test
1083,0.7400649060759567,test
1084,1.8661392265345054,test
1085,0.3277558129078018,test
1086,-1.5771099531657506,test
1087,-2.4596618001716144,test
1088,-1.410098819919824,test
1089,0.5211051943788445,test
1090,1.3515129902053638,test
1091,-1.119580776134769,test
1092,-1.5481410487995109,test
1093,-1.775470583174207,test
1094,1.3903915556087556,test
1095,0.6435475886654214,test
1096,-1.0309384615709116,test
1097,-0.8324208867787943,test
1098,0.2726341850090206,test
1099,0.36528805573159895,test
1100,0.4053652311290591,test
1101,-0.37407036844846364,test
1102,-0.7609399510635904,test
1103,-0.07173943219419657,test
1104,-0.1463660984978274,test
1105,-1.25724832261523,test
1106,-0.03167611416147764,test
1107,1.1786806071123115,test
1108,-0.5000902417503885,test
1109,-1.2857704886662453,test
1110,-1.4356342674991494,test
1111,2.0250003549344617,test
1112,4.176352714920171,test
1113,2.8515566906625094,test
1114,1.0954181310679922,test
1115,0.08075157373321418,test
1116,0.07882389311133903,test
1117,-0.43441337877487496,test
1118,0.4960397045593425,test
1119,-0.13607031768326006,test
1120,-0.6087271568887995,test
1121,-0.9064594565125961,test
1122,0.2060535118218752,test
1123,0.7326693927062625,test
1124,-1.3895951778453977,test
1125,-0.8164145150281046,test
1126,-0.12739116084394375,test
1127,1.4799716976970188,test
1128,0.42145488137756193,test
1129,-2.5032064583491294,test
1130,-1.4936925276538375,test
1131,1.663673735790936,test
1132,1.3665321804435788,test
1133,-0.30764734395909166,test
1134,-1.062836778456477,test
1135,-2.3802721082749376,test
1136,-3.544334110559264,test
1137,-0.2477938800426327,test
1138,1.8562972689379071,test
1139,2.0564499647796506,test
1140,-0.4667565437393714,test
1141,-2.109866985817403,test
1142,-1.259895737940703,test
1143,0.8845448797190585,test
1144,1.5170041376988475,test
1145,0.3956763255622252,test
1146,1.2432228596952473,test
1147,1.3363425851563593,test
1148,0.5937430066910829,test
1149,-0.7832255852534392,test
1150,-0.7379231820862322,test
1151,0.6033012338482244,test
1152,-0.862163145316911,test
1153,-1.205593393195039,test
1154,-0.8331210656673296,test
1155,0.045632235923780864,test
1156,-0.6022337723610831,test
1157,-0.8547580304984697,test
1158,-0.31835826321865607,test
1159,0.40015404534076116,test
1160,-0.5786001640815241,test
1161,-0.14123806164361802,test
1162,-0.49530430645285806,test
1163,-1.3105228587576445,test
1164,-2.5864444153015245,test
1165,-0.35138540533876683,test
1166,0.39299586835183425,test
1167,0.45591050084850465,test
1168,0.9856468807483186,test
1169,1.7445961018600173,test
1170,1.8848713452010106,test
1171,-1.9375143137551327,test
1172,-3.0520662175658435,test
1173,-0.15023687806686736,test
1174,2.0043785070014133,test
1175,0.7623455066468913,test
1176,0.16928196236628185,test
1177,-0.062147675954390136,test
1178,-1.311789629010007,test
1179,-0.3980122174448182,test
1180,0.5840095617978158,test
1181,1.1775667821572051,test
1182,2.0635414365503544,test
1183,0.7917287688653664,test
1184,-0.1664064914181909,test
1185,-0.12702825319696848,test
1186,-0.90354987951639,test
1187,-0.1597768976935286,test
1188,1.261060657945746,test
1189,0.3294933221699517,test
1190,1.1931254344396922,test
1191,0.9195691825733268,test
1192,-0.48252870077089577,test
1193,-0.7331690448235855,test
1194,-0.6630172505885208,test
1195,-0.6638285064436058,test
1196,-0.7717051407364426,test
1197,-0.6605465270583397,test
1198,1.8160161027943817,test
1199,1.2356067820554208,test
